"p1","p2","p3","loglik","delta_loglik","relative_likelihood","gradient_norm","max_abs_gradient","boundary_distance","l1_distance_from_observed","l2_distance_from_observed"
0.91304347826087,0.0434782608695652,0.0434782608695652,-88200.430933572,-88030.1516942983,0,692500.589081248,489138.216293234,0.0434782608695652,1.15509327879847,0.707363374847658
0.869565217391304,0.0869565217391304,0.0434782608695652,-73322.3523027116,-73152.0730634378,0,606839.170218673,485081.977556928,0.0434782608695652,1.06813675705934,0.65461296276806
0.826086956521739,0.130434782608696,0.0434782608695652,-62707.5432943439,-62537.2640550701,0,569177.980390265,485081.977556928,0.0434782608695652,0.981180235320206,0.603518644819739
0.782608695652174,0.173913043478261,0.0434782608695652,-54661.697406835,-54491.4181675613,0,548405.775631267,485081.977556928,0.0434782608695652,0.894223713581076,0.554538380041543
0.739130434782609,0.217391304347826,0.0434782608695652,-48422.1145137353,-48251.8352744615,0,535654.38474785,485081.977556928,0.0434782608695652,0.807267191841945,0.508283692347208
0.695652173913043,0.260869565217391,0.0434782608695652,-43567.6243881872,-43397.3451489134,0,527355.116727576,485081.977556928,0.0434782608695652,0.720310670102815,0.465567659471844
0.652173913043478,0.304347826086957,0.0434782608695652,-39841.0735007604,-39670.7942614866,0,521800.365057552,485081.977556928,0.0434782608695652,0.633354148363685,0.42745247204694
0.608695652173913,0.347826086956522,0.0434782608695652,-37077.2987678651,-36907.0195285913,0,518085.675218034,485081.977556928,0.0434782608695652,0.570799335664309,0.395271328134176
0.565217391304348,0.391304347826087,0.0434782608695652,-35168.8238887442,-34998.5446494705,0,515704.770099803,485081.977556928,0.0434782608695652,0.570799335664309,0.370573429300914
0.521739130434783,0.434782608695652,0.0434782608695652,-34047.9845787798,-33877.705339506,0,514372.67338472,485081.977556928,0.0434782608695652,0.570799335664309,0.354924424118278
0.478260869565217,0.478260869565217,0.0434782608695652,-33677.338230268,-33507.0589909942,0,513943.01688422,485081.977556928,0.0434782608695652,0.570799335664309,0.349541791264666
0.434782608695652,0.521739130434783,0.0434782608695652,-34044.8829796409,-33874.6037403671,0,514370.594750208,485081.977556928,0.0434782608695652,0.570799335664309,0.354892966284623
0.391304347826087,0.565217391304348,0.0434782608695652,-35162.6028492408,-34992.323609967,0,515700.520544864,485081.977556928,0.0434782608695652,0.570799335664309,0.37051316828023
0.347826086956522,0.608695652173913,0.0434782608695652,-37067.921982004,-36897.6427427302,0,518079.059618814,485081.977556928,0.0434782608695652,0.570799335664309,0.395186582379485
0.304347826086957,0.652173913043478,0.0434782608695652,-39828.4848951771,-39658.2056559033,0,521791.061996752,485081.977556928,0.0434782608695652,0.633097361213668,0.427347983017901
0.260869565217391,0.695652173913043,0.0434782608695652,-43551.7460200227,-43381.4667807489,0,527342.636530733,485081.977556928,0.0434782608695652,0.720053882952798,0.465447740309401
0.217391304347826,0.739130434782609,0.0434782608695652,-48402.8434619539,-48232.5642226802,0,535637.997777765,485081.977556928,0.0434782608695652,0.807010404691929,0.508151882808432
0.173913043478261,0.782608695652174,0.0434782608695652,-54638.9013231782,-54468.6220839045,0,548384.38836281,485081.977556928,0.0434782608695652,0.893966926431059,0.554397429392804
0.130434782608696,0.826086956521739,0.0434782608695652,-62681.0540811148,-62510.7748418411,0,569149.911205669,485081.977556928,0.0434782608695652,0.98092344817019,0.603370632452319
0.0869565217391304,0.869565217391304,0.0434782608695652,-73291.9570541718,-73121.6778148981,0,606801.706560563,485081.977556928,0.0434782608695652,1.06787996990932,0.654459446541527
0.0434782608695652,0.91304347826087,0.0434782608695652,-88165.8586994264,-87995.5794601527,0,692448.92094413,489061.706628111,0.0434782608695652,1.15483649164845,0.70720552239214
0.869565217391304,0.0434782608695652,0.0869565217391304,-73489.230815405,-73318.9515761313,0,607965.62585126,489138.216293234,0.0434782608695652,1.06813675705934,0.655060953719487
0.826086956521739,0.0869565217391304,0.0869565217391304,-58747.9829920996,-58577.7037528259,0,508309.715274109,357096.157102173,0.0869565217391304,0.981180235320206,0.600866672709076
0.782608695652174,0.130434782608696,0.0869565217391304,-48282.6109564732,-48112.3317171994,0,462774.239029132,353460.633499941,0.0869565217391304,0.894223713581076,0.548213553581118
0.739130434782609,0.173913043478261,0.0869565217391304,-40400.6548222329,-40230.3755829592,0,437071.278860562,353460.633499941,0.0869565217391304,0.807267191841945,0.497591076045949
0.695652173913043,0.217391304347826,0.0869565217391304,-34341.6448123574,-34171.3655730836,0,421084.908417451,353460.633499941,0.0869565217391304,0.720310670102815,0.449685550428366
0.652173913043478,0.260869565217391,0.0869565217391304,-29687.13126828,-29516.8520290062,0,410631.902133942,353460.633499941,0.0869565217391304,0.633354148363685,0.405461152566465
0.608695652173913,0.304347826086957,0.0869565217391304,-26183.3159837419,-26013.0367444681,0,403670.736398582,353460.633499941,0.0869565217391304,0.546397626624554,0.366253784813152
0.565217391304348,0.347826086956522,0.0869565217391304,-23669.2256485263,-23498.9464092526,0,399108.595244728,353460.633499941,0.0869565217391304,0.483842813925178,0.333835828233517
0.521739130434783,0.391304347826087,0.0869565217391304,-22042.6896819033,-21872.4104426296,0,396336.142524213,353460.633499941,0.0869565217391304,0.483842813925178,0.310342266228315
0.478260869565217,0.434782608695652,0.0869565217391304,-21242.8714623584,-21072.5922230846,0,395022.489222487,353460.633499941,0.0869565217391304,0.483842813925178,0.29789212959738
0.434782608695652,0.478260869565217,0.0869565217391304,-21241.2792173759,-21070.9999781022,0,395021.008162891,353460.633499941,0.0869565217391304,0.483842813925178,0.297873389575782
0.391304347826087,0.521739130434783,0.0869565217391304,-22037.9033107858,-21867.624071512,0,396331.636095294,353460.633499941,0.0869565217391304,0.483842813925178,0.3102882985735
0.347826086956522,0.565217391304348,0.0869565217391304,-23661.2158892904,-23490.9366500167,0,399100.867207185,353460.633499941,0.0869565217391304,0.483842813925178,0.333752208859922
0.304347826086957,0.608695652173913,0.0869565217391304,-26172.0328552148,-26001.753615941,0,403659.436876465,353460.633499941,0.0869565217391304,0.546140839474537,0.366147077387058
0.260869565217391,0.652173913043478,0.0869565217391304,-29672.5021320942,-29502.2228928205,0,410616.488938561,353460.633499941,0.0869565217391304,0.633097361213668,0.405337222954245
0.217391304347826,0.695652173913043,0.0869565217391304,-34323.5713944726,-34153.2921551989,0,421064.582659257,353460.633499941,0.0869565217391304,0.720053882952798,0.449548977329948
0.173913043478261,0.739130434782609,0.0869565217391304,-40379.0088682557,-40208.7296289819,0,437044.880870476,353460.633499941,0.0869565217391304,0.807010404691929,0.497445211452993
0.130434782608696,0.782608695652174,0.0869565217391304,-48257.2279938851,-48086.9487546113,0,462740.078644775,353460.633499941,0.0869565217391304,0.893966926431059,0.548060790834002
0.0869565217391304,0.826086956521739,0.0869565217391304,-58718.6533405776,-58548.3741013039,0,508265.281192409,357027.520541028,0.0869565217391304,0.980923448170189,0.600708714082489
0.0434782608695652,0.869565217391304,0.0869565217391304,-73455.6864070043,-73285.4071677305,0,607906.989624874,489061.706628111,0.0434782608695652,1.06787996990932,0.654899018607184
0.826086956521739,0.0434782608695652,0.130434782608696,-63024.8168204451,-62854.5375811714,0,570991.452362038,489138.216293234,0.0434782608695652,0.981180235320206,0.604490031988011
0.782608695652174,0.0869565217391304,0.130434782608696,-48433.005969881,-48262.7267306072,0,463529.112260853,357096.157102173,0.0869565217391304,0.894223713581076,0.548748414479663
0.739130434782609,0.130434782608696,0.130434782608696,-38131.5236875231,-37961.2444482493,0,413190.576721571,287632.346268417,0.130434782608696,0.807267191841945,0.494371199290562
0.695652173913043,0.173913043478261,0.130434782608696,-30430.1404365072,-30259.8611972334,0,384320.479971572,284338.464231023,0.130434782608696,0.720310670102815,0.441862399005619
0.652173913043478,0.217391304347826,0.130434782608696,-24571.1070081022,-24400.8277688285,0,366212.627215057,284338.464231023,0.130434782608696,0.633354148363685,0.391973613008556
0.608695652173913,0.260869565217391,0.130434782608696,-20139.3290669136,-19969.0498276398,0,354368.522620105,284338.464231023,0.130434782608696,0.546397626624554,0.345840546506521
0.565217391304348,0.304347826086957,0.130434782608696,-16885.1981800552,-16714.9189407815,0,346567.476373801,284338.464231023,0.130434782608696,0.459441104885424,0.305171247980286
0.521739130434783,0.347826086956522,0.130434782608696,-14653.0467573375,-14482.7675180638,0,341617.691416794,284338.464231023,0.130434782608696,0.396886292186048,0.272423813666738
0.478260869565217,0.391304347826087,0.130434782608696,-13347.531881134,-13177.2526418603,0,338865.616522238,284338.464231023,0.130434782608696,0.396886292186048,0.250721787215593
0.434782608695652,0.434782608695652,0.130434782608696,-12916.7677651184,-12746.4885258446,0,337980.750340815,284338.464231023,0.130434782608696,0.396886292186048,0.24304224239708
0.391304347826087,0.478260869565217,0.130434782608696,-13344.2548641729,-13173.9756248991,0,338861.774533148,284338.464231023,0.130434782608696,0.396886292186048,0.250677253190609
0.347826086956522,0.521739130434783,0.130434782608696,-14646.4716664875,-14476.1924272138,0,341609.849695077,284338.464231023,0.130434782608696,0.396886292186048,0.272341835967124
0.304347826086957,0.565217391304348,0.130434782608696,-16875.2820781533,-16705.0028388796,0,346555.305099886,284338.464231023,0.130434782608696,0.459184317735407,0.305061473545361
0.260869565217391,0.608695652173913,0.130434782608696,-20126.005407784,-19955.7261685103,0,354351.489218538,284338.464231023,0.130434782608696,0.546140839474537,0.345711391681498
0.217391304347826,0.652173913043478,0.130434782608696,-24554.2828221963,-24384.0035829225,0,366189.944944559,284338.464231023,0.130434782608696,0.633097361213668,0.391831171179651
0.173913043478261,0.695652173913043,0.130434782608696,-30409.6921164264,-30239.4128771527,0,384291.028161168,284338.464231023,0.130434782608696,0.720053882952798,0.441710769339671
0.130434782608696,0.739130434782609,0.130434782608696,-38107.2908546146,-37937.0116153408,0,413152.779492823,287570.113654281,0.130434782608696,0.807010404691929,0.494213089128808
0.0869565217391304,0.782608695652174,0.130434782608696,-48404.7825689999,-48234.5033297262,0,463480.747548145,357027.520541028,0.0869565217391304,0.893966926431059,0.54858562490718
0.0434782608695652,0.826086956521739,0.130434782608696,-62992.3380090621,-62822.0587697884,0,570929.278754384,489061.706628111,0.0434782608695652,0.980923448170189,0.604323783179457
0.782608695652174,0.0434782608695652,0.173913043478261,-55115.8480862237,-54945.56884695,0,550679.15171924,489138.216293234,0.0434782608695652,0.894223713581076,0.556123170827127
0.739130434782609,0.0869565217391304,0.173913043478261,-40687.9269889279,-40517.6477496541,0,438362.307335236,357096.157102174,0.0869565217391304,0.807267191841945,0.498768807252798
0.695652173913043,0.130434782608696,0.173913043478261,-30567.0175897946,-30396.7383505208,0,384880.759987689,287632.346268417,0.130434782608696,0.720310670102815,0.442525820397982
0.652173913043478,0.173913043478261,0.173913043478261,-23065.6109202493,-22895.3316809755,0,353888.736408528,242798.598719707,0.173913043478261,0.633354148363685,0.387877966662717
0.608695652173913,0.217391304347826,0.173913043478261,-17429.313094733,-17259.0338554593,0,334374.038020291,239787.662828507,0.173913043478261,0.546397626624554,0.33560537689207
0.565217391304348,0.260869565217391,0.173913043478261,-13247.2195512238,-13076.94031195,0,321670.359647747,239787.662828507,0.173913043478261,0.459441104885424,0.287008811098719
0.521739130434783,0.304347826086957,0.173913043478261,-10275.0275768636,-10104.7483375899,0,313464.208749976,239787.662828507,0.173913043478261,0.372484583146293,0.244292003493156
0.478260869565217,0.347826086956522,0.173913043478261,-8363.89724456542,-8193.61800529168,0,308522.338697521,239787.662828507,0.173913043478261,0.309929770446917,0.211055786383762
0.434782608695652,0.391304347826087,0.173913043478261,-7427.43647189124,-7257.15723261749,0,306192.659720691,239787.662828507,0.173913043478261,0.309929770446917,0.192280897736629
0.391304347826087,0.434782608695652,0.173913043478261,-7425.7516999126,-7255.47246063885,0,306190.318506467,239787.662828507,0.173913043478261,0.309929770446917,0.192251863386828
0.347826086956522,0.478260869565217,0.173913043478261,-8358.83150787186,-8188.55226859811,0,308515.22502933,239787.662828507,0.173913043478261,0.309929770446917,0.210976422829611
0.304347826086957,0.521739130434783,0.173913043478261,-10266.5461433476,-10096.2669040739,0,313452.045602617,239787.662828507,0.173913043478261,0.372227795996276,0.244177721500587
0.260869565217391,0.565217391304348,0.173913043478261,-13235.2629187192,-13064.9836794455,0,321652.661455288,239787.662828507,0.173913043478261,0.459184317735407,0.286872628595733
0.217391304347826,0.608695652173913,0.173913043478261,-17413.7943858833,-17243.5151466095,0,334350.072376375,239787.662828507,0.173913043478261,0.546140839474537,0.335455640987897
0.173913043478261,0.652173913043478,0.173913043478261,-23046.4118321473,-22876.1325928735,0,353857.46499131,242741.677028598,0.173913043478261,0.633097361213668,0.387719622635666
0.130434782608696,0.695652173913043,0.173913043478261,-30543.9823907826,-30373.7031515088,0,384840.751258424,287570.113654281,0.130434782608696,0.720053882952798,0.442361798933694
0.0869565217391304,0.739130434782609,0.173913043478261,-40660.8537177265,-40490.5744784528,0,438311.601902898,357027.520541028,0.0869565217391304,0.807010404691929,0.498600895715133
0.0434782608695652,0.782608695652174,0.173913043478261,-55084.4755254816,-54914.1962862079,0,550614.989641232,489061.706628111,0.0434782608695652,0.893966926431059,0.555952499709264
0.739130434782609,0.0434782608695652,0.217391304347826,-49001.8554085892,-48831.5761693155,0,538252.240817778,489138.216293234,0.0434782608695652,0.807267191841946,0.510587113195914
0.695652173913043,0.0869565217391304,0.217391304347826,-34754.5071945179,-34584.2279552441,0,422769.359388389,357096.157102174,0.0869565217391304,0.720310670102815,0.451638417825346
0.652173913043478,0.130434782608696,0.217391304347826,-24833.5743768549,-24663.2951375812,0,367197.328242114,287632.346268417,0.130434782608696,0.633354148363685,0.393467606573647
0.608695652173913,0.173913043478261,0.217391304347826,-17554.9033101983,-17384.6240709246,0,334809.2274046,242798.598719707,0.173913043478261,0.546397626624554,0.336478366411237
0.565217391304348,0.217391304347826,0.217391304347826,-12168.2898823624,-11998.0106430886,0,314430.341700909,210891.846970631,0.217391304347826,0.459441104885424,0.28138951895144
0.521739130434783,0.260869565217391,0.217391304347826,-8268.13525135047,-8097.85601207672,0,301310.947015297,208119.091571289,0.217391304347826,0.372484583146293,0.229573230934355
0.478260869565217,0.304347826086957,0.217391304347826,-5616.96436740982,-5446.68512813607,0,293102.147010042,208119.091571289,0.217391304347826,0.285528061407163,0.183818149322973
0.434782608695652,0.347826086956522,0.217391304347826,-4074.88813864102,-3904.60889936727,0,288575.370240466,208119.091571289,0.217391304347826,0.222973248707787,0.149785821599959
0.391304347826087,0.391304347826087,0.217391304347826,-3567.50671000371,-3397.22747072997,0,287125.652704844,208119.091571289,0.217391304347826,0.222973248707787,0.136542701588896
0.347826086956522,0.434782608695652,0.217391304347826,-4071.41464692994,-3901.1354076562,0,288569.792269455,208119.091571289,0.217391304347826,0.222973248707787,0.149711265558013
0.304347826086957,0.478260869565217,0.217391304347826,-5609.99228805024,-5439.7130487765,0,293090.790689286,208119.091571289,0.217391304347826,0.285271274257146,0.183696634116516
0.260869565217391,0.521739130434783,0.217391304347826,-8257.6132872313,-8087.33404795756,0,301293.398615137,208119.091571289,0.217391304347826,0.372227795996276,0.229427287848374
0.217391304347826,0.565217391304348,0.217391304347826,-12154.1382001376,-11983.8589608639,0,314405.947202278,210839.401010769,0.217391304347826,0.459184317735407,0.281230766642186
0.173913043478261,0.608695652173913,0.217391304347826,-17537.0096991525,-17366.7304598788,0,334777.049210164,242741.677028598,0.173913043478261,0.546140839474537,0.336312420935966
0.130434782608696,0.652173913043478,0.217391304347826,-24811.7884098217,-24641.5091705479,0,367156.079974521,287570.113654281,0.130434782608696,0.633097361213668,0.393297319490532
0.0869565217391304,0.695652173913043,0.217391304347826,-34728.631557213,-34558.3523179393,0,422717.301535421,357027.520541028,0.0869565217391304,0.720053882952798,0.451465342229093
0.0434782608695652,0.739130434782609,0.217391304347826,-48971.6329775268,-48801.353738253,0,538186.952518092,489061.706628111,0.0434782608695652,0.807010404691929,0.510412152698772
0.695652173913043,0.0434782608695652,0.260869565217391,-44263.3890582231,-44093.1098189494,0,530190.249684772,489138.216293234,0.0434782608695652,0.720310670102815,0.468707644343064
0.652173913043478,0.0869565217391304,0.260869565217391,-30216.0174256224,-30045.7381863487,0,412611.702532974,357096.157102173,0.0869565217391304,0.633354148363685,0.408344994454631
0.608695652173913,0.130434782608696,0.260869565217391,-20517.8202108482,-20347.5409715745,0,355679.161937599,287632.346268417,0.130434782608696,0.546397626624554,0.348376017830804
0.565217391304348,0.173913043478261,0.260869565217391,-13488.8335418714,-13318.5543025977,0,322446.070848237,242798.598719707,0.173913043478261,0.459441104885424,0.289045847187108
0.521739130434783,0.217391304347826,0.260869565217391,-8384.15902653278,-8213.87978725904,0,301656.615487776,210891.846970631,0.217391304347826,0.372484583146293,0.230847548017182
0.478260869565217,0.260869565217391,0.260869565217391,-4805.02548594121,-4634.74624666746,0,288532.758237168,186805.205077765,0.260869565217391,0.285528061407163,0.174914595582945
0.434782608695652,0.304347826086957,0.260869565217391,-2522.90870552952,-2352.62946625578,0,280735.439134386,184235.709563063,0.260869565217391,0.198571539668032,0.124342582180495
0.391304347826087,0.347826086956522,0.260869565217391,-1409.9118207976,-1239.63258152385,0,277086.172974797,184235.709563063,0.260869565217391,0.136016726968657,0.0888170952668967
0.347826086956522,0.391304347826087,0.260869565217391,-1408.12310106517,-1237.84386179142,0,277082.950891195,184235.709563063,0.260869565217391,0.136016726968657,0.0887542210430164
0.304347826086957,0.434782608695652,0.260869565217391,-2517.52887115243,-2347.24963187869,0,280725.666607907,184235.709563063,0.260869565217391,0.198314752518016,0.124207824903361
0.260869565217391,0.478260869565217,0.260869565217391,-4796.01287597918,-4625.73363670544,0,288516.110665437,186756.582308066,0.260869565217391,0.285271274257146,0.174754949728079
0.217391304347826,0.521739130434783,0.260869565217391,-8371.44201269408,-8201.16277342034,0,301632.532121449,210839.401010769,0.217391304347826,0.372227795996276,0.230678212700443
0.173913043478261,0.565217391304348,0.260869565217391,-13472.3069574508,-13302.0277181771,0,322413.723011264,242741.677028598,0.173913043478261,0.459184317735407,0.28887197830154
0.130434782608696,0.608695652173913,0.260869565217391,-20497.3397208712,-20327.0604815974,0,355637.401829576,287570.113654281,0.130434782608696,0.546140839474537,0.348199710732201
0.0869565217391304,0.652173913043478,0.260869565217391,-30191.3910202963,-30021.1117810225,0,412558.974718212,357027.520541028,0.0869565217391304,0.633097361213668,0.408167237701778
0.0434782608695652,0.695652173913043,0.260869565217391,-44234.3642610571,-44064.0850217834,0,530124.381523299,489061.706628111,0.0434782608695652,0.720053882952798,0.468528959601408
0.652173913043478,0.0434782608695652,0.304347826086957,-40644.6503167424,-40474.3710774686,0,524813.509776297,489138.216293234,0.0434782608695652,0.633354148363685,0.431550632304575
0.608695652173913,0.0869565217391304,0.304347826086957,-26820.0142870304,-26649.7350477567,0,405875.890869449,357096.157102173,0.0869565217391304,0.546397626624554,0.370237012209059
0.565217391304348,0.130434782608696,0.304347826086957,-17371.501469936,-17201.2222306622,0,348130.649958111,287632.346268417,0.130434782608696,0.459441104885424,0.30899252231967
0.521739130434783,0.173913043478261,0.304347826086957,-10624.453713457,-10454.1744741832,0,314507.195218613,242798.598719707,0.173913043478261,0.372484583146293,0.247868410981351
0.478260869565217,0.217391304347826,0.304347826086957,-5840.80028853787,-5670.52104926412,0,293721.99918572,210891.846970631,0.217391304347826,0.285528061407163,0.186982769656286
0.434782608695652,0.260869565217391,0.304347826086957,-2630.72085147561,-2460.44161220186,0,281011.928809884,186805.205077765,0.260869565217391,0.198571539668032,0.126679910827328
0.391304347826087,0.304347826086957,0.304347826086957,-777.68341510091,-607.404175827163,1.61331121662796e-264,274091.997482226,167878.351945212,0.304347826086957,0.111615017928902,0.0685162764536397
0.347826086956522,0.347826086956522,0.304347826086957,-170.279239273746,0,1,271888.951302976,165484.351022612,0.304347826086957,0.0490602052295261,0.030043254548921
0.304347826086957,0.391304347826087,0.304347826086957,-773.988352702465,-603.709113428718,6.49326852479624e-263,274084.603562501,167833.032834706,0.304347826086957,0.111358230778885,0.0683531332250308
0.260869565217391,0.434782608695652,0.304347826086957,-2623.30048649607,-2453.02124722232,0,280996.917727788,186756.582308066,0.260869565217391,0.198314752518016,0.126503522371649
0.217391304347826,0.478260869565217,0.304347826086957,-5829.59262885561,-5659.31338958186,0,293698.913603492,210839.401010769,0.217391304347826,0.285271274257146,0.186803555095072
0.173913043478261,0.521739130434783,0.304347826086957,-10609.3617974223,-10439.0825581485,0,314475.320076541,242741.677028598,0.173913043478261,0.372227795996276,0.247688174713386
0.130434782608696,0.565217391304348,0.304347826086957,-17352.3880065841,-17182.1087673104,0,348088.970008579,287570.113654281,0.130434782608696,0.459184317735407,0.308811807194135
0.0869565217391304,0.608695652173913,0.304347826086957,-26796.6933587604,-26626.4141194867,0,405823.010057093,357027.520541028,0.0869565217391304,0.546140839474537,0.370056035358342
0.0434782608695652,0.652173913043478,0.304347826086957,-40616.8747515552,-40446.5955122814,0,524747.447675582,489061.706628111,0.0434782608695652,0.633097361213668,0.431369497091217
0.608695652173913,0.0434782608695652,0.347826086956522,-37981.5620385453,-37811.2827992715,0,521234.768102531,489138.216293234,0.0434782608695652,0.584293943134158,0.400432862403052
0.565217391304348,0.0869565217391304,0.347826086956522,-24406.6104065131,-24236.3311672393,0,401487.439038841,357096.157102173,0.0869565217391304,0.497337421395028,0.339067386511587
0.521739130434783,0.130434782608696,0.347826086956522,-15240.0365019165,-15069.7572626427,0,343377.195504221,287632.346268417,0.130434782608696,0.410380899655898,0.277755908258064
0.478260869565217,0.173913043478261,0.347826086956522,-8814.00983585697,-8643.73059658322,0,309774.622420349,242798.598719707,0.173913043478261,0.323424377916767,0.216544298520405
0.434782608695652,0.217391304347826,0.347826086956522,-4399.41051446716,-4229.13127519342,0,289411.136752603,210891.846970631,0.217391304347826,0.236467856177637,0.155550501587408
0.391304347826087,0.260869565217391,0.347826086956522,-1618.41042144189,-1448.13118216814,0,277581.307267882,186805.205077765,0.260869565217391,0.149511334438506,0.095194120298798
0.347826086956522,0.304347826086957,0.347826086956522,-270.965693971957,-100.686454698211,1.87252800741327e-44,272108.286136024,167878.351945212,0.304347826086957,0.0625548126993757,0.0385916986902334
0.304347826086957,0.347826086956522,0.347826086956522,-269.059351305943,-98.7801120321965,1.25991841207758e-43,272104.119390626,167833.032834706,0.304347826086957,0.0622980255493589,0.0384467755358155
0.260869565217391,0.391304347826087,0.347826086956522,-1612.674828441,-1442.39558916725,0,277568.693305552,186756.582308066,0.260869565217391,0.149254547288489,0.095018032832578
0.217391304347826,0.434782608695652,0.347826086956522,-4389.79509976739,-4219.51586049364,0,289389.728954143,210839.401010769,0.217391304347826,0.23621106902762,0.155370960126441
0.173913043478261,0.478260869565217,0.347826086956522,-8800.42727397871,-8630.14803470497,0,309743.823293366,242741.677028598,0.173913043478261,0.32316759076675,0.216363769173167
0.130434782608696,0.521739130434783,0.347826086956522,-15222.3577069505,-15052.0784676768,0,343336.119431334,287570.113654281,0.130434782608696,0.410124112505881,0.277574967610544
0.0869565217391304,0.565217391304348,0.347826086956522,-24384.6565048683,-24214.3772655946,0,401434.834894303,357027.520541028,0.0869565217391304,0.497080634245011,0.338886236590006
0.0434782608695652,0.608695652173913,0.347826086956522,-37955.0919504142,-37784.8127111405,0,521168.814710329,489061.706628111,0.0434782608695652,0.584037155984142,0.400251591788525
0.565217391304348,0.0434782608695652,0.391304347826087,-36167.5317417885,-35997.2525025147,0,518958.781528095,489138.216293234,0.0434782608695652,0.584293943134158,0.376853344173953
0.521739130434783,0.0869565217391304,0.391304347826087,-22874.5190222542,-22704.2397829804,0,398849.246191317,357096.157102173,0.0869565217391304,0.497337421395028,0.316890164970565
0.478260869565217,0.130434782608696,0.391304347826087,-14028.966208077,-13858.6869688033,0,340777.123312382,287632.346268417,0.130434782608696,0.410380899655898,0.25764655434921
0.434782608695652,0.173913043478261,0.391304347826087,-7971.99364554684,-7801.7144062731,0,307607.084599452,242798.598719707,0.173913043478261,0.323424377916767,0.199763745344185
0.391304347826087,0.217391304347826,0.391304347826087,-3986.47366819403,-3816.19442892028,0,288128.604301717,210891.846970631,0.217391304347826,0.236467856177637,0.144882012730429
0.347826086956522,0.260869565217391,0.391304347826087,-1711.06628407352,-1540.78704479977,0,277747.163755025,186805.205077765,0.260869565217391,0.149511334438506,0.0981706572488549
0.304347826086957,0.304347826086957,0.391304347826087,-969.119389764732,-798.840150490985,0,274473.273492934,167878.351945212,0.304347826086957,0.124852838248735,0.0764564905648423
0.260869565217391,0.347826086956522,0.391304347826087,-1707.11941080505,-1536.84017153131,0,277737.771849658,186756.582308066,0.260869565217391,0.149254547288489,0.0980568642537552
0.217391304347826,0.391304347826087,0.391304347826087,-3978.5430254729,-3808.26378619915,0,288109.589365425,210839.401010769,0.217391304347826,0.23621106902762,0.144727809967659
0.173913043478261,0.434782608695652,0.391304347826087,-7960.00332865107,-7789.72408937733,0,307577.970553809,242741.677028598,0.173913043478261,0.32316759076675,0.199596006978492
0.130434782608696,0.478260869565217,0.391304347826087,-14012.7967672675,-13842.5175279938,0,340737.154661248,287570.113654281,0.130434782608696,0.410124112505881,0.257473163064521
0.0869565217391304,0.521739130434783,0.391304347826087,-22853.9997889953,-22683.7205497215,0,398797.310748803,357027.520541028,0.0869565217391304,0.497080634245011,0.316713956225658
0.0434782608695652,0.565217391304348,0.391304347826087,-36142.4286802827,-35972.1494410089,0,518893.200119942,489061.706628111,0.0434782608695652,0.584037155984142,0.376675546207522
0.521739130434783,0.0434782608695652,0.434782608695652,-35135.6240841933,-34965.3448449195,0,517707.82999338,489138.216293234,0.0434782608695652,0.584293943134158,0.362286965554724
0.478260869565217,0.0869565217391304,0.434782608695652,-22163.6324550784,-21993.3532158047,0,397638.64676112,357096.157102173,0.0869565217391304,0.497337421395028,0.305668934285632
0.434782608695652,0.130434782608696,0.434782608695652,-13687.1337444306,-13516.8545051569,0,340008.047556352,287632.346268417,0.130434782608696,0.410380899655897,0.251349529613139
0.391304347826087,0.173913043478261,0.434782608695652,-8059.24052593741,-7888.96128666366,0,307727.197150515,242798.598719707,0.173913043478261,0.323424377916767,0.20119918329642
0.347826086956522,0.217391304347826,0.434782608695652,-4579.31325748935,-4409.03401821561,0,289697.808545708,210891.846970631,0.217391304347826,0.236467856177637,0.159207642261653
0.304347826086957,0.260869565217391,0.434782608695652,-2909.40370652999,-2739.12446725625,0,281515.129756677,186805.205077765,0.260869565217391,0.211809359987865,0.133320936176019
0.260869565217391,0.304347826086957,0.434782608695652,-2907.36317592754,-2737.0839366538,0,281509.891148619,186756.582308066,0.260869565217391,0.211809359987865,0.133279058235545
0.217391304347826,0.347826086956522,0.434782608695652,-4573.17133450066,-4402.89209522691,0,289681.978595304,210839.401010769,0.217391304347826,0.23621106902762,0.15910241788994
0.173913043478261,0.391304347826087,0.434782608695652,-8048.93498102028,-7878.65574174654,0,307700.424211727,242741.677028598,0.173913043478261,0.32316759076675,0.201060408996064
0.130434782608696,0.434782608695652,0.434782608695652,-13672.5565486036,-13502.2773093298,0,339969.709383301,287570.113654281,0.130434782608696,0.410124112505881,0.251194015505688
0.0869565217391304,0.478260869565217,0.434782608695652,-22144.622575976,-21974.3433367022,0,397587.770876907,357027.520541028,0.0869565217391304,0.497080634245011,0.305504526086025
0.0434782608695652,0.521739130434783,0.434782608695652,-35111.9556910733,-34941.6764517996,0,517642.873373612,489061.706628111,0.0434782608695652,0.584037155984142,0.362117431457241
0.478260869565217,0.0434782608695652,0.478260869565217,-34849.0047221289,-34678.7254828551,0,517340.343750899,489138.216293234,0.0434782608695652,0.584293943134158,0.357836113995746
0.434782608695652,0.0869565217391304,0.478260869565217,-22246.0671965433,-22075.7879572696,0,397714.445115142,357096.157102173,0.0869565217391304,0.497337421395028,0.306608960717922
0.391304347826087,0.130434782608696,0.478260869565217,-14198.6478299325,-14028.3685906588,0,340973.963226857,287632.346268417,0.130434782608696,0.410380899655898,0.259870855962035
0.347826086956522,0.173913043478261,0.478260869565217,-9076.34732034407,-8906.06808107032,0,310139.673938457,242798.598719707,0.173913043478261,0.323424377916767,0.220495136992462
0.304347826086957,0.217391304347826,0.478260869565217,-6201.91788505716,-6031.63864578342,0,294305.901078035,210891.846970631,0.217391304347826,0.298765881726996,0.193040891443177
0.260869565217391,0.260869565217391,0.478260869565217,-5271.91469780414,-5101.63545853039,0,289390.516533818,186805.205077765,0.260869565217391,0.298765881726996,0.182956013221747
0.217391304347826,0.304347826086957,0.478260869565217,-6197.68230473448,-6027.40306546073,0,294294.171621858,210839.401010769,0.217391304347826,0.298765881726996,0.192983047057983
0.173913043478261,0.347826086956522,0.478260869565217,-9067.83049515937,-8897.55125588563,0,310115.988178397,242741.677028598,0.173913043478261,0.32316759076675,0.220393844747395
0.130434782608696,0.391304347826087,0.478260869565217,-14185.7554060841,-14015.4761668104,0,340937.836289042,287570.113654281,0.130434782608696,0.410124112505881,0.259741936980269
0.0869565217391304,0.434782608695652,0.478260869565217,-22228.6495624234,-22058.3703231496,0,397665.050145977,357027.520541028,0.0869565217391304,0.497080634245011,0.306463272714616
0.0434782608695652,0.478260869565217,0.478260869565217,-34826.8456831654,-34656.5664438916,0,517276.276925679,489061.706628111,0.0434782608695652,0.584037155984142,0.357680077572979
0.434782608695652,0.0434782608695652,0.521739130434783,-35296.1846287148,-35125.9053894411,0,517814.201404864,489138.216293234,0.0434782608695652,0.584293943134158,0.363872175662375
0.391304347826087,0.0869565217391304,0.521739130434783,-23122.3264471663,-22952.0472078925,0,399079.917432362,357096.157102173,0.0869565217391304,0.497337421395028,0.319602955040629
0.347826086956522,0.130434782608696,0.521739130434783,-15580.4997894602,-15410.2205501865,0,343779.089725071,287632.346268417,0.130434782608696,0.410380899655898,0.281869782334152
0.304347826086957,0.173913043478261,0.521739130434783,-11063.6971130329,-10893.4178737592,0,315131.702519515,242798.598719707,0.173913043478261,0.385722403466126,0.253607050746761
0.260869565217391,0.217391304347826,0.521739130434783,-8929.17404145235,-8758.8948021786,0,302559.573697764,210891.846970631,0.217391304347826,0.385722403466126,0.238209854659303
0.217391304347826,0.260869565217391,0.521739130434783,-8926.97899173212,-8756.69975245837,0,302553.038564853,210839.401010769,0.217391304347826,0.385722403466126,0.238186419004337
0.173913043478261,0.304347826086957,0.521739130434783,-11057.0866305142,-10886.8073912405,0,315111.990093358,242741.677028598,0.173913043478261,0.385722403466126,0.253541006964122
0.130434782608696,0.347826086956522,0.521739130434783,-15569.3960853443,-15399.1168460705,0,343745.85484958,287570.113654281,0.130434782608696,0.410124112505881,0.281770741738067
0.0869565217391304,0.391304347826087,0.521739130434783,-23106.5935850249,-22936.3143457512,0,399032.487990535,357027.520541028,0.0869565217391304,0.497080634245011,0.31948066648833
0.0434782608695652,0.434782608695652,0.521739130434783,-35275.6178347338,-35105.33859546,0,517751.323200485,489061.706628111,0.0434782608695652,0.584037155984142,0.363734076342873
0.391304347826087,0.0434782608695652,0.565217391304348,-36489.5842090484,-36319.3049697747,0,519176.28719367,489138.216293234,0.0434782608695652,0.584293943134158,0.379895607550195
0.347826086956522,0.0869565217391304,0.565217391304348,-24821.3187364046,-24651.0394971309,0,401883.153160793,357096.157102173,0.0869565217391304,0.497337421395028,0.343284837448216
0.304347826086957,0.130434782608696,0.565217391304348,-17884.9899118597,-17714.710672586,0,348754.791332631,287632.346268417,0.130434782608696,0.472678925205256,0.314530957587218
0.260869565217391,0.173913043478261,0.565217391304348,-14108.0935991388,-13937.814359865,0,323355.518775758,242798.598719707,0.173913043478261,0.472678925205256,0.295933106651797
0.217391304347826,0.217391304347826,0.565217391304348,-12901.378665091,-12731.0994258173,0,315686.925741883,210891.846970631,0.217391304347826,0.472678925205256,0.289455558967873
0.173913043478261,0.260869565217391,0.565217391304348,-14103.5236472226,-13933.2444079488,0,323340.868678704,242741.677028598,0.173913043478261,0.472678925205256,0.295895377279185
0.130434782608696,0.304347826086957,0.565217391304348,-17875.7925504098,-17705.513311136,0,348725.281942783,287570.113654281,0.130434782608696,0.472678925205256,0.314459957142315
0.0869565217391304,0.347826086956522,0.565217391304348,-24807.3745939957,-24637.095354722,0,401838.276359787,357027.520541028,0.0869565217391304,0.497080634245011,0.34318725452684
0.0434782608695652,0.391304347826087,0.565217391304348,-36470.7021870461,-36300.4229477723,0,519114.954902322,489061.706628111,0.0434782608695652,0.584037155984142,0.379778034338956
0.347826086956522,0.0434782608695652,0.608695652173913,-38467.0020152591,-38296.7227759854,0,521573.483589611,489138.216293234,0.0434782608695652,0.584293943134158,0.404721906651422
0.304347826086957,0.0869565217391304,0.608695652173913,-27404.2343757765,-27233.9551365027,0,406454.799507506,357096.157102173,0.0869565217391304,0.559635446944387,0.375638585672401
0.260869565217391,0.130434782608696,0.608695652173913,-21207.8119149379,-21037.5326756642,0,356553.361182186,287632.346268417,0.130434782608696,0.559635446944387,0.354922962121824
0.217391304347826,0.173913043478261,0.608695652173913,-18358.7237397498,-18188.444500476,0,336042.146573736,242798.598719707,0.173913043478261,0.559635446944387,0.344089679748849
0.173913043478261,0.217391304347826,0.608695652173913,-18356.3488375538,-18186.06959828,0,336033.933703713,242741.677028598,0.173913043478261,0.559635446944387,0.344073455894187
0.130434782608696,0.260869565217391,0.608695652173913,-21200.6550840904,-21030.3758448167,0,356528.633669629,287570.113654281,0.130434782608696,0.559635446944387,0.354875774131231
0.0869565217391304,0.304347826086957,0.608695652173913,-27392.1965760336,-27221.9173367599,0,406413.217293146,357027.520541028,0.0869565217391304,0.559635446944387,0.37556427379675
0.0434782608695652,0.347826086956522,0.608695652173913,-38449.9087129892,-38279.6294737154,0,521514.145140939,489061.706628111,0.0434782608695652,0.584037155984142,0.404625344130453
0.304347826086957,0.0434782608695652,0.652173913043478,-41296.4062067859,-41126.1269675122,0,525290.047035458,489138.216293234,0.0434782608695652,0.646591968683517,0.436852844198318
0.260869565217391,0.0869565217391304,0.652173913043478,-30973.5449310096,-30803.2656917359,0,413401.981632915,357096.157102173,0.0869565217391304,0.646591968683517,0.414639181871472
0.217391304347826,0.130434782608696,0.652173913043478,-25704.9306077039,-25534.6513684301,0,368362.77173996,287632.346268417,0.130434782608696,0.646591968683517,0.400714775713219
0.173913043478261,0.173913043478261,0.652173913043478,-24060.1824643675,-23889.9032250937,0,355499.920214338,242798.598719707,0.173913043478261,0.646591968683517,0.395955109172385
0.130434782608696,0.217391304347826,0.652173913043478,-25699.9688265766,-25529.6895873029,0,368344.204992167,287570.113654281,0.130434782608696,0.646591968683517,0.400686912885238
0.0869565217391304,0.260869565217391,0.652173913043478,-30963.5476618692,-30793.2684225955,0,413364.665922611,357027.520541028,0.0869565217391304,0.646591968683517,0.41458532596832
0.0434782608695652,0.304347826086957,0.652173913043478,-41281.219247182,-41110.9400079083,0,525233.287128046,489061.706628111,0.0434782608695652,0.646591968683517,0.436776166396452
0.260869565217391,0.0434782608695652,0.695652173913043,-45085.5328727413,-44915.2536334676,0,530829.950357553,489138.216293234,0.0434782608695652,0.733548490422648,0.474807782073678
0.217391304347826,0.0869565217391304,0.695652173913043,-35690.4797344978,-35520.2004952241,0,423812.62246234,357096.157102173,0.0869565217391304,0.733548490422648,0.458593929215262
0.173913043478261,0.130434782608696,0.695652173913043,-31626.2054430438,-31455.9262037701,0,386396.310682719,287632.346268417,0.130434782608696,0.733548490422648,0.450261913314272
0.130434782608696,0.173913043478261,0.695652173913043,-31623.6185641126,-31453.3393248388,0,386385.753270064,287570.113654281,0.130434782608696,0.733548490422648,0.450249515183229
0.0869565217391304,0.217391304347826,0.695652173913043,-35682.6775150776,-35512.3982758039,0,423780.889216402,357027.520541028,0.0869565217391304,0.733548490422648,0.458557409641371
0.0434782608695652,0.260869565217391,0.695652173913043,-45072.3864437399,-44902.1072044661,0,530776.56132956,489061.706628111,0.0434782608695652,0.733548490422648,0.474748993284075
0.217391304347826,0.0434782608695652,0.739130434782609,-49999.7667539387,-49829.487514665,0,539092.934043573,489138.216293234,0.0434782608695652,0.820505012161778,0.517306378294583
0.173913043478261,0.0869565217391304,0.739130434782609,-41809.053647547,-41638.7744082733,0,439719.15021113,357096.157102173,0.0869565217391304,0.820505012161778,0.506213956105628
0.130434782608696,0.130434782608696,0.739130434782609,-39386.9406204981,-39216.6613812244,0,415139.351020368,287632.346268417,0.130434782608696,0.820505012161778,0.502454661000304
0.0869565217391304,0.173913043478261,0.739130434782609,-41803.6263303228,-41633.3470910491,0,439694.841728362,357027.520541028,0.0869565217391304,0.820505012161778,0.506191900408054
0.0434782608695652,0.217391304347826,0.739130434782609,-49988.8153746575,-49818.5361353838,0,539044.031492128,489061.706628111,0.0434782608695652,0.820505012161778,0.517263211904223
0.173913043478261,0.0434782608695652,0.782608695652174,-56296.4491416353,-56126.1699023616,0,551777.671526665,489138.216293234,0.0434782608695652,0.907461533900909,0.56332120926143
0.130434782608696,0.0869565217391304,0.782608695652174,-49747.8972996487,-49577.618060375,0,465288.209687804,357096.157102173,0.0869565217391304,0.907461533900909,0.556559236265194
0.0869565217391304,0.130434782608696,0.782608695652174,-49745.0568613558,-49574.777622082,0,465274.004682998,357027.520541028,0.0869565217391304,0.907461533900909,0.556549206102568
0.0434782608695652,0.173913043478261,0.782608695652174,-56287.8726645501,-56117.5934252763,0,551734.895416684,489061.706628111,0.0434782608695652,0.907461533900909,0.563291479455948
0.130434782608696,0.0434782608695652,0.826086956521739,-64396.9067646584,-64226.6275253847,0,572435.481743746,489138.216293234,0.0434782608695652,0.994418055640039,0.612059733405351
0.0869565217391304,0.0869565217391304,0.826086956521739,-60267.6275114277,-60097.348272154,0,510603.497534384,357096.157102173,0.0869565217391304,0.994418055640039,0.60895421359988
0.0434782608695652,0.130434782608696,0.826086956521739,-64390.9171665044,-64220.6379272307,0,572401.37610195,489061.706628111,0.0434782608695652,0.994418055640039,0.612041492007557
0.0869565217391304,0.0434782608695652,0.869565217391304,-75063.9659326575,-74893.6866933837,0,609897.21567693,489138.216293234,0.0434782608695652,1.08137457737917,0.662921478292615
0.0434782608695652,0.0869565217391304,0.869565217391304,-75060.8167727964,-74890.5375335227,0,609876.042270404,489061.706628111,0.0434782608695652,1.08137457737917,0.662913057438884
0.0434782608695652,0.0434782608695652,0.91304347826087,-89992.027857417,-89821.7486181433,0,695173.078329101,489138.216293234,0.0434782608695652,1.1683310991183,0.715453766626517
