"example_id","inp_file","output_path"
1,"hake_ex1.inp","C:/Users/Jon.Brodziak/Desktop/Dirichlet Study/hake/RUN1/hake_ex1.inp"
2,"hake_ex2.inp","C:/Users/Jon.Brodziak/Desktop/Dirichlet Study/hake/RUN1/hake_ex2.inp"
3,"hake_ex3.inp","C:/Users/Jon.Brodziak/Desktop/Dirichlet Study/hake/RUN1/hake_ex3.inp"
4,"hake_ex4.inp","C:/Users/Jon.Brodziak/Desktop/Dirichlet Study/hake/RUN1/hake_ex4.inp"
5,"hake_ex5.inp","C:/Users/Jon.Brodziak/Desktop/Dirichlet Study/hake/RUN1/hake_ex5.inp"
6,"hake_ex6.inp","C:/Users/Jon.Brodziak/Desktop/Dirichlet Study/hake/RUN1/hake_ex6.inp"
7,"hake_ex7.inp","C:/Users/Jon.Brodziak/Desktop/Dirichlet Study/hake/RUN1/hake_ex7.inp"
8,"hake_ex8.inp","C:/Users/Jon.Brodziak/Desktop/Dirichlet Study/hake/RUN1/hake_ex8.inp"
9,"hake_ex9.inp","C:/Users/Jon.Brodziak/Desktop/Dirichlet Study/hake/RUN1/hake_ex9.inp"
10,"hake_ex10.inp","C:/Users/Jon.Brodziak/Desktop/Dirichlet Study/hake/RUN1/hake_ex10.inp"
11,"hake_ex11.inp","C:/Users/Jon.Brodziak/Desktop/Dirichlet Study/hake/RUN1/hake_ex11.inp"
12,"hake_ex12.inp","C:/Users/Jon.Brodziak/Desktop/Dirichlet Study/hake/RUN1/hake_ex12.inp"
13,"hake_ex13.inp","C:/Users/Jon.Brodziak/Desktop/Dirichlet Study/hake/RUN1/hake_ex13.inp"
14,"hake_ex14.inp","C:/Users/Jon.Brodziak/Desktop/Dirichlet Study/hake/RUN1/hake_ex14.inp"
15,"hake_ex15.inp","C:/Users/Jon.Brodziak/Desktop/Dirichlet Study/hake/RUN1/hake_ex15.inp"
16,"hake_ex16.inp","C:/Users/Jon.Brodziak/Desktop/Dirichlet Study/hake/RUN1/hake_ex16.inp"
17,"hake_ex17.inp","C:/Users/Jon.Brodziak/Desktop/Dirichlet Study/hake/RUN1/hake_ex17.inp"
18,"hake_ex18.inp","C:/Users/Jon.Brodziak/Desktop/Dirichlet Study/hake/RUN1/hake_ex18.inp"
19,"hake_ex19.inp","C:/Users/Jon.Brodziak/Desktop/Dirichlet Study/hake/RUN1/hake_ex19.inp"
20,"hake_ex20.inp","C:/Users/Jon.Brodziak/Desktop/Dirichlet Study/hake/RUN1/hake_ex20.inp"
21,"hake_ex21.inp","C:/Users/Jon.Brodziak/Desktop/Dirichlet Study/hake/RUN1/hake_ex21.inp"
22,"hake_ex22.inp","C:/Users/Jon.Brodziak/Desktop/Dirichlet Study/hake/RUN1/hake_ex22.inp"
23,"hake_ex23.inp","C:/Users/Jon.Brodziak/Desktop/Dirichlet Study/hake/RUN1/hake_ex23.inp"
24,"hake_ex24.inp","C:/Users/Jon.Brodziak/Desktop/Dirichlet Study/hake/RUN1/hake_ex24.inp"
25,"hake_ex25.inp","C:/Users/Jon.Brodziak/Desktop/Dirichlet Study/hake/RUN1/hake_ex25.inp"
26,"hake_ex26.inp","C:/Users/Jon.Brodziak/Desktop/Dirichlet Study/hake/RUN1/hake_ex26.inp"
27,"hake_ex27.inp","C:/Users/Jon.Brodziak/Desktop/Dirichlet Study/hake/RUN1/hake_ex27.inp"
28,"hake_ex28.inp","C:/Users/Jon.Brodziak/Desktop/Dirichlet Study/hake/RUN1/hake_ex28.inp"
29,"hake_ex29.inp","C:/Users/Jon.Brodziak/Desktop/Dirichlet Study/hake/RUN1/hake_ex29.inp"
30,"hake_ex30.inp","C:/Users/Jon.Brodziak/Desktop/Dirichlet Study/hake/RUN1/hake_ex30.inp"
31,"hake_ex31.inp","C:/Users/Jon.Brodziak/Desktop/Dirichlet Study/hake/RUN1/hake_ex31.inp"
32,"hake_ex32.inp","C:/Users/Jon.Brodziak/Desktop/Dirichlet Study/hake/RUN1/hake_ex32.inp"
33,"hake_ex33.inp","C:/Users/Jon.Brodziak/Desktop/Dirichlet Study/hake/RUN1/hake_ex33.inp"
34,"hake_ex34.inp","C:/Users/Jon.Brodziak/Desktop/Dirichlet Study/hake/RUN1/hake_ex34.inp"
35,"hake_ex35.inp","C:/Users/Jon.Brodziak/Desktop/Dirichlet Study/hake/RUN1/hake_ex35.inp"
36,"hake_ex36.inp","C:/Users/Jon.Brodziak/Desktop/Dirichlet Study/hake/RUN1/hake_ex36.inp"
37,"hake_ex37.inp","C:/Users/Jon.Brodziak/Desktop/Dirichlet Study/hake/RUN1/hake_ex37.inp"
38,"hake_ex38.inp","C:/Users/Jon.Brodziak/Desktop/Dirichlet Study/hake/RUN1/hake_ex38.inp"
39,"hake_ex39.inp","C:/Users/Jon.Brodziak/Desktop/Dirichlet Study/hake/RUN1/hake_ex39.inp"
40,"hake_ex40.inp","C:/Users/Jon.Brodziak/Desktop/Dirichlet Study/hake/RUN1/hake_ex40.inp"
41,"hake_ex41.inp","C:/Users/Jon.Brodziak/Desktop/Dirichlet Study/hake/RUN1/hake_ex41.inp"
42,"hake_ex42.inp","C:/Users/Jon.Brodziak/Desktop/Dirichlet Study/hake/RUN1/hake_ex42.inp"
43,"hake_ex43.inp","C:/Users/Jon.Brodziak/Desktop/Dirichlet Study/hake/RUN1/hake_ex43.inp"
44,"hake_ex44.inp","C:/Users/Jon.Brodziak/Desktop/Dirichlet Study/hake/RUN1/hake_ex44.inp"
45,"hake_ex45.inp","C:/Users/Jon.Brodziak/Desktop/Dirichlet Study/hake/RUN1/hake_ex45.inp"
46,"hake_ex46.inp","C:/Users/Jon.Brodziak/Desktop/Dirichlet Study/hake/RUN1/hake_ex46.inp"
47,"hake_ex47.inp","C:/Users/Jon.Brodziak/Desktop/Dirichlet Study/hake/RUN1/hake_ex47.inp"
48,"hake_ex48.inp","C:/Users/Jon.Brodziak/Desktop/Dirichlet Study/hake/RUN1/hake_ex48.inp"
49,"hake_ex49.inp","C:/Users/Jon.Brodziak/Desktop/Dirichlet Study/hake/RUN1/hake_ex49.inp"
50,"hake_ex50.inp","C:/Users/Jon.Brodziak/Desktop/Dirichlet Study/hake/RUN1/hake_ex50.inp"
51,"hake_ex51.inp","C:/Users/Jon.Brodziak/Desktop/Dirichlet Study/hake/RUN1/hake_ex51.inp"
52,"hake_ex52.inp","C:/Users/Jon.Brodziak/Desktop/Dirichlet Study/hake/RUN1/hake_ex52.inp"
53,"hake_ex53.inp","C:/Users/Jon.Brodziak/Desktop/Dirichlet Study/hake/RUN1/hake_ex53.inp"
54,"hake_ex54.inp","C:/Users/Jon.Brodziak/Desktop/Dirichlet Study/hake/RUN1/hake_ex54.inp"
55,"hake_ex55.inp","C:/Users/Jon.Brodziak/Desktop/Dirichlet Study/hake/RUN1/hake_ex55.inp"
56,"hake_ex56.inp","C:/Users/Jon.Brodziak/Desktop/Dirichlet Study/hake/RUN1/hake_ex56.inp"
57,"hake_ex57.inp","C:/Users/Jon.Brodziak/Desktop/Dirichlet Study/hake/RUN1/hake_ex57.inp"
58,"hake_ex58.inp","C:/Users/Jon.Brodziak/Desktop/Dirichlet Study/hake/RUN1/hake_ex58.inp"
59,"hake_ex59.inp","C:/Users/Jon.Brodziak/Desktop/Dirichlet Study/hake/RUN1/hake_ex59.inp"
60,"hake_ex60.inp","C:/Users/Jon.Brodziak/Desktop/Dirichlet Study/hake/RUN1/hake_ex60.inp"
61,"hake_ex61.inp","C:/Users/Jon.Brodziak/Desktop/Dirichlet Study/hake/RUN1/hake_ex61.inp"
62,"hake_ex62.inp","C:/Users/Jon.Brodziak/Desktop/Dirichlet Study/hake/RUN1/hake_ex62.inp"
63,"hake_ex63.inp","C:/Users/Jon.Brodziak/Desktop/Dirichlet Study/hake/RUN1/hake_ex63.inp"
64,"hake_ex64.inp","C:/Users/Jon.Brodziak/Desktop/Dirichlet Study/hake/RUN1/hake_ex64.inp"
65,"hake_ex65.inp","C:/Users/Jon.Brodziak/Desktop/Dirichlet Study/hake/RUN1/hake_ex65.inp"
66,"hake_ex66.inp","C:/Users/Jon.Brodziak/Desktop/Dirichlet Study/hake/RUN1/hake_ex66.inp"
67,"hake_ex67.inp","C:/Users/Jon.Brodziak/Desktop/Dirichlet Study/hake/RUN1/hake_ex67.inp"
68,"hake_ex68.inp","C:/Users/Jon.Brodziak/Desktop/Dirichlet Study/hake/RUN1/hake_ex68.inp"
69,"hake_ex69.inp","C:/Users/Jon.Brodziak/Desktop/Dirichlet Study/hake/RUN1/hake_ex69.inp"
70,"hake_ex70.inp","C:/Users/Jon.Brodziak/Desktop/Dirichlet Study/hake/RUN1/hake_ex70.inp"
71,"hake_ex71.inp","C:/Users/Jon.Brodziak/Desktop/Dirichlet Study/hake/RUN1/hake_ex71.inp"
72,"hake_ex72.inp","C:/Users/Jon.Brodziak/Desktop/Dirichlet Study/hake/RUN1/hake_ex72.inp"
73,"hake_ex73.inp","C:/Users/Jon.Brodziak/Desktop/Dirichlet Study/hake/RUN1/hake_ex73.inp"
74,"hake_ex74.inp","C:/Users/Jon.Brodziak/Desktop/Dirichlet Study/hake/RUN1/hake_ex74.inp"
75,"hake_ex75.inp","C:/Users/Jon.Brodziak/Desktop/Dirichlet Study/hake/RUN1/hake_ex75.inp"
76,"hake_ex76.inp","C:/Users/Jon.Brodziak/Desktop/Dirichlet Study/hake/RUN1/hake_ex76.inp"
77,"hake_ex77.inp","C:/Users/Jon.Brodziak/Desktop/Dirichlet Study/hake/RUN1/hake_ex77.inp"
78,"hake_ex78.inp","C:/Users/Jon.Brodziak/Desktop/Dirichlet Study/hake/RUN1/hake_ex78.inp"
79,"hake_ex79.inp","C:/Users/Jon.Brodziak/Desktop/Dirichlet Study/hake/RUN1/hake_ex79.inp"
80,"hake_ex80.inp","C:/Users/Jon.Brodziak/Desktop/Dirichlet Study/hake/RUN1/hake_ex80.inp"
81,"hake_ex81.inp","C:/Users/Jon.Brodziak/Desktop/Dirichlet Study/hake/RUN1/hake_ex81.inp"
82,"hake_ex82.inp","C:/Users/Jon.Brodziak/Desktop/Dirichlet Study/hake/RUN1/hake_ex82.inp"
83,"hake_ex83.inp","C:/Users/Jon.Brodziak/Desktop/Dirichlet Study/hake/RUN1/hake_ex83.inp"
84,"hake_ex84.inp","C:/Users/Jon.Brodziak/Desktop/Dirichlet Study/hake/RUN1/hake_ex84.inp"
85,"hake_ex85.inp","C:/Users/Jon.Brodziak/Desktop/Dirichlet Study/hake/RUN1/hake_ex85.inp"
86,"hake_ex86.inp","C:/Users/Jon.Brodziak/Desktop/Dirichlet Study/hake/RUN1/hake_ex86.inp"
87,"hake_ex87.inp","C:/Users/Jon.Brodziak/Desktop/Dirichlet Study/hake/RUN1/hake_ex87.inp"
88,"hake_ex88.inp","C:/Users/Jon.Brodziak/Desktop/Dirichlet Study/hake/RUN1/hake_ex88.inp"
89,"hake_ex89.inp","C:/Users/Jon.Brodziak/Desktop/Dirichlet Study/hake/RUN1/hake_ex89.inp"
90,"hake_ex90.inp","C:/Users/Jon.Brodziak/Desktop/Dirichlet Study/hake/RUN1/hake_ex90.inp"
91,"hake_ex91.inp","C:/Users/Jon.Brodziak/Desktop/Dirichlet Study/hake/RUN1/hake_ex91.inp"
92,"hake_ex92.inp","C:/Users/Jon.Brodziak/Desktop/Dirichlet Study/hake/RUN1/hake_ex92.inp"
93,"hake_ex93.inp","C:/Users/Jon.Brodziak/Desktop/Dirichlet Study/hake/RUN1/hake_ex93.inp"
94,"hake_ex94.inp","C:/Users/Jon.Brodziak/Desktop/Dirichlet Study/hake/RUN1/hake_ex94.inp"
95,"hake_ex95.inp","C:/Users/Jon.Brodziak/Desktop/Dirichlet Study/hake/RUN1/hake_ex95.inp"
96,"hake_ex96.inp","C:/Users/Jon.Brodziak/Desktop/Dirichlet Study/hake/RUN1/hake_ex96.inp"
97,"hake_ex97.inp","C:/Users/Jon.Brodziak/Desktop/Dirichlet Study/hake/RUN1/hake_ex97.inp"
98,"hake_ex98.inp","C:/Users/Jon.Brodziak/Desktop/Dirichlet Study/hake/RUN1/hake_ex98.inp"
99,"hake_ex99.inp","C:/Users/Jon.Brodziak/Desktop/Dirichlet Study/hake/RUN1/hake_ex99.inp"
100,"hake_ex100.inp","C:/Users/Jon.Brodziak/Desktop/Dirichlet Study/hake/RUN1/hake_ex100.inp"
101,"hake_ex101.inp","C:/Users/Jon.Brodziak/Desktop/Dirichlet Study/hake/RUN1/hake_ex101.inp"
102,"hake_ex102.inp","C:/Users/Jon.Brodziak/Desktop/Dirichlet Study/hake/RUN1/hake_ex102.inp"
103,"hake_ex103.inp","C:/Users/Jon.Brodziak/Desktop/Dirichlet Study/hake/RUN1/hake_ex103.inp"
104,"hake_ex104.inp","C:/Users/Jon.Brodziak/Desktop/Dirichlet Study/hake/RUN1/hake_ex104.inp"
105,"hake_ex105.inp","C:/Users/Jon.Brodziak/Desktop/Dirichlet Study/hake/RUN1/hake_ex105.inp"
106,"hake_ex106.inp","C:/Users/Jon.Brodziak/Desktop/Dirichlet Study/hake/RUN1/hake_ex106.inp"
107,"hake_ex107.inp","C:/Users/Jon.Brodziak/Desktop/Dirichlet Study/hake/RUN1/hake_ex107.inp"
108,"hake_ex108.inp","C:/Users/Jon.Brodziak/Desktop/Dirichlet Study/hake/RUN1/hake_ex108.inp"
109,"hake_ex109.inp","C:/Users/Jon.Brodziak/Desktop/Dirichlet Study/hake/RUN1/hake_ex109.inp"
110,"hake_ex110.inp","C:/Users/Jon.Brodziak/Desktop/Dirichlet Study/hake/RUN1/hake_ex110.inp"
111,"hake_ex111.inp","C:/Users/Jon.Brodziak/Desktop/Dirichlet Study/hake/RUN1/hake_ex111.inp"
112,"hake_ex112.inp","C:/Users/Jon.Brodziak/Desktop/Dirichlet Study/hake/RUN1/hake_ex112.inp"
113,"hake_ex113.inp","C:/Users/Jon.Brodziak/Desktop/Dirichlet Study/hake/RUN1/hake_ex113.inp"
114,"hake_ex114.inp","C:/Users/Jon.Brodziak/Desktop/Dirichlet Study/hake/RUN1/hake_ex114.inp"
115,"hake_ex115.inp","C:/Users/Jon.Brodziak/Desktop/Dirichlet Study/hake/RUN1/hake_ex115.inp"
116,"hake_ex116.inp","C:/Users/Jon.Brodziak/Desktop/Dirichlet Study/hake/RUN1/hake_ex116.inp"
117,"hake_ex117.inp","C:/Users/Jon.Brodziak/Desktop/Dirichlet Study/hake/RUN1/hake_ex117.inp"
118,"hake_ex118.inp","C:/Users/Jon.Brodziak/Desktop/Dirichlet Study/hake/RUN1/hake_ex118.inp"
119,"hake_ex119.inp","C:/Users/Jon.Brodziak/Desktop/Dirichlet Study/hake/RUN1/hake_ex119.inp"
120,"hake_ex120.inp","C:/Users/Jon.Brodziak/Desktop/Dirichlet Study/hake/RUN1/hake_ex120.inp"
121,"hake_ex121.inp","C:/Users/Jon.Brodziak/Desktop/Dirichlet Study/hake/RUN1/hake_ex121.inp"
122,"hake_ex122.inp","C:/Users/Jon.Brodziak/Desktop/Dirichlet Study/hake/RUN1/hake_ex122.inp"
123,"hake_ex123.inp","C:/Users/Jon.Brodziak/Desktop/Dirichlet Study/hake/RUN1/hake_ex123.inp"
124,"hake_ex124.inp","C:/Users/Jon.Brodziak/Desktop/Dirichlet Study/hake/RUN1/hake_ex124.inp"
125,"hake_ex125.inp","C:/Users/Jon.Brodziak/Desktop/Dirichlet Study/hake/RUN1/hake_ex125.inp"
126,"hake_ex126.inp","C:/Users/Jon.Brodziak/Desktop/Dirichlet Study/hake/RUN1/hake_ex126.inp"
127,"hake_ex127.inp","C:/Users/Jon.Brodziak/Desktop/Dirichlet Study/hake/RUN1/hake_ex127.inp"
128,"hake_ex128.inp","C:/Users/Jon.Brodziak/Desktop/Dirichlet Study/hake/RUN1/hake_ex128.inp"
129,"hake_ex129.inp","C:/Users/Jon.Brodziak/Desktop/Dirichlet Study/hake/RUN1/hake_ex129.inp"
130,"hake_ex130.inp","C:/Users/Jon.Brodziak/Desktop/Dirichlet Study/hake/RUN1/hake_ex130.inp"
131,"hake_ex131.inp","C:/Users/Jon.Brodziak/Desktop/Dirichlet Study/hake/RUN1/hake_ex131.inp"
132,"hake_ex132.inp","C:/Users/Jon.Brodziak/Desktop/Dirichlet Study/hake/RUN1/hake_ex132.inp"
133,"hake_ex133.inp","C:/Users/Jon.Brodziak/Desktop/Dirichlet Study/hake/RUN1/hake_ex133.inp"
134,"hake_ex134.inp","C:/Users/Jon.Brodziak/Desktop/Dirichlet Study/hake/RUN1/hake_ex134.inp"
135,"hake_ex135.inp","C:/Users/Jon.Brodziak/Desktop/Dirichlet Study/hake/RUN1/hake_ex135.inp"
136,"hake_ex136.inp","C:/Users/Jon.Brodziak/Desktop/Dirichlet Study/hake/RUN1/hake_ex136.inp"
137,"hake_ex137.inp","C:/Users/Jon.Brodziak/Desktop/Dirichlet Study/hake/RUN1/hake_ex137.inp"
138,"hake_ex138.inp","C:/Users/Jon.Brodziak/Desktop/Dirichlet Study/hake/RUN1/hake_ex138.inp"
139,"hake_ex139.inp","C:/Users/Jon.Brodziak/Desktop/Dirichlet Study/hake/RUN1/hake_ex139.inp"
140,"hake_ex140.inp","C:/Users/Jon.Brodziak/Desktop/Dirichlet Study/hake/RUN1/hake_ex140.inp"
141,"hake_ex141.inp","C:/Users/Jon.Brodziak/Desktop/Dirichlet Study/hake/RUN1/hake_ex141.inp"
142,"hake_ex142.inp","C:/Users/Jon.Brodziak/Desktop/Dirichlet Study/hake/RUN1/hake_ex142.inp"
143,"hake_ex143.inp","C:/Users/Jon.Brodziak/Desktop/Dirichlet Study/hake/RUN1/hake_ex143.inp"
144,"hake_ex144.inp","C:/Users/Jon.Brodziak/Desktop/Dirichlet Study/hake/RUN1/hake_ex144.inp"
145,"hake_ex145.inp","C:/Users/Jon.Brodziak/Desktop/Dirichlet Study/hake/RUN1/hake_ex145.inp"
146,"hake_ex146.inp","C:/Users/Jon.Brodziak/Desktop/Dirichlet Study/hake/RUN1/hake_ex146.inp"
147,"hake_ex147.inp","C:/Users/Jon.Brodziak/Desktop/Dirichlet Study/hake/RUN1/hake_ex147.inp"
148,"hake_ex148.inp","C:/Users/Jon.Brodziak/Desktop/Dirichlet Study/hake/RUN1/hake_ex148.inp"
149,"hake_ex149.inp","C:/Users/Jon.Brodziak/Desktop/Dirichlet Study/hake/RUN1/hake_ex149.inp"
150,"hake_ex150.inp","C:/Users/Jon.Brodziak/Desktop/Dirichlet Study/hake/RUN1/hake_ex150.inp"
151,"hake_ex151.inp","C:/Users/Jon.Brodziak/Desktop/Dirichlet Study/hake/RUN1/hake_ex151.inp"
152,"hake_ex152.inp","C:/Users/Jon.Brodziak/Desktop/Dirichlet Study/hake/RUN1/hake_ex152.inp"
153,"hake_ex153.inp","C:/Users/Jon.Brodziak/Desktop/Dirichlet Study/hake/RUN1/hake_ex153.inp"
154,"hake_ex154.inp","C:/Users/Jon.Brodziak/Desktop/Dirichlet Study/hake/RUN1/hake_ex154.inp"
155,"hake_ex155.inp","C:/Users/Jon.Brodziak/Desktop/Dirichlet Study/hake/RUN1/hake_ex155.inp"
156,"hake_ex156.inp","C:/Users/Jon.Brodziak/Desktop/Dirichlet Study/hake/RUN1/hake_ex156.inp"
157,"hake_ex157.inp","C:/Users/Jon.Brodziak/Desktop/Dirichlet Study/hake/RUN1/hake_ex157.inp"
158,"hake_ex158.inp","C:/Users/Jon.Brodziak/Desktop/Dirichlet Study/hake/RUN1/hake_ex158.inp"
159,"hake_ex159.inp","C:/Users/Jon.Brodziak/Desktop/Dirichlet Study/hake/RUN1/hake_ex159.inp"
160,"hake_ex160.inp","C:/Users/Jon.Brodziak/Desktop/Dirichlet Study/hake/RUN1/hake_ex160.inp"
161,"hake_ex161.inp","C:/Users/Jon.Brodziak/Desktop/Dirichlet Study/hake/RUN1/hake_ex161.inp"
162,"hake_ex162.inp","C:/Users/Jon.Brodziak/Desktop/Dirichlet Study/hake/RUN1/hake_ex162.inp"
163,"hake_ex163.inp","C:/Users/Jon.Brodziak/Desktop/Dirichlet Study/hake/RUN1/hake_ex163.inp"
164,"hake_ex164.inp","C:/Users/Jon.Brodziak/Desktop/Dirichlet Study/hake/RUN1/hake_ex164.inp"
165,"hake_ex165.inp","C:/Users/Jon.Brodziak/Desktop/Dirichlet Study/hake/RUN1/hake_ex165.inp"
166,"hake_ex166.inp","C:/Users/Jon.Brodziak/Desktop/Dirichlet Study/hake/RUN1/hake_ex166.inp"
167,"hake_ex167.inp","C:/Users/Jon.Brodziak/Desktop/Dirichlet Study/hake/RUN1/hake_ex167.inp"
168,"hake_ex168.inp","C:/Users/Jon.Brodziak/Desktop/Dirichlet Study/hake/RUN1/hake_ex168.inp"
169,"hake_ex169.inp","C:/Users/Jon.Brodziak/Desktop/Dirichlet Study/hake/RUN1/hake_ex169.inp"
170,"hake_ex170.inp","C:/Users/Jon.Brodziak/Desktop/Dirichlet Study/hake/RUN1/hake_ex170.inp"
171,"hake_ex171.inp","C:/Users/Jon.Brodziak/Desktop/Dirichlet Study/hake/RUN1/hake_ex171.inp"
172,"hake_ex172.inp","C:/Users/Jon.Brodziak/Desktop/Dirichlet Study/hake/RUN1/hake_ex172.inp"
173,"hake_ex173.inp","C:/Users/Jon.Brodziak/Desktop/Dirichlet Study/hake/RUN1/hake_ex173.inp"
174,"hake_ex174.inp","C:/Users/Jon.Brodziak/Desktop/Dirichlet Study/hake/RUN1/hake_ex174.inp"
175,"hake_ex175.inp","C:/Users/Jon.Brodziak/Desktop/Dirichlet Study/hake/RUN1/hake_ex175.inp"
176,"hake_ex176.inp","C:/Users/Jon.Brodziak/Desktop/Dirichlet Study/hake/RUN1/hake_ex176.inp"
177,"hake_ex177.inp","C:/Users/Jon.Brodziak/Desktop/Dirichlet Study/hake/RUN1/hake_ex177.inp"
178,"hake_ex178.inp","C:/Users/Jon.Brodziak/Desktop/Dirichlet Study/hake/RUN1/hake_ex178.inp"
179,"hake_ex179.inp","C:/Users/Jon.Brodziak/Desktop/Dirichlet Study/hake/RUN1/hake_ex179.inp"
180,"hake_ex180.inp","C:/Users/Jon.Brodziak/Desktop/Dirichlet Study/hake/RUN1/hake_ex180.inp"
181,"hake_ex181.inp","C:/Users/Jon.Brodziak/Desktop/Dirichlet Study/hake/RUN1/hake_ex181.inp"
182,"hake_ex182.inp","C:/Users/Jon.Brodziak/Desktop/Dirichlet Study/hake/RUN1/hake_ex182.inp"
183,"hake_ex183.inp","C:/Users/Jon.Brodziak/Desktop/Dirichlet Study/hake/RUN1/hake_ex183.inp"
184,"hake_ex184.inp","C:/Users/Jon.Brodziak/Desktop/Dirichlet Study/hake/RUN1/hake_ex184.inp"
185,"hake_ex185.inp","C:/Users/Jon.Brodziak/Desktop/Dirichlet Study/hake/RUN1/hake_ex185.inp"
186,"hake_ex186.inp","C:/Users/Jon.Brodziak/Desktop/Dirichlet Study/hake/RUN1/hake_ex186.inp"
187,"hake_ex187.inp","C:/Users/Jon.Brodziak/Desktop/Dirichlet Study/hake/RUN1/hake_ex187.inp"
188,"hake_ex188.inp","C:/Users/Jon.Brodziak/Desktop/Dirichlet Study/hake/RUN1/hake_ex188.inp"
189,"hake_ex189.inp","C:/Users/Jon.Brodziak/Desktop/Dirichlet Study/hake/RUN1/hake_ex189.inp"
190,"hake_ex190.inp","C:/Users/Jon.Brodziak/Desktop/Dirichlet Study/hake/RUN1/hake_ex190.inp"
191,"hake_ex191.inp","C:/Users/Jon.Brodziak/Desktop/Dirichlet Study/hake/RUN1/hake_ex191.inp"
192,"hake_ex192.inp","C:/Users/Jon.Brodziak/Desktop/Dirichlet Study/hake/RUN1/hake_ex192.inp"
193,"hake_ex193.inp","C:/Users/Jon.Brodziak/Desktop/Dirichlet Study/hake/RUN1/hake_ex193.inp"
194,"hake_ex194.inp","C:/Users/Jon.Brodziak/Desktop/Dirichlet Study/hake/RUN1/hake_ex194.inp"
195,"hake_ex195.inp","C:/Users/Jon.Brodziak/Desktop/Dirichlet Study/hake/RUN1/hake_ex195.inp"
196,"hake_ex196.inp","C:/Users/Jon.Brodziak/Desktop/Dirichlet Study/hake/RUN1/hake_ex196.inp"
197,"hake_ex197.inp","C:/Users/Jon.Brodziak/Desktop/Dirichlet Study/hake/RUN1/hake_ex197.inp"
198,"hake_ex198.inp","C:/Users/Jon.Brodziak/Desktop/Dirichlet Study/hake/RUN1/hake_ex198.inp"
199,"hake_ex199.inp","C:/Users/Jon.Brodziak/Desktop/Dirichlet Study/hake/RUN1/hake_ex199.inp"
200,"hake_ex200.inp","C:/Users/Jon.Brodziak/Desktop/Dirichlet Study/hake/RUN1/hake_ex200.inp"
201,"hake_ex201.inp","C:/Users/Jon.Brodziak/Desktop/Dirichlet Study/hake/RUN1/hake_ex201.inp"
202,"hake_ex202.inp","C:/Users/Jon.Brodziak/Desktop/Dirichlet Study/hake/RUN1/hake_ex202.inp"
203,"hake_ex203.inp","C:/Users/Jon.Brodziak/Desktop/Dirichlet Study/hake/RUN1/hake_ex203.inp"
204,"hake_ex204.inp","C:/Users/Jon.Brodziak/Desktop/Dirichlet Study/hake/RUN1/hake_ex204.inp"
205,"hake_ex205.inp","C:/Users/Jon.Brodziak/Desktop/Dirichlet Study/hake/RUN1/hake_ex205.inp"
206,"hake_ex206.inp","C:/Users/Jon.Brodziak/Desktop/Dirichlet Study/hake/RUN1/hake_ex206.inp"
207,"hake_ex207.inp","C:/Users/Jon.Brodziak/Desktop/Dirichlet Study/hake/RUN1/hake_ex207.inp"
208,"hake_ex208.inp","C:/Users/Jon.Brodziak/Desktop/Dirichlet Study/hake/RUN1/hake_ex208.inp"
209,"hake_ex209.inp","C:/Users/Jon.Brodziak/Desktop/Dirichlet Study/hake/RUN1/hake_ex209.inp"
210,"hake_ex210.inp","C:/Users/Jon.Brodziak/Desktop/Dirichlet Study/hake/RUN1/hake_ex210.inp"
211,"hake_ex211.inp","C:/Users/Jon.Brodziak/Desktop/Dirichlet Study/hake/RUN1/hake_ex211.inp"
212,"hake_ex212.inp","C:/Users/Jon.Brodziak/Desktop/Dirichlet Study/hake/RUN1/hake_ex212.inp"
213,"hake_ex213.inp","C:/Users/Jon.Brodziak/Desktop/Dirichlet Study/hake/RUN1/hake_ex213.inp"
214,"hake_ex214.inp","C:/Users/Jon.Brodziak/Desktop/Dirichlet Study/hake/RUN1/hake_ex214.inp"
215,"hake_ex215.inp","C:/Users/Jon.Brodziak/Desktop/Dirichlet Study/hake/RUN1/hake_ex215.inp"
216,"hake_ex216.inp","C:/Users/Jon.Brodziak/Desktop/Dirichlet Study/hake/RUN1/hake_ex216.inp"
217,"hake_ex217.inp","C:/Users/Jon.Brodziak/Desktop/Dirichlet Study/hake/RUN1/hake_ex217.inp"
218,"hake_ex218.inp","C:/Users/Jon.Brodziak/Desktop/Dirichlet Study/hake/RUN1/hake_ex218.inp"
219,"hake_ex219.inp","C:/Users/Jon.Brodziak/Desktop/Dirichlet Study/hake/RUN1/hake_ex219.inp"
220,"hake_ex220.inp","C:/Users/Jon.Brodziak/Desktop/Dirichlet Study/hake/RUN1/hake_ex220.inp"
221,"hake_ex221.inp","C:/Users/Jon.Brodziak/Desktop/Dirichlet Study/hake/RUN1/hake_ex221.inp"
222,"hake_ex222.inp","C:/Users/Jon.Brodziak/Desktop/Dirichlet Study/hake/RUN1/hake_ex222.inp"
223,"hake_ex223.inp","C:/Users/Jon.Brodziak/Desktop/Dirichlet Study/hake/RUN1/hake_ex223.inp"
224,"hake_ex224.inp","C:/Users/Jon.Brodziak/Desktop/Dirichlet Study/hake/RUN1/hake_ex224.inp"
225,"hake_ex225.inp","C:/Users/Jon.Brodziak/Desktop/Dirichlet Study/hake/RUN1/hake_ex225.inp"
226,"hake_ex226.inp","C:/Users/Jon.Brodziak/Desktop/Dirichlet Study/hake/RUN1/hake_ex226.inp"
227,"hake_ex227.inp","C:/Users/Jon.Brodziak/Desktop/Dirichlet Study/hake/RUN1/hake_ex227.inp"
228,"hake_ex228.inp","C:/Users/Jon.Brodziak/Desktop/Dirichlet Study/hake/RUN1/hake_ex228.inp"
229,"hake_ex229.inp","C:/Users/Jon.Brodziak/Desktop/Dirichlet Study/hake/RUN1/hake_ex229.inp"
230,"hake_ex230.inp","C:/Users/Jon.Brodziak/Desktop/Dirichlet Study/hake/RUN1/hake_ex230.inp"
231,"hake_ex231.inp","C:/Users/Jon.Brodziak/Desktop/Dirichlet Study/hake/RUN1/hake_ex231.inp"
232,"hake_ex232.inp","C:/Users/Jon.Brodziak/Desktop/Dirichlet Study/hake/RUN1/hake_ex232.inp"
233,"hake_ex233.inp","C:/Users/Jon.Brodziak/Desktop/Dirichlet Study/hake/RUN1/hake_ex233.inp"
234,"hake_ex234.inp","C:/Users/Jon.Brodziak/Desktop/Dirichlet Study/hake/RUN1/hake_ex234.inp"
235,"hake_ex235.inp","C:/Users/Jon.Brodziak/Desktop/Dirichlet Study/hake/RUN1/hake_ex235.inp"
236,"hake_ex236.inp","C:/Users/Jon.Brodziak/Desktop/Dirichlet Study/hake/RUN1/hake_ex236.inp"
237,"hake_ex237.inp","C:/Users/Jon.Brodziak/Desktop/Dirichlet Study/hake/RUN1/hake_ex237.inp"
238,"hake_ex238.inp","C:/Users/Jon.Brodziak/Desktop/Dirichlet Study/hake/RUN1/hake_ex238.inp"
239,"hake_ex239.inp","C:/Users/Jon.Brodziak/Desktop/Dirichlet Study/hake/RUN1/hake_ex239.inp"
240,"hake_ex240.inp","C:/Users/Jon.Brodziak/Desktop/Dirichlet Study/hake/RUN1/hake_ex240.inp"
241,"hake_ex241.inp","C:/Users/Jon.Brodziak/Desktop/Dirichlet Study/hake/RUN1/hake_ex241.inp"
242,"hake_ex242.inp","C:/Users/Jon.Brodziak/Desktop/Dirichlet Study/hake/RUN1/hake_ex242.inp"
243,"hake_ex243.inp","C:/Users/Jon.Brodziak/Desktop/Dirichlet Study/hake/RUN1/hake_ex243.inp"
244,"hake_ex244.inp","C:/Users/Jon.Brodziak/Desktop/Dirichlet Study/hake/RUN1/hake_ex244.inp"
245,"hake_ex245.inp","C:/Users/Jon.Brodziak/Desktop/Dirichlet Study/hake/RUN1/hake_ex245.inp"
246,"hake_ex246.inp","C:/Users/Jon.Brodziak/Desktop/Dirichlet Study/hake/RUN1/hake_ex246.inp"
247,"hake_ex247.inp","C:/Users/Jon.Brodziak/Desktop/Dirichlet Study/hake/RUN1/hake_ex247.inp"
248,"hake_ex248.inp","C:/Users/Jon.Brodziak/Desktop/Dirichlet Study/hake/RUN1/hake_ex248.inp"
249,"hake_ex249.inp","C:/Users/Jon.Brodziak/Desktop/Dirichlet Study/hake/RUN1/hake_ex249.inp"
250,"hake_ex250.inp","C:/Users/Jon.Brodziak/Desktop/Dirichlet Study/hake/RUN1/hake_ex250.inp"
251,"hake_ex251.inp","C:/Users/Jon.Brodziak/Desktop/Dirichlet Study/hake/RUN1/hake_ex251.inp"
252,"hake_ex252.inp","C:/Users/Jon.Brodziak/Desktop/Dirichlet Study/hake/RUN1/hake_ex252.inp"
253,"hake_ex253.inp","C:/Users/Jon.Brodziak/Desktop/Dirichlet Study/hake/RUN1/hake_ex253.inp"
254,"hake_ex254.inp","C:/Users/Jon.Brodziak/Desktop/Dirichlet Study/hake/RUN1/hake_ex254.inp"
255,"hake_ex255.inp","C:/Users/Jon.Brodziak/Desktop/Dirichlet Study/hake/RUN1/hake_ex255.inp"
256,"hake_ex256.inp","C:/Users/Jon.Brodziak/Desktop/Dirichlet Study/hake/RUN1/hake_ex256.inp"
257,"hake_ex257.inp","C:/Users/Jon.Brodziak/Desktop/Dirichlet Study/hake/RUN1/hake_ex257.inp"
258,"hake_ex258.inp","C:/Users/Jon.Brodziak/Desktop/Dirichlet Study/hake/RUN1/hake_ex258.inp"
259,"hake_ex259.inp","C:/Users/Jon.Brodziak/Desktop/Dirichlet Study/hake/RUN1/hake_ex259.inp"
260,"hake_ex260.inp","C:/Users/Jon.Brodziak/Desktop/Dirichlet Study/hake/RUN1/hake_ex260.inp"
261,"hake_ex261.inp","C:/Users/Jon.Brodziak/Desktop/Dirichlet Study/hake/RUN1/hake_ex261.inp"
262,"hake_ex262.inp","C:/Users/Jon.Brodziak/Desktop/Dirichlet Study/hake/RUN1/hake_ex262.inp"
263,"hake_ex263.inp","C:/Users/Jon.Brodziak/Desktop/Dirichlet Study/hake/RUN1/hake_ex263.inp"
264,"hake_ex264.inp","C:/Users/Jon.Brodziak/Desktop/Dirichlet Study/hake/RUN1/hake_ex264.inp"
265,"hake_ex265.inp","C:/Users/Jon.Brodziak/Desktop/Dirichlet Study/hake/RUN1/hake_ex265.inp"
266,"hake_ex266.inp","C:/Users/Jon.Brodziak/Desktop/Dirichlet Study/hake/RUN1/hake_ex266.inp"
267,"hake_ex267.inp","C:/Users/Jon.Brodziak/Desktop/Dirichlet Study/hake/RUN1/hake_ex267.inp"
268,"hake_ex268.inp","C:/Users/Jon.Brodziak/Desktop/Dirichlet Study/hake/RUN1/hake_ex268.inp"
269,"hake_ex269.inp","C:/Users/Jon.Brodziak/Desktop/Dirichlet Study/hake/RUN1/hake_ex269.inp"
270,"hake_ex270.inp","C:/Users/Jon.Brodziak/Desktop/Dirichlet Study/hake/RUN1/hake_ex270.inp"
271,"hake_ex271.inp","C:/Users/Jon.Brodziak/Desktop/Dirichlet Study/hake/RUN1/hake_ex271.inp"
272,"hake_ex272.inp","C:/Users/Jon.Brodziak/Desktop/Dirichlet Study/hake/RUN1/hake_ex272.inp"
273,"hake_ex273.inp","C:/Users/Jon.Brodziak/Desktop/Dirichlet Study/hake/RUN1/hake_ex273.inp"
274,"hake_ex274.inp","C:/Users/Jon.Brodziak/Desktop/Dirichlet Study/hake/RUN1/hake_ex274.inp"
275,"hake_ex275.inp","C:/Users/Jon.Brodziak/Desktop/Dirichlet Study/hake/RUN1/hake_ex275.inp"
276,"hake_ex276.inp","C:/Users/Jon.Brodziak/Desktop/Dirichlet Study/hake/RUN1/hake_ex276.inp"
277,"hake_ex277.inp","C:/Users/Jon.Brodziak/Desktop/Dirichlet Study/hake/RUN1/hake_ex277.inp"
278,"hake_ex278.inp","C:/Users/Jon.Brodziak/Desktop/Dirichlet Study/hake/RUN1/hake_ex278.inp"
279,"hake_ex279.inp","C:/Users/Jon.Brodziak/Desktop/Dirichlet Study/hake/RUN1/hake_ex279.inp"
280,"hake_ex280.inp","C:/Users/Jon.Brodziak/Desktop/Dirichlet Study/hake/RUN1/hake_ex280.inp"
281,"hake_ex281.inp","C:/Users/Jon.Brodziak/Desktop/Dirichlet Study/hake/RUN1/hake_ex281.inp"
282,"hake_ex282.inp","C:/Users/Jon.Brodziak/Desktop/Dirichlet Study/hake/RUN1/hake_ex282.inp"
283,"hake_ex283.inp","C:/Users/Jon.Brodziak/Desktop/Dirichlet Study/hake/RUN1/hake_ex283.inp"
284,"hake_ex284.inp","C:/Users/Jon.Brodziak/Desktop/Dirichlet Study/hake/RUN1/hake_ex284.inp"
285,"hake_ex285.inp","C:/Users/Jon.Brodziak/Desktop/Dirichlet Study/hake/RUN1/hake_ex285.inp"
286,"hake_ex286.inp","C:/Users/Jon.Brodziak/Desktop/Dirichlet Study/hake/RUN1/hake_ex286.inp"
287,"hake_ex287.inp","C:/Users/Jon.Brodziak/Desktop/Dirichlet Study/hake/RUN1/hake_ex287.inp"
288,"hake_ex288.inp","C:/Users/Jon.Brodziak/Desktop/Dirichlet Study/hake/RUN1/hake_ex288.inp"
289,"hake_ex289.inp","C:/Users/Jon.Brodziak/Desktop/Dirichlet Study/hake/RUN1/hake_ex289.inp"
290,"hake_ex290.inp","C:/Users/Jon.Brodziak/Desktop/Dirichlet Study/hake/RUN1/hake_ex290.inp"
291,"hake_ex291.inp","C:/Users/Jon.Brodziak/Desktop/Dirichlet Study/hake/RUN1/hake_ex291.inp"
292,"hake_ex292.inp","C:/Users/Jon.Brodziak/Desktop/Dirichlet Study/hake/RUN1/hake_ex292.inp"
293,"hake_ex293.inp","C:/Users/Jon.Brodziak/Desktop/Dirichlet Study/hake/RUN1/hake_ex293.inp"
294,"hake_ex294.inp","C:/Users/Jon.Brodziak/Desktop/Dirichlet Study/hake/RUN1/hake_ex294.inp"
295,"hake_ex295.inp","C:/Users/Jon.Brodziak/Desktop/Dirichlet Study/hake/RUN1/hake_ex295.inp"
296,"hake_ex296.inp","C:/Users/Jon.Brodziak/Desktop/Dirichlet Study/hake/RUN1/hake_ex296.inp"
297,"hake_ex297.inp","C:/Users/Jon.Brodziak/Desktop/Dirichlet Study/hake/RUN1/hake_ex297.inp"
298,"hake_ex298.inp","C:/Users/Jon.Brodziak/Desktop/Dirichlet Study/hake/RUN1/hake_ex298.inp"
299,"hake_ex299.inp","C:/Users/Jon.Brodziak/Desktop/Dirichlet Study/hake/RUN1/hake_ex299.inp"
300,"hake_ex300.inp","C:/Users/Jon.Brodziak/Desktop/Dirichlet Study/hake/RUN1/hake_ex300.inp"
301,"hake_ex301.inp","C:/Users/Jon.Brodziak/Desktop/Dirichlet Study/hake/RUN1/hake_ex301.inp"
302,"hake_ex302.inp","C:/Users/Jon.Brodziak/Desktop/Dirichlet Study/hake/RUN1/hake_ex302.inp"
303,"hake_ex303.inp","C:/Users/Jon.Brodziak/Desktop/Dirichlet Study/hake/RUN1/hake_ex303.inp"
304,"hake_ex304.inp","C:/Users/Jon.Brodziak/Desktop/Dirichlet Study/hake/RUN1/hake_ex304.inp"
305,"hake_ex305.inp","C:/Users/Jon.Brodziak/Desktop/Dirichlet Study/hake/RUN1/hake_ex305.inp"
306,"hake_ex306.inp","C:/Users/Jon.Brodziak/Desktop/Dirichlet Study/hake/RUN1/hake_ex306.inp"
307,"hake_ex307.inp","C:/Users/Jon.Brodziak/Desktop/Dirichlet Study/hake/RUN1/hake_ex307.inp"
308,"hake_ex308.inp","C:/Users/Jon.Brodziak/Desktop/Dirichlet Study/hake/RUN1/hake_ex308.inp"
309,"hake_ex309.inp","C:/Users/Jon.Brodziak/Desktop/Dirichlet Study/hake/RUN1/hake_ex309.inp"
310,"hake_ex310.inp","C:/Users/Jon.Brodziak/Desktop/Dirichlet Study/hake/RUN1/hake_ex310.inp"
311,"hake_ex311.inp","C:/Users/Jon.Brodziak/Desktop/Dirichlet Study/hake/RUN1/hake_ex311.inp"
312,"hake_ex312.inp","C:/Users/Jon.Brodziak/Desktop/Dirichlet Study/hake/RUN1/hake_ex312.inp"
313,"hake_ex313.inp","C:/Users/Jon.Brodziak/Desktop/Dirichlet Study/hake/RUN1/hake_ex313.inp"
314,"hake_ex314.inp","C:/Users/Jon.Brodziak/Desktop/Dirichlet Study/hake/RUN1/hake_ex314.inp"
315,"hake_ex315.inp","C:/Users/Jon.Brodziak/Desktop/Dirichlet Study/hake/RUN1/hake_ex315.inp"
316,"hake_ex316.inp","C:/Users/Jon.Brodziak/Desktop/Dirichlet Study/hake/RUN1/hake_ex316.inp"
317,"hake_ex317.inp","C:/Users/Jon.Brodziak/Desktop/Dirichlet Study/hake/RUN1/hake_ex317.inp"
318,"hake_ex318.inp","C:/Users/Jon.Brodziak/Desktop/Dirichlet Study/hake/RUN1/hake_ex318.inp"
319,"hake_ex319.inp","C:/Users/Jon.Brodziak/Desktop/Dirichlet Study/hake/RUN1/hake_ex319.inp"
320,"hake_ex320.inp","C:/Users/Jon.Brodziak/Desktop/Dirichlet Study/hake/RUN1/hake_ex320.inp"
321,"hake_ex321.inp","C:/Users/Jon.Brodziak/Desktop/Dirichlet Study/hake/RUN1/hake_ex321.inp"
322,"hake_ex322.inp","C:/Users/Jon.Brodziak/Desktop/Dirichlet Study/hake/RUN1/hake_ex322.inp"
323,"hake_ex323.inp","C:/Users/Jon.Brodziak/Desktop/Dirichlet Study/hake/RUN1/hake_ex323.inp"
324,"hake_ex324.inp","C:/Users/Jon.Brodziak/Desktop/Dirichlet Study/hake/RUN1/hake_ex324.inp"
325,"hake_ex325.inp","C:/Users/Jon.Brodziak/Desktop/Dirichlet Study/hake/RUN1/hake_ex325.inp"
326,"hake_ex326.inp","C:/Users/Jon.Brodziak/Desktop/Dirichlet Study/hake/RUN1/hake_ex326.inp"
327,"hake_ex327.inp","C:/Users/Jon.Brodziak/Desktop/Dirichlet Study/hake/RUN1/hake_ex327.inp"
328,"hake_ex328.inp","C:/Users/Jon.Brodziak/Desktop/Dirichlet Study/hake/RUN1/hake_ex328.inp"
329,"hake_ex329.inp","C:/Users/Jon.Brodziak/Desktop/Dirichlet Study/hake/RUN1/hake_ex329.inp"
330,"hake_ex330.inp","C:/Users/Jon.Brodziak/Desktop/Dirichlet Study/hake/RUN1/hake_ex330.inp"
331,"hake_ex331.inp","C:/Users/Jon.Brodziak/Desktop/Dirichlet Study/hake/RUN1/hake_ex331.inp"
332,"hake_ex332.inp","C:/Users/Jon.Brodziak/Desktop/Dirichlet Study/hake/RUN1/hake_ex332.inp"
333,"hake_ex333.inp","C:/Users/Jon.Brodziak/Desktop/Dirichlet Study/hake/RUN1/hake_ex333.inp"
334,"hake_ex334.inp","C:/Users/Jon.Brodziak/Desktop/Dirichlet Study/hake/RUN1/hake_ex334.inp"
335,"hake_ex335.inp","C:/Users/Jon.Brodziak/Desktop/Dirichlet Study/hake/RUN1/hake_ex335.inp"
336,"hake_ex336.inp","C:/Users/Jon.Brodziak/Desktop/Dirichlet Study/hake/RUN1/hake_ex336.inp"
337,"hake_ex337.inp","C:/Users/Jon.Brodziak/Desktop/Dirichlet Study/hake/RUN1/hake_ex337.inp"
338,"hake_ex338.inp","C:/Users/Jon.Brodziak/Desktop/Dirichlet Study/hake/RUN1/hake_ex338.inp"
339,"hake_ex339.inp","C:/Users/Jon.Brodziak/Desktop/Dirichlet Study/hake/RUN1/hake_ex339.inp"
340,"hake_ex340.inp","C:/Users/Jon.Brodziak/Desktop/Dirichlet Study/hake/RUN1/hake_ex340.inp"
341,"hake_ex341.inp","C:/Users/Jon.Brodziak/Desktop/Dirichlet Study/hake/RUN1/hake_ex341.inp"
342,"hake_ex342.inp","C:/Users/Jon.Brodziak/Desktop/Dirichlet Study/hake/RUN1/hake_ex342.inp"
343,"hake_ex343.inp","C:/Users/Jon.Brodziak/Desktop/Dirichlet Study/hake/RUN1/hake_ex343.inp"
344,"hake_ex344.inp","C:/Users/Jon.Brodziak/Desktop/Dirichlet Study/hake/RUN1/hake_ex344.inp"
345,"hake_ex345.inp","C:/Users/Jon.Brodziak/Desktop/Dirichlet Study/hake/RUN1/hake_ex345.inp"
346,"hake_ex346.inp","C:/Users/Jon.Brodziak/Desktop/Dirichlet Study/hake/RUN1/hake_ex346.inp"
347,"hake_ex347.inp","C:/Users/Jon.Brodziak/Desktop/Dirichlet Study/hake/RUN1/hake_ex347.inp"
348,"hake_ex348.inp","C:/Users/Jon.Brodziak/Desktop/Dirichlet Study/hake/RUN1/hake_ex348.inp"
349,"hake_ex349.inp","C:/Users/Jon.Brodziak/Desktop/Dirichlet Study/hake/RUN1/hake_ex349.inp"
350,"hake_ex350.inp","C:/Users/Jon.Brodziak/Desktop/Dirichlet Study/hake/RUN1/hake_ex350.inp"
351,"hake_ex351.inp","C:/Users/Jon.Brodziak/Desktop/Dirichlet Study/hake/RUN1/hake_ex351.inp"
352,"hake_ex352.inp","C:/Users/Jon.Brodziak/Desktop/Dirichlet Study/hake/RUN1/hake_ex352.inp"
353,"hake_ex353.inp","C:/Users/Jon.Brodziak/Desktop/Dirichlet Study/hake/RUN1/hake_ex353.inp"
354,"hake_ex354.inp","C:/Users/Jon.Brodziak/Desktop/Dirichlet Study/hake/RUN1/hake_ex354.inp"
355,"hake_ex355.inp","C:/Users/Jon.Brodziak/Desktop/Dirichlet Study/hake/RUN1/hake_ex355.inp"
356,"hake_ex356.inp","C:/Users/Jon.Brodziak/Desktop/Dirichlet Study/hake/RUN1/hake_ex356.inp"
357,"hake_ex357.inp","C:/Users/Jon.Brodziak/Desktop/Dirichlet Study/hake/RUN1/hake_ex357.inp"
358,"hake_ex358.inp","C:/Users/Jon.Brodziak/Desktop/Dirichlet Study/hake/RUN1/hake_ex358.inp"
359,"hake_ex359.inp","C:/Users/Jon.Brodziak/Desktop/Dirichlet Study/hake/RUN1/hake_ex359.inp"
360,"hake_ex360.inp","C:/Users/Jon.Brodziak/Desktop/Dirichlet Study/hake/RUN1/hake_ex360.inp"
361,"hake_ex361.inp","C:/Users/Jon.Brodziak/Desktop/Dirichlet Study/hake/RUN1/hake_ex361.inp"
362,"hake_ex362.inp","C:/Users/Jon.Brodziak/Desktop/Dirichlet Study/hake/RUN1/hake_ex362.inp"
363,"hake_ex363.inp","C:/Users/Jon.Brodziak/Desktop/Dirichlet Study/hake/RUN1/hake_ex363.inp"
364,"hake_ex364.inp","C:/Users/Jon.Brodziak/Desktop/Dirichlet Study/hake/RUN1/hake_ex364.inp"
365,"hake_ex365.inp","C:/Users/Jon.Brodziak/Desktop/Dirichlet Study/hake/RUN1/hake_ex365.inp"
366,"hake_ex366.inp","C:/Users/Jon.Brodziak/Desktop/Dirichlet Study/hake/RUN1/hake_ex366.inp"
367,"hake_ex367.inp","C:/Users/Jon.Brodziak/Desktop/Dirichlet Study/hake/RUN1/hake_ex367.inp"
368,"hake_ex368.inp","C:/Users/Jon.Brodziak/Desktop/Dirichlet Study/hake/RUN1/hake_ex368.inp"
369,"hake_ex369.inp","C:/Users/Jon.Brodziak/Desktop/Dirichlet Study/hake/RUN1/hake_ex369.inp"
370,"hake_ex370.inp","C:/Users/Jon.Brodziak/Desktop/Dirichlet Study/hake/RUN1/hake_ex370.inp"
371,"hake_ex371.inp","C:/Users/Jon.Brodziak/Desktop/Dirichlet Study/hake/RUN1/hake_ex371.inp"
372,"hake_ex372.inp","C:/Users/Jon.Brodziak/Desktop/Dirichlet Study/hake/RUN1/hake_ex372.inp"
373,"hake_ex373.inp","C:/Users/Jon.Brodziak/Desktop/Dirichlet Study/hake/RUN1/hake_ex373.inp"
374,"hake_ex374.inp","C:/Users/Jon.Brodziak/Desktop/Dirichlet Study/hake/RUN1/hake_ex374.inp"
375,"hake_ex375.inp","C:/Users/Jon.Brodziak/Desktop/Dirichlet Study/hake/RUN1/hake_ex375.inp"
376,"hake_ex376.inp","C:/Users/Jon.Brodziak/Desktop/Dirichlet Study/hake/RUN1/hake_ex376.inp"
377,"hake_ex377.inp","C:/Users/Jon.Brodziak/Desktop/Dirichlet Study/hake/RUN1/hake_ex377.inp"
378,"hake_ex378.inp","C:/Users/Jon.Brodziak/Desktop/Dirichlet Study/hake/RUN1/hake_ex378.inp"
379,"hake_ex379.inp","C:/Users/Jon.Brodziak/Desktop/Dirichlet Study/hake/RUN1/hake_ex379.inp"
380,"hake_ex380.inp","C:/Users/Jon.Brodziak/Desktop/Dirichlet Study/hake/RUN1/hake_ex380.inp"
381,"hake_ex381.inp","C:/Users/Jon.Brodziak/Desktop/Dirichlet Study/hake/RUN1/hake_ex381.inp"
382,"hake_ex382.inp","C:/Users/Jon.Brodziak/Desktop/Dirichlet Study/hake/RUN1/hake_ex382.inp"
383,"hake_ex383.inp","C:/Users/Jon.Brodziak/Desktop/Dirichlet Study/hake/RUN1/hake_ex383.inp"
384,"hake_ex384.inp","C:/Users/Jon.Brodziak/Desktop/Dirichlet Study/hake/RUN1/hake_ex384.inp"
385,"hake_ex385.inp","C:/Users/Jon.Brodziak/Desktop/Dirichlet Study/hake/RUN1/hake_ex385.inp"
386,"hake_ex386.inp","C:/Users/Jon.Brodziak/Desktop/Dirichlet Study/hake/RUN1/hake_ex386.inp"
387,"hake_ex387.inp","C:/Users/Jon.Brodziak/Desktop/Dirichlet Study/hake/RUN1/hake_ex387.inp"
388,"hake_ex388.inp","C:/Users/Jon.Brodziak/Desktop/Dirichlet Study/hake/RUN1/hake_ex388.inp"
389,"hake_ex389.inp","C:/Users/Jon.Brodziak/Desktop/Dirichlet Study/hake/RUN1/hake_ex389.inp"
390,"hake_ex390.inp","C:/Users/Jon.Brodziak/Desktop/Dirichlet Study/hake/RUN1/hake_ex390.inp"
391,"hake_ex391.inp","C:/Users/Jon.Brodziak/Desktop/Dirichlet Study/hake/RUN1/hake_ex391.inp"
392,"hake_ex392.inp","C:/Users/Jon.Brodziak/Desktop/Dirichlet Study/hake/RUN1/hake_ex392.inp"
393,"hake_ex393.inp","C:/Users/Jon.Brodziak/Desktop/Dirichlet Study/hake/RUN1/hake_ex393.inp"
394,"hake_ex394.inp","C:/Users/Jon.Brodziak/Desktop/Dirichlet Study/hake/RUN1/hake_ex394.inp"
395,"hake_ex395.inp","C:/Users/Jon.Brodziak/Desktop/Dirichlet Study/hake/RUN1/hake_ex395.inp"
396,"hake_ex396.inp","C:/Users/Jon.Brodziak/Desktop/Dirichlet Study/hake/RUN1/hake_ex396.inp"
397,"hake_ex397.inp","C:/Users/Jon.Brodziak/Desktop/Dirichlet Study/hake/RUN1/hake_ex397.inp"
398,"hake_ex398.inp","C:/Users/Jon.Brodziak/Desktop/Dirichlet Study/hake/RUN1/hake_ex398.inp"
399,"hake_ex399.inp","C:/Users/Jon.Brodziak/Desktop/Dirichlet Study/hake/RUN1/hake_ex399.inp"
400,"hake_ex400.inp","C:/Users/Jon.Brodziak/Desktop/Dirichlet Study/hake/RUN1/hake_ex400.inp"
401,"hake_ex401.inp","C:/Users/Jon.Brodziak/Desktop/Dirichlet Study/hake/RUN1/hake_ex401.inp"
402,"hake_ex402.inp","C:/Users/Jon.Brodziak/Desktop/Dirichlet Study/hake/RUN1/hake_ex402.inp"
403,"hake_ex403.inp","C:/Users/Jon.Brodziak/Desktop/Dirichlet Study/hake/RUN1/hake_ex403.inp"
404,"hake_ex404.inp","C:/Users/Jon.Brodziak/Desktop/Dirichlet Study/hake/RUN1/hake_ex404.inp"
405,"hake_ex405.inp","C:/Users/Jon.Brodziak/Desktop/Dirichlet Study/hake/RUN1/hake_ex405.inp"
406,"hake_ex406.inp","C:/Users/Jon.Brodziak/Desktop/Dirichlet Study/hake/RUN1/hake_ex406.inp"
407,"hake_ex407.inp","C:/Users/Jon.Brodziak/Desktop/Dirichlet Study/hake/RUN1/hake_ex407.inp"
408,"hake_ex408.inp","C:/Users/Jon.Brodziak/Desktop/Dirichlet Study/hake/RUN1/hake_ex408.inp"
409,"hake_ex409.inp","C:/Users/Jon.Brodziak/Desktop/Dirichlet Study/hake/RUN1/hake_ex409.inp"
410,"hake_ex410.inp","C:/Users/Jon.Brodziak/Desktop/Dirichlet Study/hake/RUN1/hake_ex410.inp"
411,"hake_ex411.inp","C:/Users/Jon.Brodziak/Desktop/Dirichlet Study/hake/RUN1/hake_ex411.inp"
412,"hake_ex412.inp","C:/Users/Jon.Brodziak/Desktop/Dirichlet Study/hake/RUN1/hake_ex412.inp"
413,"hake_ex413.inp","C:/Users/Jon.Brodziak/Desktop/Dirichlet Study/hake/RUN1/hake_ex413.inp"
414,"hake_ex414.inp","C:/Users/Jon.Brodziak/Desktop/Dirichlet Study/hake/RUN1/hake_ex414.inp"
415,"hake_ex415.inp","C:/Users/Jon.Brodziak/Desktop/Dirichlet Study/hake/RUN1/hake_ex415.inp"
416,"hake_ex416.inp","C:/Users/Jon.Brodziak/Desktop/Dirichlet Study/hake/RUN1/hake_ex416.inp"
417,"hake_ex417.inp","C:/Users/Jon.Brodziak/Desktop/Dirichlet Study/hake/RUN1/hake_ex417.inp"
418,"hake_ex418.inp","C:/Users/Jon.Brodziak/Desktop/Dirichlet Study/hake/RUN1/hake_ex418.inp"
419,"hake_ex419.inp","C:/Users/Jon.Brodziak/Desktop/Dirichlet Study/hake/RUN1/hake_ex419.inp"
420,"hake_ex420.inp","C:/Users/Jon.Brodziak/Desktop/Dirichlet Study/hake/RUN1/hake_ex420.inp"
421,"hake_ex421.inp","C:/Users/Jon.Brodziak/Desktop/Dirichlet Study/hake/RUN1/hake_ex421.inp"
422,"hake_ex422.inp","C:/Users/Jon.Brodziak/Desktop/Dirichlet Study/hake/RUN1/hake_ex422.inp"
423,"hake_ex423.inp","C:/Users/Jon.Brodziak/Desktop/Dirichlet Study/hake/RUN1/hake_ex423.inp"
424,"hake_ex424.inp","C:/Users/Jon.Brodziak/Desktop/Dirichlet Study/hake/RUN1/hake_ex424.inp"
425,"hake_ex425.inp","C:/Users/Jon.Brodziak/Desktop/Dirichlet Study/hake/RUN1/hake_ex425.inp"
426,"hake_ex426.inp","C:/Users/Jon.Brodziak/Desktop/Dirichlet Study/hake/RUN1/hake_ex426.inp"
427,"hake_ex427.inp","C:/Users/Jon.Brodziak/Desktop/Dirichlet Study/hake/RUN1/hake_ex427.inp"
428,"hake_ex428.inp","C:/Users/Jon.Brodziak/Desktop/Dirichlet Study/hake/RUN1/hake_ex428.inp"
429,"hake_ex429.inp","C:/Users/Jon.Brodziak/Desktop/Dirichlet Study/hake/RUN1/hake_ex429.inp"
430,"hake_ex430.inp","C:/Users/Jon.Brodziak/Desktop/Dirichlet Study/hake/RUN1/hake_ex430.inp"
431,"hake_ex431.inp","C:/Users/Jon.Brodziak/Desktop/Dirichlet Study/hake/RUN1/hake_ex431.inp"
432,"hake_ex432.inp","C:/Users/Jon.Brodziak/Desktop/Dirichlet Study/hake/RUN1/hake_ex432.inp"
433,"hake_ex433.inp","C:/Users/Jon.Brodziak/Desktop/Dirichlet Study/hake/RUN1/hake_ex433.inp"
434,"hake_ex434.inp","C:/Users/Jon.Brodziak/Desktop/Dirichlet Study/hake/RUN1/hake_ex434.inp"
435,"hake_ex435.inp","C:/Users/Jon.Brodziak/Desktop/Dirichlet Study/hake/RUN1/hake_ex435.inp"
436,"hake_ex436.inp","C:/Users/Jon.Brodziak/Desktop/Dirichlet Study/hake/RUN1/hake_ex436.inp"
437,"hake_ex437.inp","C:/Users/Jon.Brodziak/Desktop/Dirichlet Study/hake/RUN1/hake_ex437.inp"
438,"hake_ex438.inp","C:/Users/Jon.Brodziak/Desktop/Dirichlet Study/hake/RUN1/hake_ex438.inp"
439,"hake_ex439.inp","C:/Users/Jon.Brodziak/Desktop/Dirichlet Study/hake/RUN1/hake_ex439.inp"
440,"hake_ex440.inp","C:/Users/Jon.Brodziak/Desktop/Dirichlet Study/hake/RUN1/hake_ex440.inp"
441,"hake_ex441.inp","C:/Users/Jon.Brodziak/Desktop/Dirichlet Study/hake/RUN1/hake_ex441.inp"
442,"hake_ex442.inp","C:/Users/Jon.Brodziak/Desktop/Dirichlet Study/hake/RUN1/hake_ex442.inp"
443,"hake_ex443.inp","C:/Users/Jon.Brodziak/Desktop/Dirichlet Study/hake/RUN1/hake_ex443.inp"
444,"hake_ex444.inp","C:/Users/Jon.Brodziak/Desktop/Dirichlet Study/hake/RUN1/hake_ex444.inp"
445,"hake_ex445.inp","C:/Users/Jon.Brodziak/Desktop/Dirichlet Study/hake/RUN1/hake_ex445.inp"
446,"hake_ex446.inp","C:/Users/Jon.Brodziak/Desktop/Dirichlet Study/hake/RUN1/hake_ex446.inp"
447,"hake_ex447.inp","C:/Users/Jon.Brodziak/Desktop/Dirichlet Study/hake/RUN1/hake_ex447.inp"
448,"hake_ex448.inp","C:/Users/Jon.Brodziak/Desktop/Dirichlet Study/hake/RUN1/hake_ex448.inp"
449,"hake_ex449.inp","C:/Users/Jon.Brodziak/Desktop/Dirichlet Study/hake/RUN1/hake_ex449.inp"
450,"hake_ex450.inp","C:/Users/Jon.Brodziak/Desktop/Dirichlet Study/hake/RUN1/hake_ex450.inp"
451,"hake_ex451.inp","C:/Users/Jon.Brodziak/Desktop/Dirichlet Study/hake/RUN1/hake_ex451.inp"
452,"hake_ex452.inp","C:/Users/Jon.Brodziak/Desktop/Dirichlet Study/hake/RUN1/hake_ex452.inp"
453,"hake_ex453.inp","C:/Users/Jon.Brodziak/Desktop/Dirichlet Study/hake/RUN1/hake_ex453.inp"
454,"hake_ex454.inp","C:/Users/Jon.Brodziak/Desktop/Dirichlet Study/hake/RUN1/hake_ex454.inp"
455,"hake_ex455.inp","C:/Users/Jon.Brodziak/Desktop/Dirichlet Study/hake/RUN1/hake_ex455.inp"
456,"hake_ex456.inp","C:/Users/Jon.Brodziak/Desktop/Dirichlet Study/hake/RUN1/hake_ex456.inp"
457,"hake_ex457.inp","C:/Users/Jon.Brodziak/Desktop/Dirichlet Study/hake/RUN1/hake_ex457.inp"
458,"hake_ex458.inp","C:/Users/Jon.Brodziak/Desktop/Dirichlet Study/hake/RUN1/hake_ex458.inp"
459,"hake_ex459.inp","C:/Users/Jon.Brodziak/Desktop/Dirichlet Study/hake/RUN1/hake_ex459.inp"
460,"hake_ex460.inp","C:/Users/Jon.Brodziak/Desktop/Dirichlet Study/hake/RUN1/hake_ex460.inp"
461,"hake_ex461.inp","C:/Users/Jon.Brodziak/Desktop/Dirichlet Study/hake/RUN1/hake_ex461.inp"
462,"hake_ex462.inp","C:/Users/Jon.Brodziak/Desktop/Dirichlet Study/hake/RUN1/hake_ex462.inp"
463,"hake_ex463.inp","C:/Users/Jon.Brodziak/Desktop/Dirichlet Study/hake/RUN1/hake_ex463.inp"
464,"hake_ex464.inp","C:/Users/Jon.Brodziak/Desktop/Dirichlet Study/hake/RUN1/hake_ex464.inp"
465,"hake_ex465.inp","C:/Users/Jon.Brodziak/Desktop/Dirichlet Study/hake/RUN1/hake_ex465.inp"
466,"hake_ex466.inp","C:/Users/Jon.Brodziak/Desktop/Dirichlet Study/hake/RUN1/hake_ex466.inp"
467,"hake_ex467.inp","C:/Users/Jon.Brodziak/Desktop/Dirichlet Study/hake/RUN1/hake_ex467.inp"
468,"hake_ex468.inp","C:/Users/Jon.Brodziak/Desktop/Dirichlet Study/hake/RUN1/hake_ex468.inp"
469,"hake_ex469.inp","C:/Users/Jon.Brodziak/Desktop/Dirichlet Study/hake/RUN1/hake_ex469.inp"
470,"hake_ex470.inp","C:/Users/Jon.Brodziak/Desktop/Dirichlet Study/hake/RUN1/hake_ex470.inp"
471,"hake_ex471.inp","C:/Users/Jon.Brodziak/Desktop/Dirichlet Study/hake/RUN1/hake_ex471.inp"
472,"hake_ex472.inp","C:/Users/Jon.Brodziak/Desktop/Dirichlet Study/hake/RUN1/hake_ex472.inp"
473,"hake_ex473.inp","C:/Users/Jon.Brodziak/Desktop/Dirichlet Study/hake/RUN1/hake_ex473.inp"
474,"hake_ex474.inp","C:/Users/Jon.Brodziak/Desktop/Dirichlet Study/hake/RUN1/hake_ex474.inp"
475,"hake_ex475.inp","C:/Users/Jon.Brodziak/Desktop/Dirichlet Study/hake/RUN1/hake_ex475.inp"
476,"hake_ex476.inp","C:/Users/Jon.Brodziak/Desktop/Dirichlet Study/hake/RUN1/hake_ex476.inp"
477,"hake_ex477.inp","C:/Users/Jon.Brodziak/Desktop/Dirichlet Study/hake/RUN1/hake_ex477.inp"
478,"hake_ex478.inp","C:/Users/Jon.Brodziak/Desktop/Dirichlet Study/hake/RUN1/hake_ex478.inp"
479,"hake_ex479.inp","C:/Users/Jon.Brodziak/Desktop/Dirichlet Study/hake/RUN1/hake_ex479.inp"
480,"hake_ex480.inp","C:/Users/Jon.Brodziak/Desktop/Dirichlet Study/hake/RUN1/hake_ex480.inp"
481,"hake_ex481.inp","C:/Users/Jon.Brodziak/Desktop/Dirichlet Study/hake/RUN1/hake_ex481.inp"
482,"hake_ex482.inp","C:/Users/Jon.Brodziak/Desktop/Dirichlet Study/hake/RUN1/hake_ex482.inp"
483,"hake_ex483.inp","C:/Users/Jon.Brodziak/Desktop/Dirichlet Study/hake/RUN1/hake_ex483.inp"
484,"hake_ex484.inp","C:/Users/Jon.Brodziak/Desktop/Dirichlet Study/hake/RUN1/hake_ex484.inp"
485,"hake_ex485.inp","C:/Users/Jon.Brodziak/Desktop/Dirichlet Study/hake/RUN1/hake_ex485.inp"
486,"hake_ex486.inp","C:/Users/Jon.Brodziak/Desktop/Dirichlet Study/hake/RUN1/hake_ex486.inp"
487,"hake_ex487.inp","C:/Users/Jon.Brodziak/Desktop/Dirichlet Study/hake/RUN1/hake_ex487.inp"
488,"hake_ex488.inp","C:/Users/Jon.Brodziak/Desktop/Dirichlet Study/hake/RUN1/hake_ex488.inp"
489,"hake_ex489.inp","C:/Users/Jon.Brodziak/Desktop/Dirichlet Study/hake/RUN1/hake_ex489.inp"
490,"hake_ex490.inp","C:/Users/Jon.Brodziak/Desktop/Dirichlet Study/hake/RUN1/hake_ex490.inp"
491,"hake_ex491.inp","C:/Users/Jon.Brodziak/Desktop/Dirichlet Study/hake/RUN1/hake_ex491.inp"
492,"hake_ex492.inp","C:/Users/Jon.Brodziak/Desktop/Dirichlet Study/hake/RUN1/hake_ex492.inp"
493,"hake_ex493.inp","C:/Users/Jon.Brodziak/Desktop/Dirichlet Study/hake/RUN1/hake_ex493.inp"
494,"hake_ex494.inp","C:/Users/Jon.Brodziak/Desktop/Dirichlet Study/hake/RUN1/hake_ex494.inp"
495,"hake_ex495.inp","C:/Users/Jon.Brodziak/Desktop/Dirichlet Study/hake/RUN1/hake_ex495.inp"
496,"hake_ex496.inp","C:/Users/Jon.Brodziak/Desktop/Dirichlet Study/hake/RUN1/hake_ex496.inp"
497,"hake_ex497.inp","C:/Users/Jon.Brodziak/Desktop/Dirichlet Study/hake/RUN1/hake_ex497.inp"
498,"hake_ex498.inp","C:/Users/Jon.Brodziak/Desktop/Dirichlet Study/hake/RUN1/hake_ex498.inp"
499,"hake_ex499.inp","C:/Users/Jon.Brodziak/Desktop/Dirichlet Study/hake/RUN1/hake_ex499.inp"
500,"hake_ex500.inp","C:/Users/Jon.Brodziak/Desktop/Dirichlet Study/hake/RUN1/hake_ex500.inp"
501,"hake_ex501.inp","C:/Users/Jon.Brodziak/Desktop/Dirichlet Study/hake/RUN1/hake_ex501.inp"
502,"hake_ex502.inp","C:/Users/Jon.Brodziak/Desktop/Dirichlet Study/hake/RUN1/hake_ex502.inp"
503,"hake_ex503.inp","C:/Users/Jon.Brodziak/Desktop/Dirichlet Study/hake/RUN1/hake_ex503.inp"
504,"hake_ex504.inp","C:/Users/Jon.Brodziak/Desktop/Dirichlet Study/hake/RUN1/hake_ex504.inp"
505,"hake_ex505.inp","C:/Users/Jon.Brodziak/Desktop/Dirichlet Study/hake/RUN1/hake_ex505.inp"
506,"hake_ex506.inp","C:/Users/Jon.Brodziak/Desktop/Dirichlet Study/hake/RUN1/hake_ex506.inp"
507,"hake_ex507.inp","C:/Users/Jon.Brodziak/Desktop/Dirichlet Study/hake/RUN1/hake_ex507.inp"
508,"hake_ex508.inp","C:/Users/Jon.Brodziak/Desktop/Dirichlet Study/hake/RUN1/hake_ex508.inp"
509,"hake_ex509.inp","C:/Users/Jon.Brodziak/Desktop/Dirichlet Study/hake/RUN1/hake_ex509.inp"
510,"hake_ex510.inp","C:/Users/Jon.Brodziak/Desktop/Dirichlet Study/hake/RUN1/hake_ex510.inp"
511,"hake_ex511.inp","C:/Users/Jon.Brodziak/Desktop/Dirichlet Study/hake/RUN1/hake_ex511.inp"
512,"hake_ex512.inp","C:/Users/Jon.Brodziak/Desktop/Dirichlet Study/hake/RUN1/hake_ex512.inp"
513,"hake_ex513.inp","C:/Users/Jon.Brodziak/Desktop/Dirichlet Study/hake/RUN1/hake_ex513.inp"
514,"hake_ex514.inp","C:/Users/Jon.Brodziak/Desktop/Dirichlet Study/hake/RUN1/hake_ex514.inp"
515,"hake_ex515.inp","C:/Users/Jon.Brodziak/Desktop/Dirichlet Study/hake/RUN1/hake_ex515.inp"
516,"hake_ex516.inp","C:/Users/Jon.Brodziak/Desktop/Dirichlet Study/hake/RUN1/hake_ex516.inp"
517,"hake_ex517.inp","C:/Users/Jon.Brodziak/Desktop/Dirichlet Study/hake/RUN1/hake_ex517.inp"
518,"hake_ex518.inp","C:/Users/Jon.Brodziak/Desktop/Dirichlet Study/hake/RUN1/hake_ex518.inp"
519,"hake_ex519.inp","C:/Users/Jon.Brodziak/Desktop/Dirichlet Study/hake/RUN1/hake_ex519.inp"
520,"hake_ex520.inp","C:/Users/Jon.Brodziak/Desktop/Dirichlet Study/hake/RUN1/hake_ex520.inp"
521,"hake_ex521.inp","C:/Users/Jon.Brodziak/Desktop/Dirichlet Study/hake/RUN1/hake_ex521.inp"
522,"hake_ex522.inp","C:/Users/Jon.Brodziak/Desktop/Dirichlet Study/hake/RUN1/hake_ex522.inp"
523,"hake_ex523.inp","C:/Users/Jon.Brodziak/Desktop/Dirichlet Study/hake/RUN1/hake_ex523.inp"
524,"hake_ex524.inp","C:/Users/Jon.Brodziak/Desktop/Dirichlet Study/hake/RUN1/hake_ex524.inp"
525,"hake_ex525.inp","C:/Users/Jon.Brodziak/Desktop/Dirichlet Study/hake/RUN1/hake_ex525.inp"
526,"hake_ex526.inp","C:/Users/Jon.Brodziak/Desktop/Dirichlet Study/hake/RUN1/hake_ex526.inp"
527,"hake_ex527.inp","C:/Users/Jon.Brodziak/Desktop/Dirichlet Study/hake/RUN1/hake_ex527.inp"
528,"hake_ex528.inp","C:/Users/Jon.Brodziak/Desktop/Dirichlet Study/hake/RUN1/hake_ex528.inp"
529,"hake_ex529.inp","C:/Users/Jon.Brodziak/Desktop/Dirichlet Study/hake/RUN1/hake_ex529.inp"
530,"hake_ex530.inp","C:/Users/Jon.Brodziak/Desktop/Dirichlet Study/hake/RUN1/hake_ex530.inp"
531,"hake_ex531.inp","C:/Users/Jon.Brodziak/Desktop/Dirichlet Study/hake/RUN1/hake_ex531.inp"
532,"hake_ex532.inp","C:/Users/Jon.Brodziak/Desktop/Dirichlet Study/hake/RUN1/hake_ex532.inp"
533,"hake_ex533.inp","C:/Users/Jon.Brodziak/Desktop/Dirichlet Study/hake/RUN1/hake_ex533.inp"
534,"hake_ex534.inp","C:/Users/Jon.Brodziak/Desktop/Dirichlet Study/hake/RUN1/hake_ex534.inp"
535,"hake_ex535.inp","C:/Users/Jon.Brodziak/Desktop/Dirichlet Study/hake/RUN1/hake_ex535.inp"
536,"hake_ex536.inp","C:/Users/Jon.Brodziak/Desktop/Dirichlet Study/hake/RUN1/hake_ex536.inp"
537,"hake_ex537.inp","C:/Users/Jon.Brodziak/Desktop/Dirichlet Study/hake/RUN1/hake_ex537.inp"
538,"hake_ex538.inp","C:/Users/Jon.Brodziak/Desktop/Dirichlet Study/hake/RUN1/hake_ex538.inp"
539,"hake_ex539.inp","C:/Users/Jon.Brodziak/Desktop/Dirichlet Study/hake/RUN1/hake_ex539.inp"
540,"hake_ex540.inp","C:/Users/Jon.Brodziak/Desktop/Dirichlet Study/hake/RUN1/hake_ex540.inp"
541,"hake_ex541.inp","C:/Users/Jon.Brodziak/Desktop/Dirichlet Study/hake/RUN1/hake_ex541.inp"
542,"hake_ex542.inp","C:/Users/Jon.Brodziak/Desktop/Dirichlet Study/hake/RUN1/hake_ex542.inp"
543,"hake_ex543.inp","C:/Users/Jon.Brodziak/Desktop/Dirichlet Study/hake/RUN1/hake_ex543.inp"
544,"hake_ex544.inp","C:/Users/Jon.Brodziak/Desktop/Dirichlet Study/hake/RUN1/hake_ex544.inp"
545,"hake_ex545.inp","C:/Users/Jon.Brodziak/Desktop/Dirichlet Study/hake/RUN1/hake_ex545.inp"
546,"hake_ex546.inp","C:/Users/Jon.Brodziak/Desktop/Dirichlet Study/hake/RUN1/hake_ex546.inp"
547,"hake_ex547.inp","C:/Users/Jon.Brodziak/Desktop/Dirichlet Study/hake/RUN1/hake_ex547.inp"
548,"hake_ex548.inp","C:/Users/Jon.Brodziak/Desktop/Dirichlet Study/hake/RUN1/hake_ex548.inp"
549,"hake_ex549.inp","C:/Users/Jon.Brodziak/Desktop/Dirichlet Study/hake/RUN1/hake_ex549.inp"
550,"hake_ex550.inp","C:/Users/Jon.Brodziak/Desktop/Dirichlet Study/hake/RUN1/hake_ex550.inp"
551,"hake_ex551.inp","C:/Users/Jon.Brodziak/Desktop/Dirichlet Study/hake/RUN1/hake_ex551.inp"
552,"hake_ex552.inp","C:/Users/Jon.Brodziak/Desktop/Dirichlet Study/hake/RUN1/hake_ex552.inp"
553,"hake_ex553.inp","C:/Users/Jon.Brodziak/Desktop/Dirichlet Study/hake/RUN1/hake_ex553.inp"
554,"hake_ex554.inp","C:/Users/Jon.Brodziak/Desktop/Dirichlet Study/hake/RUN1/hake_ex554.inp"
555,"hake_ex555.inp","C:/Users/Jon.Brodziak/Desktop/Dirichlet Study/hake/RUN1/hake_ex555.inp"
556,"hake_ex556.inp","C:/Users/Jon.Brodziak/Desktop/Dirichlet Study/hake/RUN1/hake_ex556.inp"
557,"hake_ex557.inp","C:/Users/Jon.Brodziak/Desktop/Dirichlet Study/hake/RUN1/hake_ex557.inp"
558,"hake_ex558.inp","C:/Users/Jon.Brodziak/Desktop/Dirichlet Study/hake/RUN1/hake_ex558.inp"
559,"hake_ex559.inp","C:/Users/Jon.Brodziak/Desktop/Dirichlet Study/hake/RUN1/hake_ex559.inp"
560,"hake_ex560.inp","C:/Users/Jon.Brodziak/Desktop/Dirichlet Study/hake/RUN1/hake_ex560.inp"
561,"hake_ex561.inp","C:/Users/Jon.Brodziak/Desktop/Dirichlet Study/hake/RUN1/hake_ex561.inp"
562,"hake_ex562.inp","C:/Users/Jon.Brodziak/Desktop/Dirichlet Study/hake/RUN1/hake_ex562.inp"
563,"hake_ex563.inp","C:/Users/Jon.Brodziak/Desktop/Dirichlet Study/hake/RUN1/hake_ex563.inp"
564,"hake_ex564.inp","C:/Users/Jon.Brodziak/Desktop/Dirichlet Study/hake/RUN1/hake_ex564.inp"
565,"hake_ex565.inp","C:/Users/Jon.Brodziak/Desktop/Dirichlet Study/hake/RUN1/hake_ex565.inp"
566,"hake_ex566.inp","C:/Users/Jon.Brodziak/Desktop/Dirichlet Study/hake/RUN1/hake_ex566.inp"
567,"hake_ex567.inp","C:/Users/Jon.Brodziak/Desktop/Dirichlet Study/hake/RUN1/hake_ex567.inp"
568,"hake_ex568.inp","C:/Users/Jon.Brodziak/Desktop/Dirichlet Study/hake/RUN1/hake_ex568.inp"
569,"hake_ex569.inp","C:/Users/Jon.Brodziak/Desktop/Dirichlet Study/hake/RUN1/hake_ex569.inp"
570,"hake_ex570.inp","C:/Users/Jon.Brodziak/Desktop/Dirichlet Study/hake/RUN1/hake_ex570.inp"
571,"hake_ex571.inp","C:/Users/Jon.Brodziak/Desktop/Dirichlet Study/hake/RUN1/hake_ex571.inp"
572,"hake_ex572.inp","C:/Users/Jon.Brodziak/Desktop/Dirichlet Study/hake/RUN1/hake_ex572.inp"
573,"hake_ex573.inp","C:/Users/Jon.Brodziak/Desktop/Dirichlet Study/hake/RUN1/hake_ex573.inp"
574,"hake_ex574.inp","C:/Users/Jon.Brodziak/Desktop/Dirichlet Study/hake/RUN1/hake_ex574.inp"
575,"hake_ex575.inp","C:/Users/Jon.Brodziak/Desktop/Dirichlet Study/hake/RUN1/hake_ex575.inp"
576,"hake_ex576.inp","C:/Users/Jon.Brodziak/Desktop/Dirichlet Study/hake/RUN1/hake_ex576.inp"
577,"hake_ex577.inp","C:/Users/Jon.Brodziak/Desktop/Dirichlet Study/hake/RUN1/hake_ex577.inp"
578,"hake_ex578.inp","C:/Users/Jon.Brodziak/Desktop/Dirichlet Study/hake/RUN1/hake_ex578.inp"
579,"hake_ex579.inp","C:/Users/Jon.Brodziak/Desktop/Dirichlet Study/hake/RUN1/hake_ex579.inp"
580,"hake_ex580.inp","C:/Users/Jon.Brodziak/Desktop/Dirichlet Study/hake/RUN1/hake_ex580.inp"
581,"hake_ex581.inp","C:/Users/Jon.Brodziak/Desktop/Dirichlet Study/hake/RUN1/hake_ex581.inp"
582,"hake_ex582.inp","C:/Users/Jon.Brodziak/Desktop/Dirichlet Study/hake/RUN1/hake_ex582.inp"
583,"hake_ex583.inp","C:/Users/Jon.Brodziak/Desktop/Dirichlet Study/hake/RUN1/hake_ex583.inp"
584,"hake_ex584.inp","C:/Users/Jon.Brodziak/Desktop/Dirichlet Study/hake/RUN1/hake_ex584.inp"
585,"hake_ex585.inp","C:/Users/Jon.Brodziak/Desktop/Dirichlet Study/hake/RUN1/hake_ex585.inp"
586,"hake_ex586.inp","C:/Users/Jon.Brodziak/Desktop/Dirichlet Study/hake/RUN1/hake_ex586.inp"
587,"hake_ex587.inp","C:/Users/Jon.Brodziak/Desktop/Dirichlet Study/hake/RUN1/hake_ex587.inp"
588,"hake_ex588.inp","C:/Users/Jon.Brodziak/Desktop/Dirichlet Study/hake/RUN1/hake_ex588.inp"
589,"hake_ex589.inp","C:/Users/Jon.Brodziak/Desktop/Dirichlet Study/hake/RUN1/hake_ex589.inp"
590,"hake_ex590.inp","C:/Users/Jon.Brodziak/Desktop/Dirichlet Study/hake/RUN1/hake_ex590.inp"
591,"hake_ex591.inp","C:/Users/Jon.Brodziak/Desktop/Dirichlet Study/hake/RUN1/hake_ex591.inp"
592,"hake_ex592.inp","C:/Users/Jon.Brodziak/Desktop/Dirichlet Study/hake/RUN1/hake_ex592.inp"
593,"hake_ex593.inp","C:/Users/Jon.Brodziak/Desktop/Dirichlet Study/hake/RUN1/hake_ex593.inp"
594,"hake_ex594.inp","C:/Users/Jon.Brodziak/Desktop/Dirichlet Study/hake/RUN1/hake_ex594.inp"
595,"hake_ex595.inp","C:/Users/Jon.Brodziak/Desktop/Dirichlet Study/hake/RUN1/hake_ex595.inp"
596,"hake_ex596.inp","C:/Users/Jon.Brodziak/Desktop/Dirichlet Study/hake/RUN1/hake_ex596.inp"
597,"hake_ex597.inp","C:/Users/Jon.Brodziak/Desktop/Dirichlet Study/hake/RUN1/hake_ex597.inp"
598,"hake_ex598.inp","C:/Users/Jon.Brodziak/Desktop/Dirichlet Study/hake/RUN1/hake_ex598.inp"
599,"hake_ex599.inp","C:/Users/Jon.Brodziak/Desktop/Dirichlet Study/hake/RUN1/hake_ex599.inp"
600,"hake_ex600.inp","C:/Users/Jon.Brodziak/Desktop/Dirichlet Study/hake/RUN1/hake_ex600.inp"
601,"hake_ex601.inp","C:/Users/Jon.Brodziak/Desktop/Dirichlet Study/hake/RUN1/hake_ex601.inp"
602,"hake_ex602.inp","C:/Users/Jon.Brodziak/Desktop/Dirichlet Study/hake/RUN1/hake_ex602.inp"
603,"hake_ex603.inp","C:/Users/Jon.Brodziak/Desktop/Dirichlet Study/hake/RUN1/hake_ex603.inp"
604,"hake_ex604.inp","C:/Users/Jon.Brodziak/Desktop/Dirichlet Study/hake/RUN1/hake_ex604.inp"
605,"hake_ex605.inp","C:/Users/Jon.Brodziak/Desktop/Dirichlet Study/hake/RUN1/hake_ex605.inp"
606,"hake_ex606.inp","C:/Users/Jon.Brodziak/Desktop/Dirichlet Study/hake/RUN1/hake_ex606.inp"
607,"hake_ex607.inp","C:/Users/Jon.Brodziak/Desktop/Dirichlet Study/hake/RUN1/hake_ex607.inp"
608,"hake_ex608.inp","C:/Users/Jon.Brodziak/Desktop/Dirichlet Study/hake/RUN1/hake_ex608.inp"
609,"hake_ex609.inp","C:/Users/Jon.Brodziak/Desktop/Dirichlet Study/hake/RUN1/hake_ex609.inp"
610,"hake_ex610.inp","C:/Users/Jon.Brodziak/Desktop/Dirichlet Study/hake/RUN1/hake_ex610.inp"
611,"hake_ex611.inp","C:/Users/Jon.Brodziak/Desktop/Dirichlet Study/hake/RUN1/hake_ex611.inp"
612,"hake_ex612.inp","C:/Users/Jon.Brodziak/Desktop/Dirichlet Study/hake/RUN1/hake_ex612.inp"
613,"hake_ex613.inp","C:/Users/Jon.Brodziak/Desktop/Dirichlet Study/hake/RUN1/hake_ex613.inp"
614,"hake_ex614.inp","C:/Users/Jon.Brodziak/Desktop/Dirichlet Study/hake/RUN1/hake_ex614.inp"
615,"hake_ex615.inp","C:/Users/Jon.Brodziak/Desktop/Dirichlet Study/hake/RUN1/hake_ex615.inp"
616,"hake_ex616.inp","C:/Users/Jon.Brodziak/Desktop/Dirichlet Study/hake/RUN1/hake_ex616.inp"
617,"hake_ex617.inp","C:/Users/Jon.Brodziak/Desktop/Dirichlet Study/hake/RUN1/hake_ex617.inp"
618,"hake_ex618.inp","C:/Users/Jon.Brodziak/Desktop/Dirichlet Study/hake/RUN1/hake_ex618.inp"
619,"hake_ex619.inp","C:/Users/Jon.Brodziak/Desktop/Dirichlet Study/hake/RUN1/hake_ex619.inp"
620,"hake_ex620.inp","C:/Users/Jon.Brodziak/Desktop/Dirichlet Study/hake/RUN1/hake_ex620.inp"
621,"hake_ex621.inp","C:/Users/Jon.Brodziak/Desktop/Dirichlet Study/hake/RUN1/hake_ex621.inp"
622,"hake_ex622.inp","C:/Users/Jon.Brodziak/Desktop/Dirichlet Study/hake/RUN1/hake_ex622.inp"
623,"hake_ex623.inp","C:/Users/Jon.Brodziak/Desktop/Dirichlet Study/hake/RUN1/hake_ex623.inp"
624,"hake_ex624.inp","C:/Users/Jon.Brodziak/Desktop/Dirichlet Study/hake/RUN1/hake_ex624.inp"
625,"hake_ex625.inp","C:/Users/Jon.Brodziak/Desktop/Dirichlet Study/hake/RUN1/hake_ex625.inp"
626,"hake_ex626.inp","C:/Users/Jon.Brodziak/Desktop/Dirichlet Study/hake/RUN1/hake_ex626.inp"
627,"hake_ex627.inp","C:/Users/Jon.Brodziak/Desktop/Dirichlet Study/hake/RUN1/hake_ex627.inp"
628,"hake_ex628.inp","C:/Users/Jon.Brodziak/Desktop/Dirichlet Study/hake/RUN1/hake_ex628.inp"
629,"hake_ex629.inp","C:/Users/Jon.Brodziak/Desktop/Dirichlet Study/hake/RUN1/hake_ex629.inp"
630,"hake_ex630.inp","C:/Users/Jon.Brodziak/Desktop/Dirichlet Study/hake/RUN1/hake_ex630.inp"
631,"hake_ex631.inp","C:/Users/Jon.Brodziak/Desktop/Dirichlet Study/hake/RUN1/hake_ex631.inp"
632,"hake_ex632.inp","C:/Users/Jon.Brodziak/Desktop/Dirichlet Study/hake/RUN1/hake_ex632.inp"
633,"hake_ex633.inp","C:/Users/Jon.Brodziak/Desktop/Dirichlet Study/hake/RUN1/hake_ex633.inp"
634,"hake_ex634.inp","C:/Users/Jon.Brodziak/Desktop/Dirichlet Study/hake/RUN1/hake_ex634.inp"
635,"hake_ex635.inp","C:/Users/Jon.Brodziak/Desktop/Dirichlet Study/hake/RUN1/hake_ex635.inp"
636,"hake_ex636.inp","C:/Users/Jon.Brodziak/Desktop/Dirichlet Study/hake/RUN1/hake_ex636.inp"
637,"hake_ex637.inp","C:/Users/Jon.Brodziak/Desktop/Dirichlet Study/hake/RUN1/hake_ex637.inp"
638,"hake_ex638.inp","C:/Users/Jon.Brodziak/Desktop/Dirichlet Study/hake/RUN1/hake_ex638.inp"
639,"hake_ex639.inp","C:/Users/Jon.Brodziak/Desktop/Dirichlet Study/hake/RUN1/hake_ex639.inp"
640,"hake_ex640.inp","C:/Users/Jon.Brodziak/Desktop/Dirichlet Study/hake/RUN1/hake_ex640.inp"
641,"hake_ex641.inp","C:/Users/Jon.Brodziak/Desktop/Dirichlet Study/hake/RUN1/hake_ex641.inp"
642,"hake_ex642.inp","C:/Users/Jon.Brodziak/Desktop/Dirichlet Study/hake/RUN1/hake_ex642.inp"
643,"hake_ex643.inp","C:/Users/Jon.Brodziak/Desktop/Dirichlet Study/hake/RUN1/hake_ex643.inp"
644,"hake_ex644.inp","C:/Users/Jon.Brodziak/Desktop/Dirichlet Study/hake/RUN1/hake_ex644.inp"
645,"hake_ex645.inp","C:/Users/Jon.Brodziak/Desktop/Dirichlet Study/hake/RUN1/hake_ex645.inp"
646,"hake_ex646.inp","C:/Users/Jon.Brodziak/Desktop/Dirichlet Study/hake/RUN1/hake_ex646.inp"
647,"hake_ex647.inp","C:/Users/Jon.Brodziak/Desktop/Dirichlet Study/hake/RUN1/hake_ex647.inp"
648,"hake_ex648.inp","C:/Users/Jon.Brodziak/Desktop/Dirichlet Study/hake/RUN1/hake_ex648.inp"
649,"hake_ex649.inp","C:/Users/Jon.Brodziak/Desktop/Dirichlet Study/hake/RUN1/hake_ex649.inp"
650,"hake_ex650.inp","C:/Users/Jon.Brodziak/Desktop/Dirichlet Study/hake/RUN1/hake_ex650.inp"
651,"hake_ex651.inp","C:/Users/Jon.Brodziak/Desktop/Dirichlet Study/hake/RUN1/hake_ex651.inp"
652,"hake_ex652.inp","C:/Users/Jon.Brodziak/Desktop/Dirichlet Study/hake/RUN1/hake_ex652.inp"
653,"hake_ex653.inp","C:/Users/Jon.Brodziak/Desktop/Dirichlet Study/hake/RUN1/hake_ex653.inp"
654,"hake_ex654.inp","C:/Users/Jon.Brodziak/Desktop/Dirichlet Study/hake/RUN1/hake_ex654.inp"
655,"hake_ex655.inp","C:/Users/Jon.Brodziak/Desktop/Dirichlet Study/hake/RUN1/hake_ex655.inp"
656,"hake_ex656.inp","C:/Users/Jon.Brodziak/Desktop/Dirichlet Study/hake/RUN1/hake_ex656.inp"
657,"hake_ex657.inp","C:/Users/Jon.Brodziak/Desktop/Dirichlet Study/hake/RUN1/hake_ex657.inp"
658,"hake_ex658.inp","C:/Users/Jon.Brodziak/Desktop/Dirichlet Study/hake/RUN1/hake_ex658.inp"
659,"hake_ex659.inp","C:/Users/Jon.Brodziak/Desktop/Dirichlet Study/hake/RUN1/hake_ex659.inp"
660,"hake_ex660.inp","C:/Users/Jon.Brodziak/Desktop/Dirichlet Study/hake/RUN1/hake_ex660.inp"
661,"hake_ex661.inp","C:/Users/Jon.Brodziak/Desktop/Dirichlet Study/hake/RUN1/hake_ex661.inp"
662,"hake_ex662.inp","C:/Users/Jon.Brodziak/Desktop/Dirichlet Study/hake/RUN1/hake_ex662.inp"
663,"hake_ex663.inp","C:/Users/Jon.Brodziak/Desktop/Dirichlet Study/hake/RUN1/hake_ex663.inp"
664,"hake_ex664.inp","C:/Users/Jon.Brodziak/Desktop/Dirichlet Study/hake/RUN1/hake_ex664.inp"
665,"hake_ex665.inp","C:/Users/Jon.Brodziak/Desktop/Dirichlet Study/hake/RUN1/hake_ex665.inp"
666,"hake_ex666.inp","C:/Users/Jon.Brodziak/Desktop/Dirichlet Study/hake/RUN1/hake_ex666.inp"
667,"hake_ex667.inp","C:/Users/Jon.Brodziak/Desktop/Dirichlet Study/hake/RUN1/hake_ex667.inp"
668,"hake_ex668.inp","C:/Users/Jon.Brodziak/Desktop/Dirichlet Study/hake/RUN1/hake_ex668.inp"
669,"hake_ex669.inp","C:/Users/Jon.Brodziak/Desktop/Dirichlet Study/hake/RUN1/hake_ex669.inp"
670,"hake_ex670.inp","C:/Users/Jon.Brodziak/Desktop/Dirichlet Study/hake/RUN1/hake_ex670.inp"
671,"hake_ex671.inp","C:/Users/Jon.Brodziak/Desktop/Dirichlet Study/hake/RUN1/hake_ex671.inp"
672,"hake_ex672.inp","C:/Users/Jon.Brodziak/Desktop/Dirichlet Study/hake/RUN1/hake_ex672.inp"
673,"hake_ex673.inp","C:/Users/Jon.Brodziak/Desktop/Dirichlet Study/hake/RUN1/hake_ex673.inp"
674,"hake_ex674.inp","C:/Users/Jon.Brodziak/Desktop/Dirichlet Study/hake/RUN1/hake_ex674.inp"
675,"hake_ex675.inp","C:/Users/Jon.Brodziak/Desktop/Dirichlet Study/hake/RUN1/hake_ex675.inp"
676,"hake_ex676.inp","C:/Users/Jon.Brodziak/Desktop/Dirichlet Study/hake/RUN1/hake_ex676.inp"
677,"hake_ex677.inp","C:/Users/Jon.Brodziak/Desktop/Dirichlet Study/hake/RUN1/hake_ex677.inp"
678,"hake_ex678.inp","C:/Users/Jon.Brodziak/Desktop/Dirichlet Study/hake/RUN1/hake_ex678.inp"
679,"hake_ex679.inp","C:/Users/Jon.Brodziak/Desktop/Dirichlet Study/hake/RUN1/hake_ex679.inp"
680,"hake_ex680.inp","C:/Users/Jon.Brodziak/Desktop/Dirichlet Study/hake/RUN1/hake_ex680.inp"
681,"hake_ex681.inp","C:/Users/Jon.Brodziak/Desktop/Dirichlet Study/hake/RUN1/hake_ex681.inp"
682,"hake_ex682.inp","C:/Users/Jon.Brodziak/Desktop/Dirichlet Study/hake/RUN1/hake_ex682.inp"
683,"hake_ex683.inp","C:/Users/Jon.Brodziak/Desktop/Dirichlet Study/hake/RUN1/hake_ex683.inp"
684,"hake_ex684.inp","C:/Users/Jon.Brodziak/Desktop/Dirichlet Study/hake/RUN1/hake_ex684.inp"
685,"hake_ex685.inp","C:/Users/Jon.Brodziak/Desktop/Dirichlet Study/hake/RUN1/hake_ex685.inp"
686,"hake_ex686.inp","C:/Users/Jon.Brodziak/Desktop/Dirichlet Study/hake/RUN1/hake_ex686.inp"
687,"hake_ex687.inp","C:/Users/Jon.Brodziak/Desktop/Dirichlet Study/hake/RUN1/hake_ex687.inp"
688,"hake_ex688.inp","C:/Users/Jon.Brodziak/Desktop/Dirichlet Study/hake/RUN1/hake_ex688.inp"
689,"hake_ex689.inp","C:/Users/Jon.Brodziak/Desktop/Dirichlet Study/hake/RUN1/hake_ex689.inp"
690,"hake_ex690.inp","C:/Users/Jon.Brodziak/Desktop/Dirichlet Study/hake/RUN1/hake_ex690.inp"
691,"hake_ex691.inp","C:/Users/Jon.Brodziak/Desktop/Dirichlet Study/hake/RUN1/hake_ex691.inp"
692,"hake_ex692.inp","C:/Users/Jon.Brodziak/Desktop/Dirichlet Study/hake/RUN1/hake_ex692.inp"
693,"hake_ex693.inp","C:/Users/Jon.Brodziak/Desktop/Dirichlet Study/hake/RUN1/hake_ex693.inp"
694,"hake_ex694.inp","C:/Users/Jon.Brodziak/Desktop/Dirichlet Study/hake/RUN1/hake_ex694.inp"
695,"hake_ex695.inp","C:/Users/Jon.Brodziak/Desktop/Dirichlet Study/hake/RUN1/hake_ex695.inp"
696,"hake_ex696.inp","C:/Users/Jon.Brodziak/Desktop/Dirichlet Study/hake/RUN1/hake_ex696.inp"
697,"hake_ex697.inp","C:/Users/Jon.Brodziak/Desktop/Dirichlet Study/hake/RUN1/hake_ex697.inp"
698,"hake_ex698.inp","C:/Users/Jon.Brodziak/Desktop/Dirichlet Study/hake/RUN1/hake_ex698.inp"
699,"hake_ex699.inp","C:/Users/Jon.Brodziak/Desktop/Dirichlet Study/hake/RUN1/hake_ex699.inp"
700,"hake_ex700.inp","C:/Users/Jon.Brodziak/Desktop/Dirichlet Study/hake/RUN1/hake_ex700.inp"
701,"hake_ex701.inp","C:/Users/Jon.Brodziak/Desktop/Dirichlet Study/hake/RUN1/hake_ex701.inp"
702,"hake_ex702.inp","C:/Users/Jon.Brodziak/Desktop/Dirichlet Study/hake/RUN1/hake_ex702.inp"
703,"hake_ex703.inp","C:/Users/Jon.Brodziak/Desktop/Dirichlet Study/hake/RUN1/hake_ex703.inp"
704,"hake_ex704.inp","C:/Users/Jon.Brodziak/Desktop/Dirichlet Study/hake/RUN1/hake_ex704.inp"
705,"hake_ex705.inp","C:/Users/Jon.Brodziak/Desktop/Dirichlet Study/hake/RUN1/hake_ex705.inp"
706,"hake_ex706.inp","C:/Users/Jon.Brodziak/Desktop/Dirichlet Study/hake/RUN1/hake_ex706.inp"
707,"hake_ex707.inp","C:/Users/Jon.Brodziak/Desktop/Dirichlet Study/hake/RUN1/hake_ex707.inp"
708,"hake_ex708.inp","C:/Users/Jon.Brodziak/Desktop/Dirichlet Study/hake/RUN1/hake_ex708.inp"
709,"hake_ex709.inp","C:/Users/Jon.Brodziak/Desktop/Dirichlet Study/hake/RUN1/hake_ex709.inp"
710,"hake_ex710.inp","C:/Users/Jon.Brodziak/Desktop/Dirichlet Study/hake/RUN1/hake_ex710.inp"
711,"hake_ex711.inp","C:/Users/Jon.Brodziak/Desktop/Dirichlet Study/hake/RUN1/hake_ex711.inp"
712,"hake_ex712.inp","C:/Users/Jon.Brodziak/Desktop/Dirichlet Study/hake/RUN1/hake_ex712.inp"
713,"hake_ex713.inp","C:/Users/Jon.Brodziak/Desktop/Dirichlet Study/hake/RUN1/hake_ex713.inp"
714,"hake_ex714.inp","C:/Users/Jon.Brodziak/Desktop/Dirichlet Study/hake/RUN1/hake_ex714.inp"
715,"hake_ex715.inp","C:/Users/Jon.Brodziak/Desktop/Dirichlet Study/hake/RUN1/hake_ex715.inp"
716,"hake_ex716.inp","C:/Users/Jon.Brodziak/Desktop/Dirichlet Study/hake/RUN1/hake_ex716.inp"
717,"hake_ex717.inp","C:/Users/Jon.Brodziak/Desktop/Dirichlet Study/hake/RUN1/hake_ex717.inp"
718,"hake_ex718.inp","C:/Users/Jon.Brodziak/Desktop/Dirichlet Study/hake/RUN1/hake_ex718.inp"
719,"hake_ex719.inp","C:/Users/Jon.Brodziak/Desktop/Dirichlet Study/hake/RUN1/hake_ex719.inp"
720,"hake_ex720.inp","C:/Users/Jon.Brodziak/Desktop/Dirichlet Study/hake/RUN1/hake_ex720.inp"
721,"hake_ex721.inp","C:/Users/Jon.Brodziak/Desktop/Dirichlet Study/hake/RUN1/hake_ex721.inp"
722,"hake_ex722.inp","C:/Users/Jon.Brodziak/Desktop/Dirichlet Study/hake/RUN1/hake_ex722.inp"
723,"hake_ex723.inp","C:/Users/Jon.Brodziak/Desktop/Dirichlet Study/hake/RUN1/hake_ex723.inp"
724,"hake_ex724.inp","C:/Users/Jon.Brodziak/Desktop/Dirichlet Study/hake/RUN1/hake_ex724.inp"
725,"hake_ex725.inp","C:/Users/Jon.Brodziak/Desktop/Dirichlet Study/hake/RUN1/hake_ex725.inp"
726,"hake_ex726.inp","C:/Users/Jon.Brodziak/Desktop/Dirichlet Study/hake/RUN1/hake_ex726.inp"
727,"hake_ex727.inp","C:/Users/Jon.Brodziak/Desktop/Dirichlet Study/hake/RUN1/hake_ex727.inp"
728,"hake_ex728.inp","C:/Users/Jon.Brodziak/Desktop/Dirichlet Study/hake/RUN1/hake_ex728.inp"
729,"hake_ex729.inp","C:/Users/Jon.Brodziak/Desktop/Dirichlet Study/hake/RUN1/hake_ex729.inp"
730,"hake_ex730.inp","C:/Users/Jon.Brodziak/Desktop/Dirichlet Study/hake/RUN1/hake_ex730.inp"
731,"hake_ex731.inp","C:/Users/Jon.Brodziak/Desktop/Dirichlet Study/hake/RUN1/hake_ex731.inp"
732,"hake_ex732.inp","C:/Users/Jon.Brodziak/Desktop/Dirichlet Study/hake/RUN1/hake_ex732.inp"
733,"hake_ex733.inp","C:/Users/Jon.Brodziak/Desktop/Dirichlet Study/hake/RUN1/hake_ex733.inp"
734,"hake_ex734.inp","C:/Users/Jon.Brodziak/Desktop/Dirichlet Study/hake/RUN1/hake_ex734.inp"
735,"hake_ex735.inp","C:/Users/Jon.Brodziak/Desktop/Dirichlet Study/hake/RUN1/hake_ex735.inp"
736,"hake_ex736.inp","C:/Users/Jon.Brodziak/Desktop/Dirichlet Study/hake/RUN1/hake_ex736.inp"
737,"hake_ex737.inp","C:/Users/Jon.Brodziak/Desktop/Dirichlet Study/hake/RUN1/hake_ex737.inp"
738,"hake_ex738.inp","C:/Users/Jon.Brodziak/Desktop/Dirichlet Study/hake/RUN1/hake_ex738.inp"
739,"hake_ex739.inp","C:/Users/Jon.Brodziak/Desktop/Dirichlet Study/hake/RUN1/hake_ex739.inp"
740,"hake_ex740.inp","C:/Users/Jon.Brodziak/Desktop/Dirichlet Study/hake/RUN1/hake_ex740.inp"
741,"hake_ex741.inp","C:/Users/Jon.Brodziak/Desktop/Dirichlet Study/hake/RUN1/hake_ex741.inp"
742,"hake_ex742.inp","C:/Users/Jon.Brodziak/Desktop/Dirichlet Study/hake/RUN1/hake_ex742.inp"
743,"hake_ex743.inp","C:/Users/Jon.Brodziak/Desktop/Dirichlet Study/hake/RUN1/hake_ex743.inp"
744,"hake_ex744.inp","C:/Users/Jon.Brodziak/Desktop/Dirichlet Study/hake/RUN1/hake_ex744.inp"
745,"hake_ex745.inp","C:/Users/Jon.Brodziak/Desktop/Dirichlet Study/hake/RUN1/hake_ex745.inp"
746,"hake_ex746.inp","C:/Users/Jon.Brodziak/Desktop/Dirichlet Study/hake/RUN1/hake_ex746.inp"
747,"hake_ex747.inp","C:/Users/Jon.Brodziak/Desktop/Dirichlet Study/hake/RUN1/hake_ex747.inp"
748,"hake_ex748.inp","C:/Users/Jon.Brodziak/Desktop/Dirichlet Study/hake/RUN1/hake_ex748.inp"
749,"hake_ex749.inp","C:/Users/Jon.Brodziak/Desktop/Dirichlet Study/hake/RUN1/hake_ex749.inp"
750,"hake_ex750.inp","C:/Users/Jon.Brodziak/Desktop/Dirichlet Study/hake/RUN1/hake_ex750.inp"
751,"hake_ex751.inp","C:/Users/Jon.Brodziak/Desktop/Dirichlet Study/hake/RUN1/hake_ex751.inp"
752,"hake_ex752.inp","C:/Users/Jon.Brodziak/Desktop/Dirichlet Study/hake/RUN1/hake_ex752.inp"
753,"hake_ex753.inp","C:/Users/Jon.Brodziak/Desktop/Dirichlet Study/hake/RUN1/hake_ex753.inp"
754,"hake_ex754.inp","C:/Users/Jon.Brodziak/Desktop/Dirichlet Study/hake/RUN1/hake_ex754.inp"
755,"hake_ex755.inp","C:/Users/Jon.Brodziak/Desktop/Dirichlet Study/hake/RUN1/hake_ex755.inp"
756,"hake_ex756.inp","C:/Users/Jon.Brodziak/Desktop/Dirichlet Study/hake/RUN1/hake_ex756.inp"
757,"hake_ex757.inp","C:/Users/Jon.Brodziak/Desktop/Dirichlet Study/hake/RUN1/hake_ex757.inp"
758,"hake_ex758.inp","C:/Users/Jon.Brodziak/Desktop/Dirichlet Study/hake/RUN1/hake_ex758.inp"
759,"hake_ex759.inp","C:/Users/Jon.Brodziak/Desktop/Dirichlet Study/hake/RUN1/hake_ex759.inp"
760,"hake_ex760.inp","C:/Users/Jon.Brodziak/Desktop/Dirichlet Study/hake/RUN1/hake_ex760.inp"
761,"hake_ex761.inp","C:/Users/Jon.Brodziak/Desktop/Dirichlet Study/hake/RUN1/hake_ex761.inp"
762,"hake_ex762.inp","C:/Users/Jon.Brodziak/Desktop/Dirichlet Study/hake/RUN1/hake_ex762.inp"
763,"hake_ex763.inp","C:/Users/Jon.Brodziak/Desktop/Dirichlet Study/hake/RUN1/hake_ex763.inp"
764,"hake_ex764.inp","C:/Users/Jon.Brodziak/Desktop/Dirichlet Study/hake/RUN1/hake_ex764.inp"
765,"hake_ex765.inp","C:/Users/Jon.Brodziak/Desktop/Dirichlet Study/hake/RUN1/hake_ex765.inp"
766,"hake_ex766.inp","C:/Users/Jon.Brodziak/Desktop/Dirichlet Study/hake/RUN1/hake_ex766.inp"
767,"hake_ex767.inp","C:/Users/Jon.Brodziak/Desktop/Dirichlet Study/hake/RUN1/hake_ex767.inp"
768,"hake_ex768.inp","C:/Users/Jon.Brodziak/Desktop/Dirichlet Study/hake/RUN1/hake_ex768.inp"
769,"hake_ex769.inp","C:/Users/Jon.Brodziak/Desktop/Dirichlet Study/hake/RUN1/hake_ex769.inp"
770,"hake_ex770.inp","C:/Users/Jon.Brodziak/Desktop/Dirichlet Study/hake/RUN1/hake_ex770.inp"
771,"hake_ex771.inp","C:/Users/Jon.Brodziak/Desktop/Dirichlet Study/hake/RUN1/hake_ex771.inp"
772,"hake_ex772.inp","C:/Users/Jon.Brodziak/Desktop/Dirichlet Study/hake/RUN1/hake_ex772.inp"
773,"hake_ex773.inp","C:/Users/Jon.Brodziak/Desktop/Dirichlet Study/hake/RUN1/hake_ex773.inp"
774,"hake_ex774.inp","C:/Users/Jon.Brodziak/Desktop/Dirichlet Study/hake/RUN1/hake_ex774.inp"
775,"hake_ex775.inp","C:/Users/Jon.Brodziak/Desktop/Dirichlet Study/hake/RUN1/hake_ex775.inp"
776,"hake_ex776.inp","C:/Users/Jon.Brodziak/Desktop/Dirichlet Study/hake/RUN1/hake_ex776.inp"
777,"hake_ex777.inp","C:/Users/Jon.Brodziak/Desktop/Dirichlet Study/hake/RUN1/hake_ex777.inp"
778,"hake_ex778.inp","C:/Users/Jon.Brodziak/Desktop/Dirichlet Study/hake/RUN1/hake_ex778.inp"
779,"hake_ex779.inp","C:/Users/Jon.Brodziak/Desktop/Dirichlet Study/hake/RUN1/hake_ex779.inp"
780,"hake_ex780.inp","C:/Users/Jon.Brodziak/Desktop/Dirichlet Study/hake/RUN1/hake_ex780.inp"
781,"hake_ex781.inp","C:/Users/Jon.Brodziak/Desktop/Dirichlet Study/hake/RUN1/hake_ex781.inp"
782,"hake_ex782.inp","C:/Users/Jon.Brodziak/Desktop/Dirichlet Study/hake/RUN1/hake_ex782.inp"
783,"hake_ex783.inp","C:/Users/Jon.Brodziak/Desktop/Dirichlet Study/hake/RUN1/hake_ex783.inp"
784,"hake_ex784.inp","C:/Users/Jon.Brodziak/Desktop/Dirichlet Study/hake/RUN1/hake_ex784.inp"
785,"hake_ex785.inp","C:/Users/Jon.Brodziak/Desktop/Dirichlet Study/hake/RUN1/hake_ex785.inp"
786,"hake_ex786.inp","C:/Users/Jon.Brodziak/Desktop/Dirichlet Study/hake/RUN1/hake_ex786.inp"
787,"hake_ex787.inp","C:/Users/Jon.Brodziak/Desktop/Dirichlet Study/hake/RUN1/hake_ex787.inp"
788,"hake_ex788.inp","C:/Users/Jon.Brodziak/Desktop/Dirichlet Study/hake/RUN1/hake_ex788.inp"
789,"hake_ex789.inp","C:/Users/Jon.Brodziak/Desktop/Dirichlet Study/hake/RUN1/hake_ex789.inp"
790,"hake_ex790.inp","C:/Users/Jon.Brodziak/Desktop/Dirichlet Study/hake/RUN1/hake_ex790.inp"
791,"hake_ex791.inp","C:/Users/Jon.Brodziak/Desktop/Dirichlet Study/hake/RUN1/hake_ex791.inp"
792,"hake_ex792.inp","C:/Users/Jon.Brodziak/Desktop/Dirichlet Study/hake/RUN1/hake_ex792.inp"
793,"hake_ex793.inp","C:/Users/Jon.Brodziak/Desktop/Dirichlet Study/hake/RUN1/hake_ex793.inp"
794,"hake_ex794.inp","C:/Users/Jon.Brodziak/Desktop/Dirichlet Study/hake/RUN1/hake_ex794.inp"
795,"hake_ex795.inp","C:/Users/Jon.Brodziak/Desktop/Dirichlet Study/hake/RUN1/hake_ex795.inp"
796,"hake_ex796.inp","C:/Users/Jon.Brodziak/Desktop/Dirichlet Study/hake/RUN1/hake_ex796.inp"
797,"hake_ex797.inp","C:/Users/Jon.Brodziak/Desktop/Dirichlet Study/hake/RUN1/hake_ex797.inp"
798,"hake_ex798.inp","C:/Users/Jon.Brodziak/Desktop/Dirichlet Study/hake/RUN1/hake_ex798.inp"
799,"hake_ex799.inp","C:/Users/Jon.Brodziak/Desktop/Dirichlet Study/hake/RUN1/hake_ex799.inp"
800,"hake_ex800.inp","C:/Users/Jon.Brodziak/Desktop/Dirichlet Study/hake/RUN1/hake_ex800.inp"
801,"hake_ex801.inp","C:/Users/Jon.Brodziak/Desktop/Dirichlet Study/hake/RUN1/hake_ex801.inp"
802,"hake_ex802.inp","C:/Users/Jon.Brodziak/Desktop/Dirichlet Study/hake/RUN1/hake_ex802.inp"
803,"hake_ex803.inp","C:/Users/Jon.Brodziak/Desktop/Dirichlet Study/hake/RUN1/hake_ex803.inp"
804,"hake_ex804.inp","C:/Users/Jon.Brodziak/Desktop/Dirichlet Study/hake/RUN1/hake_ex804.inp"
805,"hake_ex805.inp","C:/Users/Jon.Brodziak/Desktop/Dirichlet Study/hake/RUN1/hake_ex805.inp"
806,"hake_ex806.inp","C:/Users/Jon.Brodziak/Desktop/Dirichlet Study/hake/RUN1/hake_ex806.inp"
807,"hake_ex807.inp","C:/Users/Jon.Brodziak/Desktop/Dirichlet Study/hake/RUN1/hake_ex807.inp"
808,"hake_ex808.inp","C:/Users/Jon.Brodziak/Desktop/Dirichlet Study/hake/RUN1/hake_ex808.inp"
809,"hake_ex809.inp","C:/Users/Jon.Brodziak/Desktop/Dirichlet Study/hake/RUN1/hake_ex809.inp"
810,"hake_ex810.inp","C:/Users/Jon.Brodziak/Desktop/Dirichlet Study/hake/RUN1/hake_ex810.inp"
811,"hake_ex811.inp","C:/Users/Jon.Brodziak/Desktop/Dirichlet Study/hake/RUN1/hake_ex811.inp"
812,"hake_ex812.inp","C:/Users/Jon.Brodziak/Desktop/Dirichlet Study/hake/RUN1/hake_ex812.inp"
813,"hake_ex813.inp","C:/Users/Jon.Brodziak/Desktop/Dirichlet Study/hake/RUN1/hake_ex813.inp"
814,"hake_ex814.inp","C:/Users/Jon.Brodziak/Desktop/Dirichlet Study/hake/RUN1/hake_ex814.inp"
815,"hake_ex815.inp","C:/Users/Jon.Brodziak/Desktop/Dirichlet Study/hake/RUN1/hake_ex815.inp"
816,"hake_ex816.inp","C:/Users/Jon.Brodziak/Desktop/Dirichlet Study/hake/RUN1/hake_ex816.inp"
817,"hake_ex817.inp","C:/Users/Jon.Brodziak/Desktop/Dirichlet Study/hake/RUN1/hake_ex817.inp"
818,"hake_ex818.inp","C:/Users/Jon.Brodziak/Desktop/Dirichlet Study/hake/RUN1/hake_ex818.inp"
819,"hake_ex819.inp","C:/Users/Jon.Brodziak/Desktop/Dirichlet Study/hake/RUN1/hake_ex819.inp"
820,"hake_ex820.inp","C:/Users/Jon.Brodziak/Desktop/Dirichlet Study/hake/RUN1/hake_ex820.inp"
821,"hake_ex821.inp","C:/Users/Jon.Brodziak/Desktop/Dirichlet Study/hake/RUN1/hake_ex821.inp"
822,"hake_ex822.inp","C:/Users/Jon.Brodziak/Desktop/Dirichlet Study/hake/RUN1/hake_ex822.inp"
823,"hake_ex823.inp","C:/Users/Jon.Brodziak/Desktop/Dirichlet Study/hake/RUN1/hake_ex823.inp"
824,"hake_ex824.inp","C:/Users/Jon.Brodziak/Desktop/Dirichlet Study/hake/RUN1/hake_ex824.inp"
825,"hake_ex825.inp","C:/Users/Jon.Brodziak/Desktop/Dirichlet Study/hake/RUN1/hake_ex825.inp"
826,"hake_ex826.inp","C:/Users/Jon.Brodziak/Desktop/Dirichlet Study/hake/RUN1/hake_ex826.inp"
827,"hake_ex827.inp","C:/Users/Jon.Brodziak/Desktop/Dirichlet Study/hake/RUN1/hake_ex827.inp"
828,"hake_ex828.inp","C:/Users/Jon.Brodziak/Desktop/Dirichlet Study/hake/RUN1/hake_ex828.inp"
829,"hake_ex829.inp","C:/Users/Jon.Brodziak/Desktop/Dirichlet Study/hake/RUN1/hake_ex829.inp"
830,"hake_ex830.inp","C:/Users/Jon.Brodziak/Desktop/Dirichlet Study/hake/RUN1/hake_ex830.inp"
831,"hake_ex831.inp","C:/Users/Jon.Brodziak/Desktop/Dirichlet Study/hake/RUN1/hake_ex831.inp"
832,"hake_ex832.inp","C:/Users/Jon.Brodziak/Desktop/Dirichlet Study/hake/RUN1/hake_ex832.inp"
833,"hake_ex833.inp","C:/Users/Jon.Brodziak/Desktop/Dirichlet Study/hake/RUN1/hake_ex833.inp"
834,"hake_ex834.inp","C:/Users/Jon.Brodziak/Desktop/Dirichlet Study/hake/RUN1/hake_ex834.inp"
835,"hake_ex835.inp","C:/Users/Jon.Brodziak/Desktop/Dirichlet Study/hake/RUN1/hake_ex835.inp"
836,"hake_ex836.inp","C:/Users/Jon.Brodziak/Desktop/Dirichlet Study/hake/RUN1/hake_ex836.inp"
837,"hake_ex837.inp","C:/Users/Jon.Brodziak/Desktop/Dirichlet Study/hake/RUN1/hake_ex837.inp"
838,"hake_ex838.inp","C:/Users/Jon.Brodziak/Desktop/Dirichlet Study/hake/RUN1/hake_ex838.inp"
839,"hake_ex839.inp","C:/Users/Jon.Brodziak/Desktop/Dirichlet Study/hake/RUN1/hake_ex839.inp"
840,"hake_ex840.inp","C:/Users/Jon.Brodziak/Desktop/Dirichlet Study/hake/RUN1/hake_ex840.inp"
841,"hake_ex841.inp","C:/Users/Jon.Brodziak/Desktop/Dirichlet Study/hake/RUN1/hake_ex841.inp"
842,"hake_ex842.inp","C:/Users/Jon.Brodziak/Desktop/Dirichlet Study/hake/RUN1/hake_ex842.inp"
843,"hake_ex843.inp","C:/Users/Jon.Brodziak/Desktop/Dirichlet Study/hake/RUN1/hake_ex843.inp"
844,"hake_ex844.inp","C:/Users/Jon.Brodziak/Desktop/Dirichlet Study/hake/RUN1/hake_ex844.inp"
845,"hake_ex845.inp","C:/Users/Jon.Brodziak/Desktop/Dirichlet Study/hake/RUN1/hake_ex845.inp"
846,"hake_ex846.inp","C:/Users/Jon.Brodziak/Desktop/Dirichlet Study/hake/RUN1/hake_ex846.inp"
847,"hake_ex847.inp","C:/Users/Jon.Brodziak/Desktop/Dirichlet Study/hake/RUN1/hake_ex847.inp"
848,"hake_ex848.inp","C:/Users/Jon.Brodziak/Desktop/Dirichlet Study/hake/RUN1/hake_ex848.inp"
849,"hake_ex849.inp","C:/Users/Jon.Brodziak/Desktop/Dirichlet Study/hake/RUN1/hake_ex849.inp"
850,"hake_ex850.inp","C:/Users/Jon.Brodziak/Desktop/Dirichlet Study/hake/RUN1/hake_ex850.inp"
851,"hake_ex851.inp","C:/Users/Jon.Brodziak/Desktop/Dirichlet Study/hake/RUN1/hake_ex851.inp"
852,"hake_ex852.inp","C:/Users/Jon.Brodziak/Desktop/Dirichlet Study/hake/RUN1/hake_ex852.inp"
853,"hake_ex853.inp","C:/Users/Jon.Brodziak/Desktop/Dirichlet Study/hake/RUN1/hake_ex853.inp"
854,"hake_ex854.inp","C:/Users/Jon.Brodziak/Desktop/Dirichlet Study/hake/RUN1/hake_ex854.inp"
855,"hake_ex855.inp","C:/Users/Jon.Brodziak/Desktop/Dirichlet Study/hake/RUN1/hake_ex855.inp"
856,"hake_ex856.inp","C:/Users/Jon.Brodziak/Desktop/Dirichlet Study/hake/RUN1/hake_ex856.inp"
857,"hake_ex857.inp","C:/Users/Jon.Brodziak/Desktop/Dirichlet Study/hake/RUN1/hake_ex857.inp"
858,"hake_ex858.inp","C:/Users/Jon.Brodziak/Desktop/Dirichlet Study/hake/RUN1/hake_ex858.inp"
859,"hake_ex859.inp","C:/Users/Jon.Brodziak/Desktop/Dirichlet Study/hake/RUN1/hake_ex859.inp"
860,"hake_ex860.inp","C:/Users/Jon.Brodziak/Desktop/Dirichlet Study/hake/RUN1/hake_ex860.inp"
861,"hake_ex861.inp","C:/Users/Jon.Brodziak/Desktop/Dirichlet Study/hake/RUN1/hake_ex861.inp"
862,"hake_ex862.inp","C:/Users/Jon.Brodziak/Desktop/Dirichlet Study/hake/RUN1/hake_ex862.inp"
863,"hake_ex863.inp","C:/Users/Jon.Brodziak/Desktop/Dirichlet Study/hake/RUN1/hake_ex863.inp"
864,"hake_ex864.inp","C:/Users/Jon.Brodziak/Desktop/Dirichlet Study/hake/RUN1/hake_ex864.inp"
865,"hake_ex865.inp","C:/Users/Jon.Brodziak/Desktop/Dirichlet Study/hake/RUN1/hake_ex865.inp"
866,"hake_ex866.inp","C:/Users/Jon.Brodziak/Desktop/Dirichlet Study/hake/RUN1/hake_ex866.inp"
867,"hake_ex867.inp","C:/Users/Jon.Brodziak/Desktop/Dirichlet Study/hake/RUN1/hake_ex867.inp"
868,"hake_ex868.inp","C:/Users/Jon.Brodziak/Desktop/Dirichlet Study/hake/RUN1/hake_ex868.inp"
869,"hake_ex869.inp","C:/Users/Jon.Brodziak/Desktop/Dirichlet Study/hake/RUN1/hake_ex869.inp"
870,"hake_ex870.inp","C:/Users/Jon.Brodziak/Desktop/Dirichlet Study/hake/RUN1/hake_ex870.inp"
871,"hake_ex871.inp","C:/Users/Jon.Brodziak/Desktop/Dirichlet Study/hake/RUN1/hake_ex871.inp"
872,"hake_ex872.inp","C:/Users/Jon.Brodziak/Desktop/Dirichlet Study/hake/RUN1/hake_ex872.inp"
873,"hake_ex873.inp","C:/Users/Jon.Brodziak/Desktop/Dirichlet Study/hake/RUN1/hake_ex873.inp"
874,"hake_ex874.inp","C:/Users/Jon.Brodziak/Desktop/Dirichlet Study/hake/RUN1/hake_ex874.inp"
875,"hake_ex875.inp","C:/Users/Jon.Brodziak/Desktop/Dirichlet Study/hake/RUN1/hake_ex875.inp"
876,"hake_ex876.inp","C:/Users/Jon.Brodziak/Desktop/Dirichlet Study/hake/RUN1/hake_ex876.inp"
877,"hake_ex877.inp","C:/Users/Jon.Brodziak/Desktop/Dirichlet Study/hake/RUN1/hake_ex877.inp"
878,"hake_ex878.inp","C:/Users/Jon.Brodziak/Desktop/Dirichlet Study/hake/RUN1/hake_ex878.inp"
879,"hake_ex879.inp","C:/Users/Jon.Brodziak/Desktop/Dirichlet Study/hake/RUN1/hake_ex879.inp"
880,"hake_ex880.inp","C:/Users/Jon.Brodziak/Desktop/Dirichlet Study/hake/RUN1/hake_ex880.inp"
881,"hake_ex881.inp","C:/Users/Jon.Brodziak/Desktop/Dirichlet Study/hake/RUN1/hake_ex881.inp"
882,"hake_ex882.inp","C:/Users/Jon.Brodziak/Desktop/Dirichlet Study/hake/RUN1/hake_ex882.inp"
883,"hake_ex883.inp","C:/Users/Jon.Brodziak/Desktop/Dirichlet Study/hake/RUN1/hake_ex883.inp"
884,"hake_ex884.inp","C:/Users/Jon.Brodziak/Desktop/Dirichlet Study/hake/RUN1/hake_ex884.inp"
885,"hake_ex885.inp","C:/Users/Jon.Brodziak/Desktop/Dirichlet Study/hake/RUN1/hake_ex885.inp"
886,"hake_ex886.inp","C:/Users/Jon.Brodziak/Desktop/Dirichlet Study/hake/RUN1/hake_ex886.inp"
887,"hake_ex887.inp","C:/Users/Jon.Brodziak/Desktop/Dirichlet Study/hake/RUN1/hake_ex887.inp"
888,"hake_ex888.inp","C:/Users/Jon.Brodziak/Desktop/Dirichlet Study/hake/RUN1/hake_ex888.inp"
889,"hake_ex889.inp","C:/Users/Jon.Brodziak/Desktop/Dirichlet Study/hake/RUN1/hake_ex889.inp"
890,"hake_ex890.inp","C:/Users/Jon.Brodziak/Desktop/Dirichlet Study/hake/RUN1/hake_ex890.inp"
891,"hake_ex891.inp","C:/Users/Jon.Brodziak/Desktop/Dirichlet Study/hake/RUN1/hake_ex891.inp"
892,"hake_ex892.inp","C:/Users/Jon.Brodziak/Desktop/Dirichlet Study/hake/RUN1/hake_ex892.inp"
893,"hake_ex893.inp","C:/Users/Jon.Brodziak/Desktop/Dirichlet Study/hake/RUN1/hake_ex893.inp"
894,"hake_ex894.inp","C:/Users/Jon.Brodziak/Desktop/Dirichlet Study/hake/RUN1/hake_ex894.inp"
895,"hake_ex895.inp","C:/Users/Jon.Brodziak/Desktop/Dirichlet Study/hake/RUN1/hake_ex895.inp"
896,"hake_ex896.inp","C:/Users/Jon.Brodziak/Desktop/Dirichlet Study/hake/RUN1/hake_ex896.inp"
897,"hake_ex897.inp","C:/Users/Jon.Brodziak/Desktop/Dirichlet Study/hake/RUN1/hake_ex897.inp"
898,"hake_ex898.inp","C:/Users/Jon.Brodziak/Desktop/Dirichlet Study/hake/RUN1/hake_ex898.inp"
899,"hake_ex899.inp","C:/Users/Jon.Brodziak/Desktop/Dirichlet Study/hake/RUN1/hake_ex899.inp"
900,"hake_ex900.inp","C:/Users/Jon.Brodziak/Desktop/Dirichlet Study/hake/RUN1/hake_ex900.inp"
901,"hake_ex901.inp","C:/Users/Jon.Brodziak/Desktop/Dirichlet Study/hake/RUN1/hake_ex901.inp"
902,"hake_ex902.inp","C:/Users/Jon.Brodziak/Desktop/Dirichlet Study/hake/RUN1/hake_ex902.inp"
903,"hake_ex903.inp","C:/Users/Jon.Brodziak/Desktop/Dirichlet Study/hake/RUN1/hake_ex903.inp"
904,"hake_ex904.inp","C:/Users/Jon.Brodziak/Desktop/Dirichlet Study/hake/RUN1/hake_ex904.inp"
905,"hake_ex905.inp","C:/Users/Jon.Brodziak/Desktop/Dirichlet Study/hake/RUN1/hake_ex905.inp"
906,"hake_ex906.inp","C:/Users/Jon.Brodziak/Desktop/Dirichlet Study/hake/RUN1/hake_ex906.inp"
907,"hake_ex907.inp","C:/Users/Jon.Brodziak/Desktop/Dirichlet Study/hake/RUN1/hake_ex907.inp"
908,"hake_ex908.inp","C:/Users/Jon.Brodziak/Desktop/Dirichlet Study/hake/RUN1/hake_ex908.inp"
909,"hake_ex909.inp","C:/Users/Jon.Brodziak/Desktop/Dirichlet Study/hake/RUN1/hake_ex909.inp"
910,"hake_ex910.inp","C:/Users/Jon.Brodziak/Desktop/Dirichlet Study/hake/RUN1/hake_ex910.inp"
911,"hake_ex911.inp","C:/Users/Jon.Brodziak/Desktop/Dirichlet Study/hake/RUN1/hake_ex911.inp"
912,"hake_ex912.inp","C:/Users/Jon.Brodziak/Desktop/Dirichlet Study/hake/RUN1/hake_ex912.inp"
913,"hake_ex913.inp","C:/Users/Jon.Brodziak/Desktop/Dirichlet Study/hake/RUN1/hake_ex913.inp"
914,"hake_ex914.inp","C:/Users/Jon.Brodziak/Desktop/Dirichlet Study/hake/RUN1/hake_ex914.inp"
915,"hake_ex915.inp","C:/Users/Jon.Brodziak/Desktop/Dirichlet Study/hake/RUN1/hake_ex915.inp"
916,"hake_ex916.inp","C:/Users/Jon.Brodziak/Desktop/Dirichlet Study/hake/RUN1/hake_ex916.inp"
917,"hake_ex917.inp","C:/Users/Jon.Brodziak/Desktop/Dirichlet Study/hake/RUN1/hake_ex917.inp"
918,"hake_ex918.inp","C:/Users/Jon.Brodziak/Desktop/Dirichlet Study/hake/RUN1/hake_ex918.inp"
919,"hake_ex919.inp","C:/Users/Jon.Brodziak/Desktop/Dirichlet Study/hake/RUN1/hake_ex919.inp"
920,"hake_ex920.inp","C:/Users/Jon.Brodziak/Desktop/Dirichlet Study/hake/RUN1/hake_ex920.inp"
921,"hake_ex921.inp","C:/Users/Jon.Brodziak/Desktop/Dirichlet Study/hake/RUN1/hake_ex921.inp"
922,"hake_ex922.inp","C:/Users/Jon.Brodziak/Desktop/Dirichlet Study/hake/RUN1/hake_ex922.inp"
923,"hake_ex923.inp","C:/Users/Jon.Brodziak/Desktop/Dirichlet Study/hake/RUN1/hake_ex923.inp"
924,"hake_ex924.inp","C:/Users/Jon.Brodziak/Desktop/Dirichlet Study/hake/RUN1/hake_ex924.inp"
925,"hake_ex925.inp","C:/Users/Jon.Brodziak/Desktop/Dirichlet Study/hake/RUN1/hake_ex925.inp"
926,"hake_ex926.inp","C:/Users/Jon.Brodziak/Desktop/Dirichlet Study/hake/RUN1/hake_ex926.inp"
927,"hake_ex927.inp","C:/Users/Jon.Brodziak/Desktop/Dirichlet Study/hake/RUN1/hake_ex927.inp"
928,"hake_ex928.inp","C:/Users/Jon.Brodziak/Desktop/Dirichlet Study/hake/RUN1/hake_ex928.inp"
929,"hake_ex929.inp","C:/Users/Jon.Brodziak/Desktop/Dirichlet Study/hake/RUN1/hake_ex929.inp"
930,"hake_ex930.inp","C:/Users/Jon.Brodziak/Desktop/Dirichlet Study/hake/RUN1/hake_ex930.inp"
931,"hake_ex931.inp","C:/Users/Jon.Brodziak/Desktop/Dirichlet Study/hake/RUN1/hake_ex931.inp"
932,"hake_ex932.inp","C:/Users/Jon.Brodziak/Desktop/Dirichlet Study/hake/RUN1/hake_ex932.inp"
933,"hake_ex933.inp","C:/Users/Jon.Brodziak/Desktop/Dirichlet Study/hake/RUN1/hake_ex933.inp"
934,"hake_ex934.inp","C:/Users/Jon.Brodziak/Desktop/Dirichlet Study/hake/RUN1/hake_ex934.inp"
935,"hake_ex935.inp","C:/Users/Jon.Brodziak/Desktop/Dirichlet Study/hake/RUN1/hake_ex935.inp"
936,"hake_ex936.inp","C:/Users/Jon.Brodziak/Desktop/Dirichlet Study/hake/RUN1/hake_ex936.inp"
937,"hake_ex937.inp","C:/Users/Jon.Brodziak/Desktop/Dirichlet Study/hake/RUN1/hake_ex937.inp"
938,"hake_ex938.inp","C:/Users/Jon.Brodziak/Desktop/Dirichlet Study/hake/RUN1/hake_ex938.inp"
939,"hake_ex939.inp","C:/Users/Jon.Brodziak/Desktop/Dirichlet Study/hake/RUN1/hake_ex939.inp"
940,"hake_ex940.inp","C:/Users/Jon.Brodziak/Desktop/Dirichlet Study/hake/RUN1/hake_ex940.inp"
941,"hake_ex941.inp","C:/Users/Jon.Brodziak/Desktop/Dirichlet Study/hake/RUN1/hake_ex941.inp"
942,"hake_ex942.inp","C:/Users/Jon.Brodziak/Desktop/Dirichlet Study/hake/RUN1/hake_ex942.inp"
943,"hake_ex943.inp","C:/Users/Jon.Brodziak/Desktop/Dirichlet Study/hake/RUN1/hake_ex943.inp"
944,"hake_ex944.inp","C:/Users/Jon.Brodziak/Desktop/Dirichlet Study/hake/RUN1/hake_ex944.inp"
945,"hake_ex945.inp","C:/Users/Jon.Brodziak/Desktop/Dirichlet Study/hake/RUN1/hake_ex945.inp"
946,"hake_ex946.inp","C:/Users/Jon.Brodziak/Desktop/Dirichlet Study/hake/RUN1/hake_ex946.inp"
947,"hake_ex947.inp","C:/Users/Jon.Brodziak/Desktop/Dirichlet Study/hake/RUN1/hake_ex947.inp"
948,"hake_ex948.inp","C:/Users/Jon.Brodziak/Desktop/Dirichlet Study/hake/RUN1/hake_ex948.inp"
949,"hake_ex949.inp","C:/Users/Jon.Brodziak/Desktop/Dirichlet Study/hake/RUN1/hake_ex949.inp"
950,"hake_ex950.inp","C:/Users/Jon.Brodziak/Desktop/Dirichlet Study/hake/RUN1/hake_ex950.inp"
951,"hake_ex951.inp","C:/Users/Jon.Brodziak/Desktop/Dirichlet Study/hake/RUN1/hake_ex951.inp"
952,"hake_ex952.inp","C:/Users/Jon.Brodziak/Desktop/Dirichlet Study/hake/RUN1/hake_ex952.inp"
953,"hake_ex953.inp","C:/Users/Jon.Brodziak/Desktop/Dirichlet Study/hake/RUN1/hake_ex953.inp"
954,"hake_ex954.inp","C:/Users/Jon.Brodziak/Desktop/Dirichlet Study/hake/RUN1/hake_ex954.inp"
955,"hake_ex955.inp","C:/Users/Jon.Brodziak/Desktop/Dirichlet Study/hake/RUN1/hake_ex955.inp"
956,"hake_ex956.inp","C:/Users/Jon.Brodziak/Desktop/Dirichlet Study/hake/RUN1/hake_ex956.inp"
957,"hake_ex957.inp","C:/Users/Jon.Brodziak/Desktop/Dirichlet Study/hake/RUN1/hake_ex957.inp"
958,"hake_ex958.inp","C:/Users/Jon.Brodziak/Desktop/Dirichlet Study/hake/RUN1/hake_ex958.inp"
959,"hake_ex959.inp","C:/Users/Jon.Brodziak/Desktop/Dirichlet Study/hake/RUN1/hake_ex959.inp"
960,"hake_ex960.inp","C:/Users/Jon.Brodziak/Desktop/Dirichlet Study/hake/RUN1/hake_ex960.inp"
961,"hake_ex961.inp","C:/Users/Jon.Brodziak/Desktop/Dirichlet Study/hake/RUN1/hake_ex961.inp"
962,"hake_ex962.inp","C:/Users/Jon.Brodziak/Desktop/Dirichlet Study/hake/RUN1/hake_ex962.inp"
963,"hake_ex963.inp","C:/Users/Jon.Brodziak/Desktop/Dirichlet Study/hake/RUN1/hake_ex963.inp"
964,"hake_ex964.inp","C:/Users/Jon.Brodziak/Desktop/Dirichlet Study/hake/RUN1/hake_ex964.inp"
965,"hake_ex965.inp","C:/Users/Jon.Brodziak/Desktop/Dirichlet Study/hake/RUN1/hake_ex965.inp"
966,"hake_ex966.inp","C:/Users/Jon.Brodziak/Desktop/Dirichlet Study/hake/RUN1/hake_ex966.inp"
967,"hake_ex967.inp","C:/Users/Jon.Brodziak/Desktop/Dirichlet Study/hake/RUN1/hake_ex967.inp"
968,"hake_ex968.inp","C:/Users/Jon.Brodziak/Desktop/Dirichlet Study/hake/RUN1/hake_ex968.inp"
969,"hake_ex969.inp","C:/Users/Jon.Brodziak/Desktop/Dirichlet Study/hake/RUN1/hake_ex969.inp"
970,"hake_ex970.inp","C:/Users/Jon.Brodziak/Desktop/Dirichlet Study/hake/RUN1/hake_ex970.inp"
971,"hake_ex971.inp","C:/Users/Jon.Brodziak/Desktop/Dirichlet Study/hake/RUN1/hake_ex971.inp"
972,"hake_ex972.inp","C:/Users/Jon.Brodziak/Desktop/Dirichlet Study/hake/RUN1/hake_ex972.inp"
