"example_id","design_block","G","theta_true","theta_CV","sigma","mean_nsamp","N_h","n_h","requested_rate","realized_rate","inclusion_probability"
1,"Poisson","2","0.5","0","0.25","25",43758,876,0.02,0.0200191964897847,0.0200191964897847
2,"Poisson","4","0.5","0","0.25","25",43758,876,0.02,0.0200191964897847,0.0200191964897847
3,"Poisson","8","0.5","0","0.25","25",43758,876,0.02,0.0200191964897847,0.0200191964897847
4,"Poisson","2","0.5","0.2","0.25","25",43758,876,0.02,0.0200191964897847,0.0200191964897847
5,"Poisson","4","0.5","0.2","0.25","25",43758,876,0.02,0.0200191964897847,0.0200191964897847
6,"Poisson","8","0.5","0.2","0.25","25",43758,876,0.02,0.0200191964897847,0.0200191964897847
7,"Poisson","2","0.5","0.6","0.25","25",43758,876,0.02,0.0200191964897847,0.0200191964897847
8,"Poisson","4","0.5","0.6","0.25","25",43758,876,0.02,0.0200191964897847,0.0200191964897847
9,"Poisson","8","0.5","0.6","0.25","25",43758,876,0.02,0.0200191964897847,0.0200191964897847
10,"Poisson","2","1","0","0.25","25",43758,876,0.02,0.0200191964897847,0.0200191964897847
11,"Poisson","4","1","0","0.25","25",43758,876,0.02,0.0200191964897847,0.0200191964897847
12,"Poisson","8","1","0","0.25","25",43758,876,0.02,0.0200191964897847,0.0200191964897847
13,"Poisson","2","1","0.2","0.25","25",43758,876,0.02,0.0200191964897847,0.0200191964897847
14,"Poisson","4","1","0.2","0.25","25",43758,876,0.02,0.0200191964897847,0.0200191964897847
15,"Poisson","8","1","0.2","0.25","25",43758,876,0.02,0.0200191964897847,0.0200191964897847
16,"Poisson","2","1","0.6","0.25","25",43758,876,0.02,0.0200191964897847,0.0200191964897847
17,"Poisson","4","1","0.6","0.25","25",43758,876,0.02,0.0200191964897847,0.0200191964897847
18,"Poisson","8","1","0.6","0.25","25",43758,876,0.02,0.0200191964897847,0.0200191964897847
19,"Poisson","2","2","0","0.25","25",43758,876,0.02,0.0200191964897847,0.0200191964897847
20,"Poisson","4","2","0","0.25","25",43758,876,0.02,0.0200191964897847,0.0200191964897847
21,"Poisson","8","2","0","0.25","25",43758,876,0.02,0.0200191964897847,0.0200191964897847
22,"Poisson","2","2","0.2","0.25","25",43758,876,0.02,0.0200191964897847,0.0200191964897847
23,"Poisson","4","2","0.2","0.25","25",43758,876,0.02,0.0200191964897847,0.0200191964897847
24,"Poisson","8","2","0.2","0.25","25",43758,876,0.02,0.0200191964897847,0.0200191964897847
25,"Poisson","2","2","0.6","0.25","25",43758,876,0.02,0.0200191964897847,0.0200191964897847
26,"Poisson","4","2","0.6","0.25","25",43758,876,0.02,0.0200191964897847,0.0200191964897847
27,"Poisson","8","2","0.6","0.25","25",43758,876,0.02,0.0200191964897847,0.0200191964897847
28,"Poisson","2","0.5","0","0.5","25",43758,876,0.02,0.0200191964897847,0.0200191964897847
29,"Poisson","4","0.5","0","0.5","25",43758,876,0.02,0.0200191964897847,0.0200191964897847
30,"Poisson","8","0.5","0","0.5","25",43758,876,0.02,0.0200191964897847,0.0200191964897847
31,"Poisson","2","0.5","0.2","0.5","25",43758,876,0.02,0.0200191964897847,0.0200191964897847
32,"Poisson","4","0.5","0.2","0.5","25",43758,876,0.02,0.0200191964897847,0.0200191964897847
33,"Poisson","8","0.5","0.2","0.5","25",43758,876,0.02,0.0200191964897847,0.0200191964897847
34,"Poisson","2","0.5","0.6","0.5","25",43758,876,0.02,0.0200191964897847,0.0200191964897847
35,"Poisson","4","0.5","0.6","0.5","25",43758,876,0.02,0.0200191964897847,0.0200191964897847
36,"Poisson","8","0.5","0.6","0.5","25",43758,876,0.02,0.0200191964897847,0.0200191964897847
37,"Poisson","2","1","0","0.5","25",43758,876,0.02,0.0200191964897847,0.0200191964897847
38,"Poisson","4","1","0","0.5","25",43758,876,0.02,0.0200191964897847,0.0200191964897847
39,"Poisson","8","1","0","0.5","25",43758,876,0.02,0.0200191964897847,0.0200191964897847
40,"Poisson","2","1","0.2","0.5","25",43758,876,0.02,0.0200191964897847,0.0200191964897847
41,"Poisson","4","1","0.2","0.5","25",43758,876,0.02,0.0200191964897847,0.0200191964897847
42,"Poisson","8","1","0.2","0.5","25",43758,876,0.02,0.0200191964897847,0.0200191964897847
43,"Poisson","2","1","0.6","0.5","25",43758,876,0.02,0.0200191964897847,0.0200191964897847
44,"Poisson","4","1","0.6","0.5","25",43758,876,0.02,0.0200191964897847,0.0200191964897847
45,"Poisson","8","1","0.6","0.5","25",43758,876,0.02,0.0200191964897847,0.0200191964897847
46,"Poisson","2","2","0","0.5","25",43758,876,0.02,0.0200191964897847,0.0200191964897847
47,"Poisson","4","2","0","0.5","25",43758,876,0.02,0.0200191964897847,0.0200191964897847
48,"Poisson","8","2","0","0.5","25",43758,876,0.02,0.0200191964897847,0.0200191964897847
49,"Poisson","2","2","0.2","0.5","25",43758,876,0.02,0.0200191964897847,0.0200191964897847
50,"Poisson","4","2","0.2","0.5","25",43758,876,0.02,0.0200191964897847,0.0200191964897847
51,"Poisson","8","2","0.2","0.5","25",43758,876,0.02,0.0200191964897847,0.0200191964897847
52,"Poisson","2","2","0.6","0.5","25",43758,876,0.02,0.0200191964897847,0.0200191964897847
53,"Poisson","4","2","0.6","0.5","25",43758,876,0.02,0.0200191964897847,0.0200191964897847
54,"Poisson","8","2","0.6","0.5","25",43758,876,0.02,0.0200191964897847,0.0200191964897847
55,"Poisson","2","0.5","0","1","25",43758,876,0.02,0.0200191964897847,0.0200191964897847
56,"Poisson","4","0.5","0","1","25",43758,876,0.02,0.0200191964897847,0.0200191964897847
57,"Poisson","8","0.5","0","1","25",43758,876,0.02,0.0200191964897847,0.0200191964897847
58,"Poisson","2","0.5","0.2","1","25",43758,876,0.02,0.0200191964897847,0.0200191964897847
59,"Poisson","4","0.5","0.2","1","25",43758,876,0.02,0.0200191964897847,0.0200191964897847
60,"Poisson","8","0.5","0.2","1","25",43758,876,0.02,0.0200191964897847,0.0200191964897847
61,"Poisson","2","0.5","0.6","1","25",43758,876,0.02,0.0200191964897847,0.0200191964897847
62,"Poisson","4","0.5","0.6","1","25",43758,876,0.02,0.0200191964897847,0.0200191964897847
63,"Poisson","8","0.5","0.6","1","25",43758,876,0.02,0.0200191964897847,0.0200191964897847
64,"Poisson","2","1","0","1","25",43758,876,0.02,0.0200191964897847,0.0200191964897847
65,"Poisson","4","1","0","1","25",43758,876,0.02,0.0200191964897847,0.0200191964897847
66,"Poisson","8","1","0","1","25",43758,876,0.02,0.0200191964897847,0.0200191964897847
67,"Poisson","2","1","0.2","1","25",43758,876,0.02,0.0200191964897847,0.0200191964897847
68,"Poisson","4","1","0.2","1","25",43758,876,0.02,0.0200191964897847,0.0200191964897847
69,"Poisson","8","1","0.2","1","25",43758,876,0.02,0.0200191964897847,0.0200191964897847
70,"Poisson","2","1","0.6","1","25",43758,876,0.02,0.0200191964897847,0.0200191964897847
71,"Poisson","4","1","0.6","1","25",43758,876,0.02,0.0200191964897847,0.0200191964897847
72,"Poisson","8","1","0.6","1","25",43758,876,0.02,0.0200191964897847,0.0200191964897847
73,"Poisson","2","2","0","1","25",43758,876,0.02,0.0200191964897847,0.0200191964897847
74,"Poisson","4","2","0","1","25",43758,876,0.02,0.0200191964897847,0.0200191964897847
75,"Poisson","8","2","0","1","25",43758,876,0.02,0.0200191964897847,0.0200191964897847
76,"Poisson","2","2","0.2","1","25",43758,876,0.02,0.0200191964897847,0.0200191964897847
77,"Poisson","4","2","0.2","1","25",43758,876,0.02,0.0200191964897847,0.0200191964897847
78,"Poisson","8","2","0.2","1","25",43758,876,0.02,0.0200191964897847,0.0200191964897847
79,"Poisson","2","2","0.6","1","25",43758,876,0.02,0.0200191964897847,0.0200191964897847
80,"Poisson","4","2","0.6","1","25",43758,876,0.02,0.0200191964897847,0.0200191964897847
81,"Poisson","8","2","0.6","1","25",43758,876,0.02,0.0200191964897847,0.0200191964897847
82,"Poisson","2","0.5","0","0.25","50",43758,876,0.02,0.0200191964897847,0.0200191964897847
83,"Poisson","4","0.5","0","0.25","50",43758,876,0.02,0.0200191964897847,0.0200191964897847
84,"Poisson","8","0.5","0","0.25","50",43758,876,0.02,0.0200191964897847,0.0200191964897847
85,"Poisson","2","0.5","0.2","0.25","50",43758,876,0.02,0.0200191964897847,0.0200191964897847
86,"Poisson","4","0.5","0.2","0.25","50",43758,876,0.02,0.0200191964897847,0.0200191964897847
87,"Poisson","8","0.5","0.2","0.25","50",43758,876,0.02,0.0200191964897847,0.0200191964897847
88,"Poisson","2","0.5","0.6","0.25","50",43758,876,0.02,0.0200191964897847,0.0200191964897847
89,"Poisson","4","0.5","0.6","0.25","50",43758,876,0.02,0.0200191964897847,0.0200191964897847
90,"Poisson","8","0.5","0.6","0.25","50",43758,876,0.02,0.0200191964897847,0.0200191964897847
91,"Poisson","2","1","0","0.25","50",43758,876,0.02,0.0200191964897847,0.0200191964897847
92,"Poisson","4","1","0","0.25","50",43758,876,0.02,0.0200191964897847,0.0200191964897847
93,"Poisson","8","1","0","0.25","50",43758,876,0.02,0.0200191964897847,0.0200191964897847
94,"Poisson","2","1","0.2","0.25","50",43758,876,0.02,0.0200191964897847,0.0200191964897847
95,"Poisson","4","1","0.2","0.25","50",43758,876,0.02,0.0200191964897847,0.0200191964897847
96,"Poisson","8","1","0.2","0.25","50",43758,876,0.02,0.0200191964897847,0.0200191964897847
97,"Poisson","2","1","0.6","0.25","50",43758,876,0.02,0.0200191964897847,0.0200191964897847
98,"Poisson","4","1","0.6","0.25","50",43758,876,0.02,0.0200191964897847,0.0200191964897847
99,"Poisson","8","1","0.6","0.25","50",43758,876,0.02,0.0200191964897847,0.0200191964897847
100,"Poisson","2","2","0","0.25","50",43758,876,0.02,0.0200191964897847,0.0200191964897847
101,"Poisson","4","2","0","0.25","50",43758,876,0.02,0.0200191964897847,0.0200191964897847
102,"Poisson","8","2","0","0.25","50",43758,876,0.02,0.0200191964897847,0.0200191964897847
103,"Poisson","2","2","0.2","0.25","50",43758,876,0.02,0.0200191964897847,0.0200191964897847
104,"Poisson","4","2","0.2","0.25","50",43758,876,0.02,0.0200191964897847,0.0200191964897847
105,"Poisson","8","2","0.2","0.25","50",43758,876,0.02,0.0200191964897847,0.0200191964897847
106,"Poisson","2","2","0.6","0.25","50",43758,876,0.02,0.0200191964897847,0.0200191964897847
107,"Poisson","4","2","0.6","0.25","50",43758,876,0.02,0.0200191964897847,0.0200191964897847
108,"Poisson","8","2","0.6","0.25","50",43758,876,0.02,0.0200191964897847,0.0200191964897847
109,"Poisson","2","0.5","0","0.5","50",43758,876,0.02,0.0200191964897847,0.0200191964897847
110,"Poisson","4","0.5","0","0.5","50",43758,876,0.02,0.0200191964897847,0.0200191964897847
111,"Poisson","8","0.5","0","0.5","50",43758,876,0.02,0.0200191964897847,0.0200191964897847
112,"Poisson","2","0.5","0.2","0.5","50",43758,876,0.02,0.0200191964897847,0.0200191964897847
113,"Poisson","4","0.5","0.2","0.5","50",43758,876,0.02,0.0200191964897847,0.0200191964897847
114,"Poisson","8","0.5","0.2","0.5","50",43758,876,0.02,0.0200191964897847,0.0200191964897847
115,"Poisson","2","0.5","0.6","0.5","50",43758,876,0.02,0.0200191964897847,0.0200191964897847
116,"Poisson","4","0.5","0.6","0.5","50",43758,876,0.02,0.0200191964897847,0.0200191964897847
117,"Poisson","8","0.5","0.6","0.5","50",43758,876,0.02,0.0200191964897847,0.0200191964897847
118,"Poisson","2","1","0","0.5","50",43758,876,0.02,0.0200191964897847,0.0200191964897847
119,"Poisson","4","1","0","0.5","50",43758,876,0.02,0.0200191964897847,0.0200191964897847
120,"Poisson","8","1","0","0.5","50",43758,876,0.02,0.0200191964897847,0.0200191964897847
121,"Poisson","2","1","0.2","0.5","50",43758,876,0.02,0.0200191964897847,0.0200191964897847
122,"Poisson","4","1","0.2","0.5","50",43758,876,0.02,0.0200191964897847,0.0200191964897847
123,"Poisson","8","1","0.2","0.5","50",43758,876,0.02,0.0200191964897847,0.0200191964897847
124,"Poisson","2","1","0.6","0.5","50",43758,876,0.02,0.0200191964897847,0.0200191964897847
125,"Poisson","4","1","0.6","0.5","50",43758,876,0.02,0.0200191964897847,0.0200191964897847
126,"Poisson","8","1","0.6","0.5","50",43758,876,0.02,0.0200191964897847,0.0200191964897847
127,"Poisson","2","2","0","0.5","50",43758,876,0.02,0.0200191964897847,0.0200191964897847
128,"Poisson","4","2","0","0.5","50",43758,876,0.02,0.0200191964897847,0.0200191964897847
129,"Poisson","8","2","0","0.5","50",43758,876,0.02,0.0200191964897847,0.0200191964897847
130,"Poisson","2","2","0.2","0.5","50",43758,876,0.02,0.0200191964897847,0.0200191964897847
131,"Poisson","4","2","0.2","0.5","50",43758,876,0.02,0.0200191964897847,0.0200191964897847
132,"Poisson","8","2","0.2","0.5","50",43758,876,0.02,0.0200191964897847,0.0200191964897847
133,"Poisson","2","2","0.6","0.5","50",43758,876,0.02,0.0200191964897847,0.0200191964897847
134,"Poisson","4","2","0.6","0.5","50",43758,876,0.02,0.0200191964897847,0.0200191964897847
135,"Poisson","8","2","0.6","0.5","50",43758,876,0.02,0.0200191964897847,0.0200191964897847
136,"Poisson","2","0.5","0","1","50",43758,876,0.02,0.0200191964897847,0.0200191964897847
137,"Poisson","4","0.5","0","1","50",43758,876,0.02,0.0200191964897847,0.0200191964897847
138,"Poisson","8","0.5","0","1","50",43758,876,0.02,0.0200191964897847,0.0200191964897847
139,"Poisson","2","0.5","0.2","1","50",43758,876,0.02,0.0200191964897847,0.0200191964897847
140,"Poisson","4","0.5","0.2","1","50",43758,876,0.02,0.0200191964897847,0.0200191964897847
141,"Poisson","8","0.5","0.2","1","50",43758,876,0.02,0.0200191964897847,0.0200191964897847
142,"Poisson","2","0.5","0.6","1","50",43758,876,0.02,0.0200191964897847,0.0200191964897847
143,"Poisson","4","0.5","0.6","1","50",43758,876,0.02,0.0200191964897847,0.0200191964897847
144,"Poisson","8","0.5","0.6","1","50",43758,876,0.02,0.0200191964897847,0.0200191964897847
145,"Poisson","2","1","0","1","50",43758,876,0.02,0.0200191964897847,0.0200191964897847
146,"Poisson","4","1","0","1","50",43758,876,0.02,0.0200191964897847,0.0200191964897847
147,"Poisson","8","1","0","1","50",43758,876,0.02,0.0200191964897847,0.0200191964897847
148,"Poisson","2","1","0.2","1","50",43758,876,0.02,0.0200191964897847,0.0200191964897847
149,"Poisson","4","1","0.2","1","50",43758,876,0.02,0.0200191964897847,0.0200191964897847
150,"Poisson","8","1","0.2","1","50",43758,876,0.02,0.0200191964897847,0.0200191964897847
151,"Poisson","2","1","0.6","1","50",43758,876,0.02,0.0200191964897847,0.0200191964897847
152,"Poisson","4","1","0.6","1","50",43758,876,0.02,0.0200191964897847,0.0200191964897847
153,"Poisson","8","1","0.6","1","50",43758,876,0.02,0.0200191964897847,0.0200191964897847
154,"Poisson","2","2","0","1","50",43758,876,0.02,0.0200191964897847,0.0200191964897847
155,"Poisson","4","2","0","1","50",43758,876,0.02,0.0200191964897847,0.0200191964897847
156,"Poisson","8","2","0","1","50",43758,876,0.02,0.0200191964897847,0.0200191964897847
157,"Poisson","2","2","0.2","1","50",43758,876,0.02,0.0200191964897847,0.0200191964897847
158,"Poisson","4","2","0.2","1","50",43758,876,0.02,0.0200191964897847,0.0200191964897847
159,"Poisson","8","2","0.2","1","50",43758,876,0.02,0.0200191964897847,0.0200191964897847
160,"Poisson","2","2","0.6","1","50",43758,876,0.02,0.0200191964897847,0.0200191964897847
161,"Poisson","4","2","0.6","1","50",43758,876,0.02,0.0200191964897847,0.0200191964897847
162,"Poisson","8","2","0.6","1","50",43758,876,0.02,0.0200191964897847,0.0200191964897847
163,"Poisson","2","0.5","0","0.25","100",43758,876,0.02,0.0200191964897847,0.0200191964897847
164,"Poisson","4","0.5","0","0.25","100",43758,876,0.02,0.0200191964897847,0.0200191964897847
165,"Poisson","8","0.5","0","0.25","100",43758,876,0.02,0.0200191964897847,0.0200191964897847
166,"Poisson","2","0.5","0.2","0.25","100",43758,876,0.02,0.0200191964897847,0.0200191964897847
167,"Poisson","4","0.5","0.2","0.25","100",43758,876,0.02,0.0200191964897847,0.0200191964897847
168,"Poisson","8","0.5","0.2","0.25","100",43758,876,0.02,0.0200191964897847,0.0200191964897847
169,"Poisson","2","0.5","0.6","0.25","100",43758,876,0.02,0.0200191964897847,0.0200191964897847
170,"Poisson","4","0.5","0.6","0.25","100",43758,876,0.02,0.0200191964897847,0.0200191964897847
171,"Poisson","8","0.5","0.6","0.25","100",43758,876,0.02,0.0200191964897847,0.0200191964897847
172,"Poisson","2","1","0","0.25","100",43758,876,0.02,0.0200191964897847,0.0200191964897847
173,"Poisson","4","1","0","0.25","100",43758,876,0.02,0.0200191964897847,0.0200191964897847
174,"Poisson","8","1","0","0.25","100",43758,876,0.02,0.0200191964897847,0.0200191964897847
175,"Poisson","2","1","0.2","0.25","100",43758,876,0.02,0.0200191964897847,0.0200191964897847
176,"Poisson","4","1","0.2","0.25","100",43758,876,0.02,0.0200191964897847,0.0200191964897847
177,"Poisson","8","1","0.2","0.25","100",43758,876,0.02,0.0200191964897847,0.0200191964897847
178,"Poisson","2","1","0.6","0.25","100",43758,876,0.02,0.0200191964897847,0.0200191964897847
179,"Poisson","4","1","0.6","0.25","100",43758,876,0.02,0.0200191964897847,0.0200191964897847
180,"Poisson","8","1","0.6","0.25","100",43758,876,0.02,0.0200191964897847,0.0200191964897847
181,"Poisson","2","2","0","0.25","100",43758,876,0.02,0.0200191964897847,0.0200191964897847
182,"Poisson","4","2","0","0.25","100",43758,876,0.02,0.0200191964897847,0.0200191964897847
183,"Poisson","8","2","0","0.25","100",43758,876,0.02,0.0200191964897847,0.0200191964897847
184,"Poisson","2","2","0.2","0.25","100",43758,876,0.02,0.0200191964897847,0.0200191964897847
185,"Poisson","4","2","0.2","0.25","100",43758,876,0.02,0.0200191964897847,0.0200191964897847
186,"Poisson","8","2","0.2","0.25","100",43758,876,0.02,0.0200191964897847,0.0200191964897847
187,"Poisson","2","2","0.6","0.25","100",43758,876,0.02,0.0200191964897847,0.0200191964897847
188,"Poisson","4","2","0.6","0.25","100",43758,876,0.02,0.0200191964897847,0.0200191964897847
189,"Poisson","8","2","0.6","0.25","100",43758,876,0.02,0.0200191964897847,0.0200191964897847
190,"Poisson","2","0.5","0","0.5","100",43758,876,0.02,0.0200191964897847,0.0200191964897847
191,"Poisson","4","0.5","0","0.5","100",43758,876,0.02,0.0200191964897847,0.0200191964897847
192,"Poisson","8","0.5","0","0.5","100",43758,876,0.02,0.0200191964897847,0.0200191964897847
193,"Poisson","2","0.5","0.2","0.5","100",43758,876,0.02,0.0200191964897847,0.0200191964897847
194,"Poisson","4","0.5","0.2","0.5","100",43758,876,0.02,0.0200191964897847,0.0200191964897847
195,"Poisson","8","0.5","0.2","0.5","100",43758,876,0.02,0.0200191964897847,0.0200191964897847
196,"Poisson","2","0.5","0.6","0.5","100",43758,876,0.02,0.0200191964897847,0.0200191964897847
197,"Poisson","4","0.5","0.6","0.5","100",43758,876,0.02,0.0200191964897847,0.0200191964897847
198,"Poisson","8","0.5","0.6","0.5","100",43758,876,0.02,0.0200191964897847,0.0200191964897847
199,"Poisson","2","1","0","0.5","100",43758,876,0.02,0.0200191964897847,0.0200191964897847
200,"Poisson","4","1","0","0.5","100",43758,876,0.02,0.0200191964897847,0.0200191964897847
201,"Poisson","8","1","0","0.5","100",43758,876,0.02,0.0200191964897847,0.0200191964897847
202,"Poisson","2","1","0.2","0.5","100",43758,876,0.02,0.0200191964897847,0.0200191964897847
203,"Poisson","4","1","0.2","0.5","100",43758,876,0.02,0.0200191964897847,0.0200191964897847
204,"Poisson","8","1","0.2","0.5","100",43758,876,0.02,0.0200191964897847,0.0200191964897847
205,"Poisson","2","1","0.6","0.5","100",43758,876,0.02,0.0200191964897847,0.0200191964897847
206,"Poisson","4","1","0.6","0.5","100",43758,876,0.02,0.0200191964897847,0.0200191964897847
207,"Poisson","8","1","0.6","0.5","100",43758,876,0.02,0.0200191964897847,0.0200191964897847
208,"Poisson","2","2","0","0.5","100",43758,876,0.02,0.0200191964897847,0.0200191964897847
209,"Poisson","4","2","0","0.5","100",43758,876,0.02,0.0200191964897847,0.0200191964897847
210,"Poisson","8","2","0","0.5","100",43758,876,0.02,0.0200191964897847,0.0200191964897847
211,"Poisson","2","2","0.2","0.5","100",43758,876,0.02,0.0200191964897847,0.0200191964897847
212,"Poisson","4","2","0.2","0.5","100",43758,876,0.02,0.0200191964897847,0.0200191964897847
213,"Poisson","8","2","0.2","0.5","100",43758,876,0.02,0.0200191964897847,0.0200191964897847
214,"Poisson","2","2","0.6","0.5","100",43758,876,0.02,0.0200191964897847,0.0200191964897847
215,"Poisson","4","2","0.6","0.5","100",43758,876,0.02,0.0200191964897847,0.0200191964897847
216,"Poisson","8","2","0.6","0.5","100",43758,876,0.02,0.0200191964897847,0.0200191964897847
217,"Poisson","2","0.5","0","1","100",43758,876,0.02,0.0200191964897847,0.0200191964897847
218,"Poisson","4","0.5","0","1","100",43758,876,0.02,0.0200191964897847,0.0200191964897847
219,"Poisson","8","0.5","0","1","100",43758,876,0.02,0.0200191964897847,0.0200191964897847
220,"Poisson","2","0.5","0.2","1","100",43758,876,0.02,0.0200191964897847,0.0200191964897847
221,"Poisson","4","0.5","0.2","1","100",43758,876,0.02,0.0200191964897847,0.0200191964897847
222,"Poisson","8","0.5","0.2","1","100",43758,876,0.02,0.0200191964897847,0.0200191964897847
223,"Poisson","2","0.5","0.6","1","100",43758,876,0.02,0.0200191964897847,0.0200191964897847
224,"Poisson","4","0.5","0.6","1","100",43758,876,0.02,0.0200191964897847,0.0200191964897847
225,"Poisson","8","0.5","0.6","1","100",43758,876,0.02,0.0200191964897847,0.0200191964897847
226,"Poisson","2","1","0","1","100",43758,876,0.02,0.0200191964897847,0.0200191964897847
227,"Poisson","4","1","0","1","100",43758,876,0.02,0.0200191964897847,0.0200191964897847
228,"Poisson","8","1","0","1","100",43758,876,0.02,0.0200191964897847,0.0200191964897847
229,"Poisson","2","1","0.2","1","100",43758,876,0.02,0.0200191964897847,0.0200191964897847
230,"Poisson","4","1","0.2","1","100",43758,876,0.02,0.0200191964897847,0.0200191964897847
231,"Poisson","8","1","0.2","1","100",43758,876,0.02,0.0200191964897847,0.0200191964897847
232,"Poisson","2","1","0.6","1","100",43758,876,0.02,0.0200191964897847,0.0200191964897847
233,"Poisson","4","1","0.6","1","100",43758,876,0.02,0.0200191964897847,0.0200191964897847
234,"Poisson","8","1","0.6","1","100",43758,876,0.02,0.0200191964897847,0.0200191964897847
235,"Poisson","2","2","0","1","100",43758,876,0.02,0.0200191964897847,0.0200191964897847
236,"Poisson","4","2","0","1","100",43758,876,0.02,0.0200191964897847,0.0200191964897847
237,"Poisson","8","2","0","1","100",43758,876,0.02,0.0200191964897847,0.0200191964897847
238,"Poisson","2","2","0.2","1","100",43758,876,0.02,0.0200191964897847,0.0200191964897847
239,"Poisson","4","2","0.2","1","100",43758,876,0.02,0.0200191964897847,0.0200191964897847
240,"Poisson","8","2","0.2","1","100",43758,876,0.02,0.0200191964897847,0.0200191964897847
241,"Poisson","2","2","0.6","1","100",43758,876,0.02,0.0200191964897847,0.0200191964897847
242,"Poisson","4","2","0.6","1","100",43758,876,0.02,0.0200191964897847,0.0200191964897847
243,"Poisson","8","2","0.6","1","100",43758,876,0.02,0.0200191964897847,0.0200191964897847
244,"Lognormal","2","0.5","0","0.25","25",43758,876,0.02,0.0200191964897847,0.0200191964897847
245,"Lognormal","4","0.5","0","0.25","25",43758,876,0.02,0.0200191964897847,0.0200191964897847
246,"Lognormal","8","0.5","0","0.25","25",43758,876,0.02,0.0200191964897847,0.0200191964897847
247,"Lognormal","2","0.5","0.2","0.25","25",43758,876,0.02,0.0200191964897847,0.0200191964897847
248,"Lognormal","4","0.5","0.2","0.25","25",43758,876,0.02,0.0200191964897847,0.0200191964897847
249,"Lognormal","8","0.5","0.2","0.25","25",43758,876,0.02,0.0200191964897847,0.0200191964897847
250,"Lognormal","2","0.5","0.6","0.25","25",43758,876,0.02,0.0200191964897847,0.0200191964897847
251,"Lognormal","4","0.5","0.6","0.25","25",43758,876,0.02,0.0200191964897847,0.0200191964897847
252,"Lognormal","8","0.5","0.6","0.25","25",43758,876,0.02,0.0200191964897847,0.0200191964897847
253,"Lognormal","2","1","0","0.25","25",43758,876,0.02,0.0200191964897847,0.0200191964897847
254,"Lognormal","4","1","0","0.25","25",43758,876,0.02,0.0200191964897847,0.0200191964897847
255,"Lognormal","8","1","0","0.25","25",43758,876,0.02,0.0200191964897847,0.0200191964897847
256,"Lognormal","2","1","0.2","0.25","25",43758,876,0.02,0.0200191964897847,0.0200191964897847
257,"Lognormal","4","1","0.2","0.25","25",43758,876,0.02,0.0200191964897847,0.0200191964897847
258,"Lognormal","8","1","0.2","0.25","25",43758,876,0.02,0.0200191964897847,0.0200191964897847
259,"Lognormal","2","1","0.6","0.25","25",43758,876,0.02,0.0200191964897847,0.0200191964897847
260,"Lognormal","4","1","0.6","0.25","25",43758,876,0.02,0.0200191964897847,0.0200191964897847
261,"Lognormal","8","1","0.6","0.25","25",43758,876,0.02,0.0200191964897847,0.0200191964897847
262,"Lognormal","2","2","0","0.25","25",43758,876,0.02,0.0200191964897847,0.0200191964897847
263,"Lognormal","4","2","0","0.25","25",43758,876,0.02,0.0200191964897847,0.0200191964897847
264,"Lognormal","8","2","0","0.25","25",43758,876,0.02,0.0200191964897847,0.0200191964897847
265,"Lognormal","2","2","0.2","0.25","25",43758,876,0.02,0.0200191964897847,0.0200191964897847
266,"Lognormal","4","2","0.2","0.25","25",43758,876,0.02,0.0200191964897847,0.0200191964897847
267,"Lognormal","8","2","0.2","0.25","25",43758,876,0.02,0.0200191964897847,0.0200191964897847
268,"Lognormal","2","2","0.6","0.25","25",43758,876,0.02,0.0200191964897847,0.0200191964897847
269,"Lognormal","4","2","0.6","0.25","25",43758,876,0.02,0.0200191964897847,0.0200191964897847
270,"Lognormal","8","2","0.6","0.25","25",43758,876,0.02,0.0200191964897847,0.0200191964897847
271,"Lognormal","2","0.5","0","0.5","25",43758,876,0.02,0.0200191964897847,0.0200191964897847
272,"Lognormal","4","0.5","0","0.5","25",43758,876,0.02,0.0200191964897847,0.0200191964897847
273,"Lognormal","8","0.5","0","0.5","25",43758,876,0.02,0.0200191964897847,0.0200191964897847
274,"Lognormal","2","0.5","0.2","0.5","25",43758,876,0.02,0.0200191964897847,0.0200191964897847
275,"Lognormal","4","0.5","0.2","0.5","25",43758,876,0.02,0.0200191964897847,0.0200191964897847
276,"Lognormal","8","0.5","0.2","0.5","25",43758,876,0.02,0.0200191964897847,0.0200191964897847
277,"Lognormal","2","0.5","0.6","0.5","25",43758,876,0.02,0.0200191964897847,0.0200191964897847
278,"Lognormal","4","0.5","0.6","0.5","25",43758,876,0.02,0.0200191964897847,0.0200191964897847
279,"Lognormal","8","0.5","0.6","0.5","25",43758,876,0.02,0.0200191964897847,0.0200191964897847
280,"Lognormal","2","1","0","0.5","25",43758,876,0.02,0.0200191964897847,0.0200191964897847
281,"Lognormal","4","1","0","0.5","25",43758,876,0.02,0.0200191964897847,0.0200191964897847
282,"Lognormal","8","1","0","0.5","25",43758,876,0.02,0.0200191964897847,0.0200191964897847
283,"Lognormal","2","1","0.2","0.5","25",43758,876,0.02,0.0200191964897847,0.0200191964897847
284,"Lognormal","4","1","0.2","0.5","25",43758,876,0.02,0.0200191964897847,0.0200191964897847
285,"Lognormal","8","1","0.2","0.5","25",43758,876,0.02,0.0200191964897847,0.0200191964897847
286,"Lognormal","2","1","0.6","0.5","25",43758,876,0.02,0.0200191964897847,0.0200191964897847
287,"Lognormal","4","1","0.6","0.5","25",43758,876,0.02,0.0200191964897847,0.0200191964897847
288,"Lognormal","8","1","0.6","0.5","25",43758,876,0.02,0.0200191964897847,0.0200191964897847
289,"Lognormal","2","2","0","0.5","25",43758,876,0.02,0.0200191964897847,0.0200191964897847
290,"Lognormal","4","2","0","0.5","25",43758,876,0.02,0.0200191964897847,0.0200191964897847
291,"Lognormal","8","2","0","0.5","25",43758,876,0.02,0.0200191964897847,0.0200191964897847
292,"Lognormal","2","2","0.2","0.5","25",43758,876,0.02,0.0200191964897847,0.0200191964897847
293,"Lognormal","4","2","0.2","0.5","25",43758,876,0.02,0.0200191964897847,0.0200191964897847
294,"Lognormal","8","2","0.2","0.5","25",43758,876,0.02,0.0200191964897847,0.0200191964897847
295,"Lognormal","2","2","0.6","0.5","25",43758,876,0.02,0.0200191964897847,0.0200191964897847
296,"Lognormal","4","2","0.6","0.5","25",43758,876,0.02,0.0200191964897847,0.0200191964897847
297,"Lognormal","8","2","0.6","0.5","25",43758,876,0.02,0.0200191964897847,0.0200191964897847
298,"Lognormal","2","0.5","0","1","25",43758,876,0.02,0.0200191964897847,0.0200191964897847
299,"Lognormal","4","0.5","0","1","25",43758,876,0.02,0.0200191964897847,0.0200191964897847
300,"Lognormal","8","0.5","0","1","25",43758,876,0.02,0.0200191964897847,0.0200191964897847
301,"Lognormal","2","0.5","0.2","1","25",43758,876,0.02,0.0200191964897847,0.0200191964897847
302,"Lognormal","4","0.5","0.2","1","25",43758,876,0.02,0.0200191964897847,0.0200191964897847
303,"Lognormal","8","0.5","0.2","1","25",43758,876,0.02,0.0200191964897847,0.0200191964897847
304,"Lognormal","2","0.5","0.6","1","25",43758,876,0.02,0.0200191964897847,0.0200191964897847
305,"Lognormal","4","0.5","0.6","1","25",43758,876,0.02,0.0200191964897847,0.0200191964897847
306,"Lognormal","8","0.5","0.6","1","25",43758,876,0.02,0.0200191964897847,0.0200191964897847
307,"Lognormal","2","1","0","1","25",43758,876,0.02,0.0200191964897847,0.0200191964897847
308,"Lognormal","4","1","0","1","25",43758,876,0.02,0.0200191964897847,0.0200191964897847
309,"Lognormal","8","1","0","1","25",43758,876,0.02,0.0200191964897847,0.0200191964897847
310,"Lognormal","2","1","0.2","1","25",43758,876,0.02,0.0200191964897847,0.0200191964897847
311,"Lognormal","4","1","0.2","1","25",43758,876,0.02,0.0200191964897847,0.0200191964897847
312,"Lognormal","8","1","0.2","1","25",43758,876,0.02,0.0200191964897847,0.0200191964897847
313,"Lognormal","2","1","0.6","1","25",43758,876,0.02,0.0200191964897847,0.0200191964897847
314,"Lognormal","4","1","0.6","1","25",43758,876,0.02,0.0200191964897847,0.0200191964897847
315,"Lognormal","8","1","0.6","1","25",43758,876,0.02,0.0200191964897847,0.0200191964897847
316,"Lognormal","2","2","0","1","25",43758,876,0.02,0.0200191964897847,0.0200191964897847
317,"Lognormal","4","2","0","1","25",43758,876,0.02,0.0200191964897847,0.0200191964897847
318,"Lognormal","8","2","0","1","25",43758,876,0.02,0.0200191964897847,0.0200191964897847
319,"Lognormal","2","2","0.2","1","25",43758,876,0.02,0.0200191964897847,0.0200191964897847
320,"Lognormal","4","2","0.2","1","25",43758,876,0.02,0.0200191964897847,0.0200191964897847
321,"Lognormal","8","2","0.2","1","25",43758,876,0.02,0.0200191964897847,0.0200191964897847
322,"Lognormal","2","2","0.6","1","25",43758,876,0.02,0.0200191964897847,0.0200191964897847
323,"Lognormal","4","2","0.6","1","25",43758,876,0.02,0.0200191964897847,0.0200191964897847
324,"Lognormal","8","2","0.6","1","25",43758,876,0.02,0.0200191964897847,0.0200191964897847
325,"Lognormal","2","0.5","0","0.25","50",43758,876,0.02,0.0200191964897847,0.0200191964897847
326,"Lognormal","4","0.5","0","0.25","50",43758,876,0.02,0.0200191964897847,0.0200191964897847
327,"Lognormal","8","0.5","0","0.25","50",43758,876,0.02,0.0200191964897847,0.0200191964897847
328,"Lognormal","2","0.5","0.2","0.25","50",43758,876,0.02,0.0200191964897847,0.0200191964897847
329,"Lognormal","4","0.5","0.2","0.25","50",43758,876,0.02,0.0200191964897847,0.0200191964897847
330,"Lognormal","8","0.5","0.2","0.25","50",43758,876,0.02,0.0200191964897847,0.0200191964897847
331,"Lognormal","2","0.5","0.6","0.25","50",43758,876,0.02,0.0200191964897847,0.0200191964897847
332,"Lognormal","4","0.5","0.6","0.25","50",43758,876,0.02,0.0200191964897847,0.0200191964897847
333,"Lognormal","8","0.5","0.6","0.25","50",43758,876,0.02,0.0200191964897847,0.0200191964897847
334,"Lognormal","2","1","0","0.25","50",43758,876,0.02,0.0200191964897847,0.0200191964897847
335,"Lognormal","4","1","0","0.25","50",43758,876,0.02,0.0200191964897847,0.0200191964897847
336,"Lognormal","8","1","0","0.25","50",43758,876,0.02,0.0200191964897847,0.0200191964897847
337,"Lognormal","2","1","0.2","0.25","50",43758,876,0.02,0.0200191964897847,0.0200191964897847
338,"Lognormal","4","1","0.2","0.25","50",43758,876,0.02,0.0200191964897847,0.0200191964897847
339,"Lognormal","8","1","0.2","0.25","50",43758,876,0.02,0.0200191964897847,0.0200191964897847
340,"Lognormal","2","1","0.6","0.25","50",43758,876,0.02,0.0200191964897847,0.0200191964897847
341,"Lognormal","4","1","0.6","0.25","50",43758,876,0.02,0.0200191964897847,0.0200191964897847
342,"Lognormal","8","1","0.6","0.25","50",43758,876,0.02,0.0200191964897847,0.0200191964897847
343,"Lognormal","2","2","0","0.25","50",43758,876,0.02,0.0200191964897847,0.0200191964897847
344,"Lognormal","4","2","0","0.25","50",43758,876,0.02,0.0200191964897847,0.0200191964897847
345,"Lognormal","8","2","0","0.25","50",43758,876,0.02,0.0200191964897847,0.0200191964897847
346,"Lognormal","2","2","0.2","0.25","50",43758,876,0.02,0.0200191964897847,0.0200191964897847
347,"Lognormal","4","2","0.2","0.25","50",43758,876,0.02,0.0200191964897847,0.0200191964897847
348,"Lognormal","8","2","0.2","0.25","50",43758,876,0.02,0.0200191964897847,0.0200191964897847
349,"Lognormal","2","2","0.6","0.25","50",43758,876,0.02,0.0200191964897847,0.0200191964897847
350,"Lognormal","4","2","0.6","0.25","50",43758,876,0.02,0.0200191964897847,0.0200191964897847
351,"Lognormal","8","2","0.6","0.25","50",43758,876,0.02,0.0200191964897847,0.0200191964897847
352,"Lognormal","2","0.5","0","0.5","50",43758,876,0.02,0.0200191964897847,0.0200191964897847
353,"Lognormal","4","0.5","0","0.5","50",43758,876,0.02,0.0200191964897847,0.0200191964897847
354,"Lognormal","8","0.5","0","0.5","50",43758,876,0.02,0.0200191964897847,0.0200191964897847
355,"Lognormal","2","0.5","0.2","0.5","50",43758,876,0.02,0.0200191964897847,0.0200191964897847
356,"Lognormal","4","0.5","0.2","0.5","50",43758,876,0.02,0.0200191964897847,0.0200191964897847
357,"Lognormal","8","0.5","0.2","0.5","50",43758,876,0.02,0.0200191964897847,0.0200191964897847
358,"Lognormal","2","0.5","0.6","0.5","50",43758,876,0.02,0.0200191964897847,0.0200191964897847
359,"Lognormal","4","0.5","0.6","0.5","50",43758,876,0.02,0.0200191964897847,0.0200191964897847
360,"Lognormal","8","0.5","0.6","0.5","50",43758,876,0.02,0.0200191964897847,0.0200191964897847
361,"Lognormal","2","1","0","0.5","50",43758,876,0.02,0.0200191964897847,0.0200191964897847
362,"Lognormal","4","1","0","0.5","50",43758,876,0.02,0.0200191964897847,0.0200191964897847
363,"Lognormal","8","1","0","0.5","50",43758,876,0.02,0.0200191964897847,0.0200191964897847
364,"Lognormal","2","1","0.2","0.5","50",43758,876,0.02,0.0200191964897847,0.0200191964897847
365,"Lognormal","4","1","0.2","0.5","50",43758,876,0.02,0.0200191964897847,0.0200191964897847
366,"Lognormal","8","1","0.2","0.5","50",43758,876,0.02,0.0200191964897847,0.0200191964897847
367,"Lognormal","2","1","0.6","0.5","50",43758,876,0.02,0.0200191964897847,0.0200191964897847
368,"Lognormal","4","1","0.6","0.5","50",43758,876,0.02,0.0200191964897847,0.0200191964897847
369,"Lognormal","8","1","0.6","0.5","50",43758,876,0.02,0.0200191964897847,0.0200191964897847
370,"Lognormal","2","2","0","0.5","50",43758,876,0.02,0.0200191964897847,0.0200191964897847
371,"Lognormal","4","2","0","0.5","50",43758,876,0.02,0.0200191964897847,0.0200191964897847
372,"Lognormal","8","2","0","0.5","50",43758,876,0.02,0.0200191964897847,0.0200191964897847
373,"Lognormal","2","2","0.2","0.5","50",43758,876,0.02,0.0200191964897847,0.0200191964897847
374,"Lognormal","4","2","0.2","0.5","50",43758,876,0.02,0.0200191964897847,0.0200191964897847
375,"Lognormal","8","2","0.2","0.5","50",43758,876,0.02,0.0200191964897847,0.0200191964897847
376,"Lognormal","2","2","0.6","0.5","50",43758,876,0.02,0.0200191964897847,0.0200191964897847
377,"Lognormal","4","2","0.6","0.5","50",43758,876,0.02,0.0200191964897847,0.0200191964897847
378,"Lognormal","8","2","0.6","0.5","50",43758,876,0.02,0.0200191964897847,0.0200191964897847
379,"Lognormal","2","0.5","0","1","50",43758,876,0.02,0.0200191964897847,0.0200191964897847
380,"Lognormal","4","0.5","0","1","50",43758,876,0.02,0.0200191964897847,0.0200191964897847
381,"Lognormal","8","0.5","0","1","50",43758,876,0.02,0.0200191964897847,0.0200191964897847
382,"Lognormal","2","0.5","0.2","1","50",43758,876,0.02,0.0200191964897847,0.0200191964897847
383,"Lognormal","4","0.5","0.2","1","50",43758,876,0.02,0.0200191964897847,0.0200191964897847
384,"Lognormal","8","0.5","0.2","1","50",43758,876,0.02,0.0200191964897847,0.0200191964897847
385,"Lognormal","2","0.5","0.6","1","50",43758,876,0.02,0.0200191964897847,0.0200191964897847
386,"Lognormal","4","0.5","0.6","1","50",43758,876,0.02,0.0200191964897847,0.0200191964897847
387,"Lognormal","8","0.5","0.6","1","50",43758,876,0.02,0.0200191964897847,0.0200191964897847
388,"Lognormal","2","1","0","1","50",43758,876,0.02,0.0200191964897847,0.0200191964897847
389,"Lognormal","4","1","0","1","50",43758,876,0.02,0.0200191964897847,0.0200191964897847
390,"Lognormal","8","1","0","1","50",43758,876,0.02,0.0200191964897847,0.0200191964897847
391,"Lognormal","2","1","0.2","1","50",43758,876,0.02,0.0200191964897847,0.0200191964897847
392,"Lognormal","4","1","0.2","1","50",43758,876,0.02,0.0200191964897847,0.0200191964897847
393,"Lognormal","8","1","0.2","1","50",43758,876,0.02,0.0200191964897847,0.0200191964897847
394,"Lognormal","2","1","0.6","1","50",43758,876,0.02,0.0200191964897847,0.0200191964897847
395,"Lognormal","4","1","0.6","1","50",43758,876,0.02,0.0200191964897847,0.0200191964897847
396,"Lognormal","8","1","0.6","1","50",43758,876,0.02,0.0200191964897847,0.0200191964897847
397,"Lognormal","2","2","0","1","50",43758,876,0.02,0.0200191964897847,0.0200191964897847
398,"Lognormal","4","2","0","1","50",43758,876,0.02,0.0200191964897847,0.0200191964897847
399,"Lognormal","8","2","0","1","50",43758,876,0.02,0.0200191964897847,0.0200191964897847
400,"Lognormal","2","2","0.2","1","50",43758,876,0.02,0.0200191964897847,0.0200191964897847
401,"Lognormal","4","2","0.2","1","50",43758,876,0.02,0.0200191964897847,0.0200191964897847
402,"Lognormal","8","2","0.2","1","50",43758,876,0.02,0.0200191964897847,0.0200191964897847
403,"Lognormal","2","2","0.6","1","50",43758,876,0.02,0.0200191964897847,0.0200191964897847
404,"Lognormal","4","2","0.6","1","50",43758,876,0.02,0.0200191964897847,0.0200191964897847
405,"Lognormal","8","2","0.6","1","50",43758,876,0.02,0.0200191964897847,0.0200191964897847
406,"Lognormal","2","0.5","0","0.25","100",43758,876,0.02,0.0200191964897847,0.0200191964897847
407,"Lognormal","4","0.5","0","0.25","100",43758,876,0.02,0.0200191964897847,0.0200191964897847
408,"Lognormal","8","0.5","0","0.25","100",43758,876,0.02,0.0200191964897847,0.0200191964897847
409,"Lognormal","2","0.5","0.2","0.25","100",43758,876,0.02,0.0200191964897847,0.0200191964897847
410,"Lognormal","4","0.5","0.2","0.25","100",43758,876,0.02,0.0200191964897847,0.0200191964897847
411,"Lognormal","8","0.5","0.2","0.25","100",43758,876,0.02,0.0200191964897847,0.0200191964897847
412,"Lognormal","2","0.5","0.6","0.25","100",43758,876,0.02,0.0200191964897847,0.0200191964897847
413,"Lognormal","4","0.5","0.6","0.25","100",43758,876,0.02,0.0200191964897847,0.0200191964897847
414,"Lognormal","8","0.5","0.6","0.25","100",43758,876,0.02,0.0200191964897847,0.0200191964897847
415,"Lognormal","2","1","0","0.25","100",43758,876,0.02,0.0200191964897847,0.0200191964897847
416,"Lognormal","4","1","0","0.25","100",43758,876,0.02,0.0200191964897847,0.0200191964897847
417,"Lognormal","8","1","0","0.25","100",43758,876,0.02,0.0200191964897847,0.0200191964897847
418,"Lognormal","2","1","0.2","0.25","100",43758,876,0.02,0.0200191964897847,0.0200191964897847
419,"Lognormal","4","1","0.2","0.25","100",43758,876,0.02,0.0200191964897847,0.0200191964897847
420,"Lognormal","8","1","0.2","0.25","100",43758,876,0.02,0.0200191964897847,0.0200191964897847
421,"Lognormal","2","1","0.6","0.25","100",43758,876,0.02,0.0200191964897847,0.0200191964897847
422,"Lognormal","4","1","0.6","0.25","100",43758,876,0.02,0.0200191964897847,0.0200191964897847
423,"Lognormal","8","1","0.6","0.25","100",43758,876,0.02,0.0200191964897847,0.0200191964897847
424,"Lognormal","2","2","0","0.25","100",43758,876,0.02,0.0200191964897847,0.0200191964897847
425,"Lognormal","4","2","0","0.25","100",43758,876,0.02,0.0200191964897847,0.0200191964897847
426,"Lognormal","8","2","0","0.25","100",43758,876,0.02,0.0200191964897847,0.0200191964897847
427,"Lognormal","2","2","0.2","0.25","100",43758,876,0.02,0.0200191964897847,0.0200191964897847
428,"Lognormal","4","2","0.2","0.25","100",43758,876,0.02,0.0200191964897847,0.0200191964897847
429,"Lognormal","8","2","0.2","0.25","100",43758,876,0.02,0.0200191964897847,0.0200191964897847
430,"Lognormal","2","2","0.6","0.25","100",43758,876,0.02,0.0200191964897847,0.0200191964897847
431,"Lognormal","4","2","0.6","0.25","100",43758,876,0.02,0.0200191964897847,0.0200191964897847
432,"Lognormal","8","2","0.6","0.25","100",43758,876,0.02,0.0200191964897847,0.0200191964897847
433,"Lognormal","2","0.5","0","0.5","100",43758,876,0.02,0.0200191964897847,0.0200191964897847
434,"Lognormal","4","0.5","0","0.5","100",43758,876,0.02,0.0200191964897847,0.0200191964897847
435,"Lognormal","8","0.5","0","0.5","100",43758,876,0.02,0.0200191964897847,0.0200191964897847
436,"Lognormal","2","0.5","0.2","0.5","100",43758,876,0.02,0.0200191964897847,0.0200191964897847
437,"Lognormal","4","0.5","0.2","0.5","100",43758,876,0.02,0.0200191964897847,0.0200191964897847
438,"Lognormal","8","0.5","0.2","0.5","100",43758,876,0.02,0.0200191964897847,0.0200191964897847
439,"Lognormal","2","0.5","0.6","0.5","100",43758,876,0.02,0.0200191964897847,0.0200191964897847
440,"Lognormal","4","0.5","0.6","0.5","100",43758,876,0.02,0.0200191964897847,0.0200191964897847
441,"Lognormal","8","0.5","0.6","0.5","100",43758,876,0.02,0.0200191964897847,0.0200191964897847
442,"Lognormal","2","1","0","0.5","100",43758,876,0.02,0.0200191964897847,0.0200191964897847
443,"Lognormal","4","1","0","0.5","100",43758,876,0.02,0.0200191964897847,0.0200191964897847
444,"Lognormal","8","1","0","0.5","100",43758,876,0.02,0.0200191964897847,0.0200191964897847
445,"Lognormal","2","1","0.2","0.5","100",43758,876,0.02,0.0200191964897847,0.0200191964897847
446,"Lognormal","4","1","0.2","0.5","100",43758,876,0.02,0.0200191964897847,0.0200191964897847
447,"Lognormal","8","1","0.2","0.5","100",43758,876,0.02,0.0200191964897847,0.0200191964897847
448,"Lognormal","2","1","0.6","0.5","100",43758,876,0.02,0.0200191964897847,0.0200191964897847
449,"Lognormal","4","1","0.6","0.5","100",43758,876,0.02,0.0200191964897847,0.0200191964897847
450,"Lognormal","8","1","0.6","0.5","100",43758,876,0.02,0.0200191964897847,0.0200191964897847
451,"Lognormal","2","2","0","0.5","100",43758,876,0.02,0.0200191964897847,0.0200191964897847
452,"Lognormal","4","2","0","0.5","100",43758,876,0.02,0.0200191964897847,0.0200191964897847
453,"Lognormal","8","2","0","0.5","100",43758,876,0.02,0.0200191964897847,0.0200191964897847
454,"Lognormal","2","2","0.2","0.5","100",43758,876,0.02,0.0200191964897847,0.0200191964897847
455,"Lognormal","4","2","0.2","0.5","100",43758,876,0.02,0.0200191964897847,0.0200191964897847
456,"Lognormal","8","2","0.2","0.5","100",43758,876,0.02,0.0200191964897847,0.0200191964897847
457,"Lognormal","2","2","0.6","0.5","100",43758,876,0.02,0.0200191964897847,0.0200191964897847
458,"Lognormal","4","2","0.6","0.5","100",43758,876,0.02,0.0200191964897847,0.0200191964897847
459,"Lognormal","8","2","0.6","0.5","100",43758,876,0.02,0.0200191964897847,0.0200191964897847
460,"Lognormal","2","0.5","0","1","100",43758,876,0.02,0.0200191964897847,0.0200191964897847
461,"Lognormal","4","0.5","0","1","100",43758,876,0.02,0.0200191964897847,0.0200191964897847
462,"Lognormal","8","0.5","0","1","100",43758,876,0.02,0.0200191964897847,0.0200191964897847
463,"Lognormal","2","0.5","0.2","1","100",43758,876,0.02,0.0200191964897847,0.0200191964897847
464,"Lognormal","4","0.5","0.2","1","100",43758,876,0.02,0.0200191964897847,0.0200191964897847
465,"Lognormal","8","0.5","0.2","1","100",43758,876,0.02,0.0200191964897847,0.0200191964897847
466,"Lognormal","2","0.5","0.6","1","100",43758,876,0.02,0.0200191964897847,0.0200191964897847
467,"Lognormal","4","0.5","0.6","1","100",43758,876,0.02,0.0200191964897847,0.0200191964897847
468,"Lognormal","8","0.5","0.6","1","100",43758,876,0.02,0.0200191964897847,0.0200191964897847
469,"Lognormal","2","1","0","1","100",43758,876,0.02,0.0200191964897847,0.0200191964897847
470,"Lognormal","4","1","0","1","100",43758,876,0.02,0.0200191964897847,0.0200191964897847
471,"Lognormal","8","1","0","1","100",43758,876,0.02,0.0200191964897847,0.0200191964897847
472,"Lognormal","2","1","0.2","1","100",43758,876,0.02,0.0200191964897847,0.0200191964897847
473,"Lognormal","4","1","0.2","1","100",43758,876,0.02,0.0200191964897847,0.0200191964897847
474,"Lognormal","8","1","0.2","1","100",43758,876,0.02,0.0200191964897847,0.0200191964897847
475,"Lognormal","2","1","0.6","1","100",43758,876,0.02,0.0200191964897847,0.0200191964897847
476,"Lognormal","4","1","0.6","1","100",43758,876,0.02,0.0200191964897847,0.0200191964897847
477,"Lognormal","8","1","0.6","1","100",43758,876,0.02,0.0200191964897847,0.0200191964897847
478,"Lognormal","2","2","0","1","100",43758,876,0.02,0.0200191964897847,0.0200191964897847
479,"Lognormal","4","2","0","1","100",43758,876,0.02,0.0200191964897847,0.0200191964897847
480,"Lognormal","8","2","0","1","100",43758,876,0.02,0.0200191964897847,0.0200191964897847
481,"Lognormal","2","2","0.2","1","100",43758,876,0.02,0.0200191964897847,0.0200191964897847
482,"Lognormal","4","2","0.2","1","100",43758,876,0.02,0.0200191964897847,0.0200191964897847
483,"Lognormal","8","2","0.2","1","100",43758,876,0.02,0.0200191964897847,0.0200191964897847
484,"Lognormal","2","2","0.6","1","100",43758,876,0.02,0.0200191964897847,0.0200191964897847
485,"Lognormal","4","2","0.6","1","100",43758,876,0.02,0.0200191964897847,0.0200191964897847
486,"Lognormal","8","2","0.6","1","100",43758,876,0.02,0.0200191964897847,0.0200191964897847
487,"Negative binomial","2","0.5","0","0.25","25",43758,876,0.02,0.0200191964897847,0.0200191964897847
488,"Negative binomial","4","0.5","0","0.25","25",43758,876,0.02,0.0200191964897847,0.0200191964897847
489,"Negative binomial","8","0.5","0","0.25","25",43758,876,0.02,0.0200191964897847,0.0200191964897847
490,"Negative binomial","2","0.5","0.2","0.25","25",43758,876,0.02,0.0200191964897847,0.0200191964897847
491,"Negative binomial","4","0.5","0.2","0.25","25",43758,876,0.02,0.0200191964897847,0.0200191964897847
492,"Negative binomial","8","0.5","0.2","0.25","25",43758,876,0.02,0.0200191964897847,0.0200191964897847
493,"Negative binomial","2","0.5","0.6","0.25","25",43758,876,0.02,0.0200191964897847,0.0200191964897847
494,"Negative binomial","4","0.5","0.6","0.25","25",43758,876,0.02,0.0200191964897847,0.0200191964897847
495,"Negative binomial","8","0.5","0.6","0.25","25",43758,876,0.02,0.0200191964897847,0.0200191964897847
496,"Negative binomial","2","1","0","0.25","25",43758,876,0.02,0.0200191964897847,0.0200191964897847
497,"Negative binomial","4","1","0","0.25","25",43758,876,0.02,0.0200191964897847,0.0200191964897847
498,"Negative binomial","8","1","0","0.25","25",43758,876,0.02,0.0200191964897847,0.0200191964897847
499,"Negative binomial","2","1","0.2","0.25","25",43758,876,0.02,0.0200191964897847,0.0200191964897847
500,"Negative binomial","4","1","0.2","0.25","25",43758,876,0.02,0.0200191964897847,0.0200191964897847
501,"Negative binomial","8","1","0.2","0.25","25",43758,876,0.02,0.0200191964897847,0.0200191964897847
502,"Negative binomial","2","1","0.6","0.25","25",43758,876,0.02,0.0200191964897847,0.0200191964897847
503,"Negative binomial","4","1","0.6","0.25","25",43758,876,0.02,0.0200191964897847,0.0200191964897847
504,"Negative binomial","8","1","0.6","0.25","25",43758,876,0.02,0.0200191964897847,0.0200191964897847
505,"Negative binomial","2","2","0","0.25","25",43758,876,0.02,0.0200191964897847,0.0200191964897847
506,"Negative binomial","4","2","0","0.25","25",43758,876,0.02,0.0200191964897847,0.0200191964897847
507,"Negative binomial","8","2","0","0.25","25",43758,876,0.02,0.0200191964897847,0.0200191964897847
508,"Negative binomial","2","2","0.2","0.25","25",43758,876,0.02,0.0200191964897847,0.0200191964897847
509,"Negative binomial","4","2","0.2","0.25","25",43758,876,0.02,0.0200191964897847,0.0200191964897847
510,"Negative binomial","8","2","0.2","0.25","25",43758,876,0.02,0.0200191964897847,0.0200191964897847
511,"Negative binomial","2","2","0.6","0.25","25",43758,876,0.02,0.0200191964897847,0.0200191964897847
512,"Negative binomial","4","2","0.6","0.25","25",43758,876,0.02,0.0200191964897847,0.0200191964897847
513,"Negative binomial","8","2","0.6","0.25","25",43758,876,0.02,0.0200191964897847,0.0200191964897847
514,"Negative binomial","2","0.5","0","0.5","25",43758,876,0.02,0.0200191964897847,0.0200191964897847
515,"Negative binomial","4","0.5","0","0.5","25",43758,876,0.02,0.0200191964897847,0.0200191964897847
516,"Negative binomial","8","0.5","0","0.5","25",43758,876,0.02,0.0200191964897847,0.0200191964897847
517,"Negative binomial","2","0.5","0.2","0.5","25",43758,876,0.02,0.0200191964897847,0.0200191964897847
518,"Negative binomial","4","0.5","0.2","0.5","25",43758,876,0.02,0.0200191964897847,0.0200191964897847
519,"Negative binomial","8","0.5","0.2","0.5","25",43758,876,0.02,0.0200191964897847,0.0200191964897847
520,"Negative binomial","2","0.5","0.6","0.5","25",43758,876,0.02,0.0200191964897847,0.0200191964897847
521,"Negative binomial","4","0.5","0.6","0.5","25",43758,876,0.02,0.0200191964897847,0.0200191964897847
522,"Negative binomial","8","0.5","0.6","0.5","25",43758,876,0.02,0.0200191964897847,0.0200191964897847
523,"Negative binomial","2","1","0","0.5","25",43758,876,0.02,0.0200191964897847,0.0200191964897847
524,"Negative binomial","4","1","0","0.5","25",43758,876,0.02,0.0200191964897847,0.0200191964897847
525,"Negative binomial","8","1","0","0.5","25",43758,876,0.02,0.0200191964897847,0.0200191964897847
526,"Negative binomial","2","1","0.2","0.5","25",43758,876,0.02,0.0200191964897847,0.0200191964897847
527,"Negative binomial","4","1","0.2","0.5","25",43758,876,0.02,0.0200191964897847,0.0200191964897847
528,"Negative binomial","8","1","0.2","0.5","25",43758,876,0.02,0.0200191964897847,0.0200191964897847
529,"Negative binomial","2","1","0.6","0.5","25",43758,876,0.02,0.0200191964897847,0.0200191964897847
530,"Negative binomial","4","1","0.6","0.5","25",43758,876,0.02,0.0200191964897847,0.0200191964897847
531,"Negative binomial","8","1","0.6","0.5","25",43758,876,0.02,0.0200191964897847,0.0200191964897847
532,"Negative binomial","2","2","0","0.5","25",43758,876,0.02,0.0200191964897847,0.0200191964897847
533,"Negative binomial","4","2","0","0.5","25",43758,876,0.02,0.0200191964897847,0.0200191964897847
534,"Negative binomial","8","2","0","0.5","25",43758,876,0.02,0.0200191964897847,0.0200191964897847
535,"Negative binomial","2","2","0.2","0.5","25",43758,876,0.02,0.0200191964897847,0.0200191964897847
536,"Negative binomial","4","2","0.2","0.5","25",43758,876,0.02,0.0200191964897847,0.0200191964897847
537,"Negative binomial","8","2","0.2","0.5","25",43758,876,0.02,0.0200191964897847,0.0200191964897847
538,"Negative binomial","2","2","0.6","0.5","25",43758,876,0.02,0.0200191964897847,0.0200191964897847
539,"Negative binomial","4","2","0.6","0.5","25",43758,876,0.02,0.0200191964897847,0.0200191964897847
540,"Negative binomial","8","2","0.6","0.5","25",43758,876,0.02,0.0200191964897847,0.0200191964897847
541,"Negative binomial","2","0.5","0","1","25",43758,876,0.02,0.0200191964897847,0.0200191964897847
542,"Negative binomial","4","0.5","0","1","25",43758,876,0.02,0.0200191964897847,0.0200191964897847
543,"Negative binomial","8","0.5","0","1","25",43758,876,0.02,0.0200191964897847,0.0200191964897847
544,"Negative binomial","2","0.5","0.2","1","25",43758,876,0.02,0.0200191964897847,0.0200191964897847
545,"Negative binomial","4","0.5","0.2","1","25",43758,876,0.02,0.0200191964897847,0.0200191964897847
546,"Negative binomial","8","0.5","0.2","1","25",43758,876,0.02,0.0200191964897847,0.0200191964897847
547,"Negative binomial","2","0.5","0.6","1","25",43758,876,0.02,0.0200191964897847,0.0200191964897847
548,"Negative binomial","4","0.5","0.6","1","25",43758,876,0.02,0.0200191964897847,0.0200191964897847
549,"Negative binomial","8","0.5","0.6","1","25",43758,876,0.02,0.0200191964897847,0.0200191964897847
550,"Negative binomial","2","1","0","1","25",43758,876,0.02,0.0200191964897847,0.0200191964897847
551,"Negative binomial","4","1","0","1","25",43758,876,0.02,0.0200191964897847,0.0200191964897847
552,"Negative binomial","8","1","0","1","25",43758,876,0.02,0.0200191964897847,0.0200191964897847
553,"Negative binomial","2","1","0.2","1","25",43758,876,0.02,0.0200191964897847,0.0200191964897847
554,"Negative binomial","4","1","0.2","1","25",43758,876,0.02,0.0200191964897847,0.0200191964897847
555,"Negative binomial","8","1","0.2","1","25",43758,876,0.02,0.0200191964897847,0.0200191964897847
556,"Negative binomial","2","1","0.6","1","25",43758,876,0.02,0.0200191964897847,0.0200191964897847
557,"Negative binomial","4","1","0.6","1","25",43758,876,0.02,0.0200191964897847,0.0200191964897847
558,"Negative binomial","8","1","0.6","1","25",43758,876,0.02,0.0200191964897847,0.0200191964897847
559,"Negative binomial","2","2","0","1","25",43758,876,0.02,0.0200191964897847,0.0200191964897847
560,"Negative binomial","4","2","0","1","25",43758,876,0.02,0.0200191964897847,0.0200191964897847
561,"Negative binomial","8","2","0","1","25",43758,876,0.02,0.0200191964897847,0.0200191964897847
562,"Negative binomial","2","2","0.2","1","25",43758,876,0.02,0.0200191964897847,0.0200191964897847
563,"Negative binomial","4","2","0.2","1","25",43758,876,0.02,0.0200191964897847,0.0200191964897847
564,"Negative binomial","8","2","0.2","1","25",43758,876,0.02,0.0200191964897847,0.0200191964897847
565,"Negative binomial","2","2","0.6","1","25",43758,876,0.02,0.0200191964897847,0.0200191964897847
566,"Negative binomial","4","2","0.6","1","25",43758,876,0.02,0.0200191964897847,0.0200191964897847
567,"Negative binomial","8","2","0.6","1","25",43758,876,0.02,0.0200191964897847,0.0200191964897847
568,"Negative binomial","2","0.5","0","0.25","50",43758,876,0.02,0.0200191964897847,0.0200191964897847
569,"Negative binomial","4","0.5","0","0.25","50",43758,876,0.02,0.0200191964897847,0.0200191964897847
570,"Negative binomial","8","0.5","0","0.25","50",43758,876,0.02,0.0200191964897847,0.0200191964897847
571,"Negative binomial","2","0.5","0.2","0.25","50",43758,876,0.02,0.0200191964897847,0.0200191964897847
572,"Negative binomial","4","0.5","0.2","0.25","50",43758,876,0.02,0.0200191964897847,0.0200191964897847
573,"Negative binomial","8","0.5","0.2","0.25","50",43758,876,0.02,0.0200191964897847,0.0200191964897847
574,"Negative binomial","2","0.5","0.6","0.25","50",43758,876,0.02,0.0200191964897847,0.0200191964897847
575,"Negative binomial","4","0.5","0.6","0.25","50",43758,876,0.02,0.0200191964897847,0.0200191964897847
576,"Negative binomial","8","0.5","0.6","0.25","50",43758,876,0.02,0.0200191964897847,0.0200191964897847
577,"Negative binomial","2","1","0","0.25","50",43758,876,0.02,0.0200191964897847,0.0200191964897847
578,"Negative binomial","4","1","0","0.25","50",43758,876,0.02,0.0200191964897847,0.0200191964897847
579,"Negative binomial","8","1","0","0.25","50",43758,876,0.02,0.0200191964897847,0.0200191964897847
580,"Negative binomial","2","1","0.2","0.25","50",43758,876,0.02,0.0200191964897847,0.0200191964897847
581,"Negative binomial","4","1","0.2","0.25","50",43758,876,0.02,0.0200191964897847,0.0200191964897847
582,"Negative binomial","8","1","0.2","0.25","50",43758,876,0.02,0.0200191964897847,0.0200191964897847
583,"Negative binomial","2","1","0.6","0.25","50",43758,876,0.02,0.0200191964897847,0.0200191964897847
584,"Negative binomial","4","1","0.6","0.25","50",43758,876,0.02,0.0200191964897847,0.0200191964897847
585,"Negative binomial","8","1","0.6","0.25","50",43758,876,0.02,0.0200191964897847,0.0200191964897847
586,"Negative binomial","2","2","0","0.25","50",43758,876,0.02,0.0200191964897847,0.0200191964897847
587,"Negative binomial","4","2","0","0.25","50",43758,876,0.02,0.0200191964897847,0.0200191964897847
588,"Negative binomial","8","2","0","0.25","50",43758,876,0.02,0.0200191964897847,0.0200191964897847
589,"Negative binomial","2","2","0.2","0.25","50",43758,876,0.02,0.0200191964897847,0.0200191964897847
590,"Negative binomial","4","2","0.2","0.25","50",43758,876,0.02,0.0200191964897847,0.0200191964897847
591,"Negative binomial","8","2","0.2","0.25","50",43758,876,0.02,0.0200191964897847,0.0200191964897847
592,"Negative binomial","2","2","0.6","0.25","50",43758,876,0.02,0.0200191964897847,0.0200191964897847
593,"Negative binomial","4","2","0.6","0.25","50",43758,876,0.02,0.0200191964897847,0.0200191964897847
594,"Negative binomial","8","2","0.6","0.25","50",43758,876,0.02,0.0200191964897847,0.0200191964897847
595,"Negative binomial","2","0.5","0","0.5","50",43758,876,0.02,0.0200191964897847,0.0200191964897847
596,"Negative binomial","4","0.5","0","0.5","50",43758,876,0.02,0.0200191964897847,0.0200191964897847
597,"Negative binomial","8","0.5","0","0.5","50",43758,876,0.02,0.0200191964897847,0.0200191964897847
598,"Negative binomial","2","0.5","0.2","0.5","50",43758,876,0.02,0.0200191964897847,0.0200191964897847
599,"Negative binomial","4","0.5","0.2","0.5","50",43758,876,0.02,0.0200191964897847,0.0200191964897847
600,"Negative binomial","8","0.5","0.2","0.5","50",43758,876,0.02,0.0200191964897847,0.0200191964897847
601,"Negative binomial","2","0.5","0.6","0.5","50",43758,876,0.02,0.0200191964897847,0.0200191964897847
602,"Negative binomial","4","0.5","0.6","0.5","50",43758,876,0.02,0.0200191964897847,0.0200191964897847
603,"Negative binomial","8","0.5","0.6","0.5","50",43758,876,0.02,0.0200191964897847,0.0200191964897847
604,"Negative binomial","2","1","0","0.5","50",43758,876,0.02,0.0200191964897847,0.0200191964897847
605,"Negative binomial","4","1","0","0.5","50",43758,876,0.02,0.0200191964897847,0.0200191964897847
606,"Negative binomial","8","1","0","0.5","50",43758,876,0.02,0.0200191964897847,0.0200191964897847
607,"Negative binomial","2","1","0.2","0.5","50",43758,876,0.02,0.0200191964897847,0.0200191964897847
608,"Negative binomial","4","1","0.2","0.5","50",43758,876,0.02,0.0200191964897847,0.0200191964897847
609,"Negative binomial","8","1","0.2","0.5","50",43758,876,0.02,0.0200191964897847,0.0200191964897847
610,"Negative binomial","2","1","0.6","0.5","50",43758,876,0.02,0.0200191964897847,0.0200191964897847
611,"Negative binomial","4","1","0.6","0.5","50",43758,876,0.02,0.0200191964897847,0.0200191964897847
612,"Negative binomial","8","1","0.6","0.5","50",43758,876,0.02,0.0200191964897847,0.0200191964897847
613,"Negative binomial","2","2","0","0.5","50",43758,876,0.02,0.0200191964897847,0.0200191964897847
614,"Negative binomial","4","2","0","0.5","50",43758,876,0.02,0.0200191964897847,0.0200191964897847
615,"Negative binomial","8","2","0","0.5","50",43758,876,0.02,0.0200191964897847,0.0200191964897847
616,"Negative binomial","2","2","0.2","0.5","50",43758,876,0.02,0.0200191964897847,0.0200191964897847
617,"Negative binomial","4","2","0.2","0.5","50",43758,876,0.02,0.0200191964897847,0.0200191964897847
618,"Negative binomial","8","2","0.2","0.5","50",43758,876,0.02,0.0200191964897847,0.0200191964897847
619,"Negative binomial","2","2","0.6","0.5","50",43758,876,0.02,0.0200191964897847,0.0200191964897847
620,"Negative binomial","4","2","0.6","0.5","50",43758,876,0.02,0.0200191964897847,0.0200191964897847
621,"Negative binomial","8","2","0.6","0.5","50",43758,876,0.02,0.0200191964897847,0.0200191964897847
622,"Negative binomial","2","0.5","0","1","50",43758,876,0.02,0.0200191964897847,0.0200191964897847
623,"Negative binomial","4","0.5","0","1","50",43758,876,0.02,0.0200191964897847,0.0200191964897847
624,"Negative binomial","8","0.5","0","1","50",43758,876,0.02,0.0200191964897847,0.0200191964897847
625,"Negative binomial","2","0.5","0.2","1","50",43758,876,0.02,0.0200191964897847,0.0200191964897847
626,"Negative binomial","4","0.5","0.2","1","50",43758,876,0.02,0.0200191964897847,0.0200191964897847
627,"Negative binomial","8","0.5","0.2","1","50",43758,876,0.02,0.0200191964897847,0.0200191964897847
628,"Negative binomial","2","0.5","0.6","1","50",43758,876,0.02,0.0200191964897847,0.0200191964897847
629,"Negative binomial","4","0.5","0.6","1","50",43758,876,0.02,0.0200191964897847,0.0200191964897847
630,"Negative binomial","8","0.5","0.6","1","50",43758,876,0.02,0.0200191964897847,0.0200191964897847
631,"Negative binomial","2","1","0","1","50",43758,876,0.02,0.0200191964897847,0.0200191964897847
632,"Negative binomial","4","1","0","1","50",43758,876,0.02,0.0200191964897847,0.0200191964897847
633,"Negative binomial","8","1","0","1","50",43758,876,0.02,0.0200191964897847,0.0200191964897847
634,"Negative binomial","2","1","0.2","1","50",43758,876,0.02,0.0200191964897847,0.0200191964897847
635,"Negative binomial","4","1","0.2","1","50",43758,876,0.02,0.0200191964897847,0.0200191964897847
636,"Negative binomial","8","1","0.2","1","50",43758,876,0.02,0.0200191964897847,0.0200191964897847
637,"Negative binomial","2","1","0.6","1","50",43758,876,0.02,0.0200191964897847,0.0200191964897847
638,"Negative binomial","4","1","0.6","1","50",43758,876,0.02,0.0200191964897847,0.0200191964897847
639,"Negative binomial","8","1","0.6","1","50",43758,876,0.02,0.0200191964897847,0.0200191964897847
640,"Negative binomial","2","2","0","1","50",43758,876,0.02,0.0200191964897847,0.0200191964897847
641,"Negative binomial","4","2","0","1","50",43758,876,0.02,0.0200191964897847,0.0200191964897847
642,"Negative binomial","8","2","0","1","50",43758,876,0.02,0.0200191964897847,0.0200191964897847
643,"Negative binomial","2","2","0.2","1","50",43758,876,0.02,0.0200191964897847,0.0200191964897847
644,"Negative binomial","4","2","0.2","1","50",43758,876,0.02,0.0200191964897847,0.0200191964897847
645,"Negative binomial","8","2","0.2","1","50",43758,876,0.02,0.0200191964897847,0.0200191964897847
646,"Negative binomial","2","2","0.6","1","50",43758,876,0.02,0.0200191964897847,0.0200191964897847
647,"Negative binomial","4","2","0.6","1","50",43758,876,0.02,0.0200191964897847,0.0200191964897847
648,"Negative binomial","8","2","0.6","1","50",43758,876,0.02,0.0200191964897847,0.0200191964897847
649,"Negative binomial","2","0.5","0","0.25","100",43758,876,0.02,0.0200191964897847,0.0200191964897847
650,"Negative binomial","4","0.5","0","0.25","100",43758,876,0.02,0.0200191964897847,0.0200191964897847
651,"Negative binomial","8","0.5","0","0.25","100",43758,876,0.02,0.0200191964897847,0.0200191964897847
652,"Negative binomial","2","0.5","0.2","0.25","100",43758,876,0.02,0.0200191964897847,0.0200191964897847
653,"Negative binomial","4","0.5","0.2","0.25","100",43758,876,0.02,0.0200191964897847,0.0200191964897847
654,"Negative binomial","8","0.5","0.2","0.25","100",43758,876,0.02,0.0200191964897847,0.0200191964897847
655,"Negative binomial","2","0.5","0.6","0.25","100",43758,876,0.02,0.0200191964897847,0.0200191964897847
656,"Negative binomial","4","0.5","0.6","0.25","100",43758,876,0.02,0.0200191964897847,0.0200191964897847
657,"Negative binomial","8","0.5","0.6","0.25","100",43758,876,0.02,0.0200191964897847,0.0200191964897847
658,"Negative binomial","2","1","0","0.25","100",43758,876,0.02,0.0200191964897847,0.0200191964897847
659,"Negative binomial","4","1","0","0.25","100",43758,876,0.02,0.0200191964897847,0.0200191964897847
660,"Negative binomial","8","1","0","0.25","100",43758,876,0.02,0.0200191964897847,0.0200191964897847
661,"Negative binomial","2","1","0.2","0.25","100",43758,876,0.02,0.0200191964897847,0.0200191964897847
662,"Negative binomial","4","1","0.2","0.25","100",43758,876,0.02,0.0200191964897847,0.0200191964897847
663,"Negative binomial","8","1","0.2","0.25","100",43758,876,0.02,0.0200191964897847,0.0200191964897847
664,"Negative binomial","2","1","0.6","0.25","100",43758,876,0.02,0.0200191964897847,0.0200191964897847
665,"Negative binomial","4","1","0.6","0.25","100",43758,876,0.02,0.0200191964897847,0.0200191964897847
666,"Negative binomial","8","1","0.6","0.25","100",43758,876,0.02,0.0200191964897847,0.0200191964897847
667,"Negative binomial","2","2","0","0.25","100",43758,876,0.02,0.0200191964897847,0.0200191964897847
668,"Negative binomial","4","2","0","0.25","100",43758,876,0.02,0.0200191964897847,0.0200191964897847
669,"Negative binomial","8","2","0","0.25","100",43758,876,0.02,0.0200191964897847,0.0200191964897847
670,"Negative binomial","2","2","0.2","0.25","100",43758,876,0.02,0.0200191964897847,0.0200191964897847
671,"Negative binomial","4","2","0.2","0.25","100",43758,876,0.02,0.0200191964897847,0.0200191964897847
672,"Negative binomial","8","2","0.2","0.25","100",43758,876,0.02,0.0200191964897847,0.0200191964897847
673,"Negative binomial","2","2","0.6","0.25","100",43758,876,0.02,0.0200191964897847,0.0200191964897847
674,"Negative binomial","4","2","0.6","0.25","100",43758,876,0.02,0.0200191964897847,0.0200191964897847
675,"Negative binomial","8","2","0.6","0.25","100",43758,876,0.02,0.0200191964897847,0.0200191964897847
676,"Negative binomial","2","0.5","0","0.5","100",43758,876,0.02,0.0200191964897847,0.0200191964897847
677,"Negative binomial","4","0.5","0","0.5","100",43758,876,0.02,0.0200191964897847,0.0200191964897847
678,"Negative binomial","8","0.5","0","0.5","100",43758,876,0.02,0.0200191964897847,0.0200191964897847
679,"Negative binomial","2","0.5","0.2","0.5","100",43758,876,0.02,0.0200191964897847,0.0200191964897847
680,"Negative binomial","4","0.5","0.2","0.5","100",43758,876,0.02,0.0200191964897847,0.0200191964897847
681,"Negative binomial","8","0.5","0.2","0.5","100",43758,876,0.02,0.0200191964897847,0.0200191964897847
682,"Negative binomial","2","0.5","0.6","0.5","100",43758,876,0.02,0.0200191964897847,0.0200191964897847
683,"Negative binomial","4","0.5","0.6","0.5","100",43758,876,0.02,0.0200191964897847,0.0200191964897847
684,"Negative binomial","8","0.5","0.6","0.5","100",43758,876,0.02,0.0200191964897847,0.0200191964897847
685,"Negative binomial","2","1","0","0.5","100",43758,876,0.02,0.0200191964897847,0.0200191964897847
686,"Negative binomial","4","1","0","0.5","100",43758,876,0.02,0.0200191964897847,0.0200191964897847
687,"Negative binomial","8","1","0","0.5","100",43758,876,0.02,0.0200191964897847,0.0200191964897847
688,"Negative binomial","2","1","0.2","0.5","100",43758,876,0.02,0.0200191964897847,0.0200191964897847
689,"Negative binomial","4","1","0.2","0.5","100",43758,876,0.02,0.0200191964897847,0.0200191964897847
690,"Negative binomial","8","1","0.2","0.5","100",43758,876,0.02,0.0200191964897847,0.0200191964897847
691,"Negative binomial","2","1","0.6","0.5","100",43758,876,0.02,0.0200191964897847,0.0200191964897847
692,"Negative binomial","4","1","0.6","0.5","100",43758,876,0.02,0.0200191964897847,0.0200191964897847
693,"Negative binomial","8","1","0.6","0.5","100",43758,876,0.02,0.0200191964897847,0.0200191964897847
694,"Negative binomial","2","2","0","0.5","100",43758,876,0.02,0.0200191964897847,0.0200191964897847
695,"Negative binomial","4","2","0","0.5","100",43758,876,0.02,0.0200191964897847,0.0200191964897847
696,"Negative binomial","8","2","0","0.5","100",43758,876,0.02,0.0200191964897847,0.0200191964897847
697,"Negative binomial","2","2","0.2","0.5","100",43758,876,0.02,0.0200191964897847,0.0200191964897847
698,"Negative binomial","4","2","0.2","0.5","100",43758,876,0.02,0.0200191964897847,0.0200191964897847
699,"Negative binomial","8","2","0.2","0.5","100",43758,876,0.02,0.0200191964897847,0.0200191964897847
700,"Negative binomial","2","2","0.6","0.5","100",43758,876,0.02,0.0200191964897847,0.0200191964897847
701,"Negative binomial","4","2","0.6","0.5","100",43758,876,0.02,0.0200191964897847,0.0200191964897847
702,"Negative binomial","8","2","0.6","0.5","100",43758,876,0.02,0.0200191964897847,0.0200191964897847
703,"Negative binomial","2","0.5","0","1","100",43758,876,0.02,0.0200191964897847,0.0200191964897847
704,"Negative binomial","4","0.5","0","1","100",43758,876,0.02,0.0200191964897847,0.0200191964897847
705,"Negative binomial","8","0.5","0","1","100",43758,876,0.02,0.0200191964897847,0.0200191964897847
706,"Negative binomial","2","0.5","0.2","1","100",43758,876,0.02,0.0200191964897847,0.0200191964897847
707,"Negative binomial","4","0.5","0.2","1","100",43758,876,0.02,0.0200191964897847,0.0200191964897847
708,"Negative binomial","8","0.5","0.2","1","100",43758,876,0.02,0.0200191964897847,0.0200191964897847
709,"Negative binomial","2","0.5","0.6","1","100",43758,876,0.02,0.0200191964897847,0.0200191964897847
710,"Negative binomial","4","0.5","0.6","1","100",43758,876,0.02,0.0200191964897847,0.0200191964897847
711,"Negative binomial","8","0.5","0.6","1","100",43758,876,0.02,0.0200191964897847,0.0200191964897847
712,"Negative binomial","2","1","0","1","100",43758,876,0.02,0.0200191964897847,0.0200191964897847
713,"Negative binomial","4","1","0","1","100",43758,876,0.02,0.0200191964897847,0.0200191964897847
714,"Negative binomial","8","1","0","1","100",43758,876,0.02,0.0200191964897847,0.0200191964897847
715,"Negative binomial","2","1","0.2","1","100",43758,876,0.02,0.0200191964897847,0.0200191964897847
716,"Negative binomial","4","1","0.2","1","100",43758,876,0.02,0.0200191964897847,0.0200191964897847
717,"Negative binomial","8","1","0.2","1","100",43758,876,0.02,0.0200191964897847,0.0200191964897847
718,"Negative binomial","2","1","0.6","1","100",43758,876,0.02,0.0200191964897847,0.0200191964897847
719,"Negative binomial","4","1","0.6","1","100",43758,876,0.02,0.0200191964897847,0.0200191964897847
720,"Negative binomial","8","1","0.6","1","100",43758,876,0.02,0.0200191964897847,0.0200191964897847
721,"Negative binomial","2","2","0","1","100",43758,876,0.02,0.0200191964897847,0.0200191964897847
722,"Negative binomial","4","2","0","1","100",43758,876,0.02,0.0200191964897847,0.0200191964897847
723,"Negative binomial","8","2","0","1","100",43758,876,0.02,0.0200191964897847,0.0200191964897847
724,"Negative binomial","2","2","0.2","1","100",43758,876,0.02,0.0200191964897847,0.0200191964897847
725,"Negative binomial","4","2","0.2","1","100",43758,876,0.02,0.0200191964897847,0.0200191964897847
726,"Negative binomial","8","2","0.2","1","100",43758,876,0.02,0.0200191964897847,0.0200191964897847
727,"Negative binomial","2","2","0.6","1","100",43758,876,0.02,0.0200191964897847,0.0200191964897847
728,"Negative binomial","4","2","0.6","1","100",43758,876,0.02,0.0200191964897847,0.0200191964897847
729,"Negative binomial","8","2","0.6","1","100",43758,876,0.02,0.0200191964897847,0.0200191964897847
