"p1","p2","p3","rmse_i","rmse_ii","rmse_iii","rmse_iv","N1"
0.945945945945946,0.027027027027027,0.027027027027027,0.00682113416404166,0.0382219881722458,0.00681743171180078,0.00681745866907813,622
0.918918918918919,0.0540540540540541,0.027027027027027,0.0188249725655455,0.0188253524064886,0.0188261243480089,0.0188249740565667,251
0.891891891891892,0.0810810810810811,0.027027027027027,0.007478672590921,0.00747947866124921,0.00747889039011641,0.0074792921087876,460
0.864864864864865,0.108108108108108,0.027027027027027,0.0271240591970271,0.0271264886317997,0.0271258811596821,0.0271265979801949,573
0.837837837837838,0.135135135135135,0.027027027027027,0.045788194866829,0.0457855140465189,0.04577468824074,0.0457865701408616,69
0.810810810810811,0.162162162162162,0.027027027027027,0.0233211104194192,0.0233137569951436,0.0233123511518865,0.0233123075034926,623
0.783783783783784,0.189189189189189,0.027027027027027,0.0795656251191158,0.079564015108478,0.0795573563106643,0.0795654132101608,74
0.756756756756757,0.216216216216216,0.027027027027027,0.073141245527547,0.180692509117673,0.0731407554946671,0.0731413978500913,303
0.72972972972973,0.243243243243243,0.027027027027027,0.0310123314587246,0.0310128205861648,0.0310108458827991,0.0310124785456869,396
0.702702702702703,0.27027027027027,0.027027027027027,0.0664971206517971,0.0664852689617889,0.0664862055858409,0.0664965254341596,719
0.675675675675676,0.297297297297297,0.027027027027027,0.010009861796416,0.0100099332575083,0.0100108490354279,0.0100098826944816,453
0.648648648648649,0.324324324324324,0.027027027027027,0.0773721136069807,0.0773717672306705,0.0773791689661184,0.0773715602061426,53
0.621621621621622,0.351351351351351,0.027027027027027,0.297807849124681,0.104169994512918,0.104195003387025,0.104170623138722,221
0.594594594594595,0.378378378378378,0.027027027027027,0.0154164044907812,0.0154076803434884,0.0154075223658535,0.015407590445479,466
0.567567567567568,0.405405405405405,0.027027027027027,0.0564722893197389,0.0564753203182197,0.0564718206431747,0.0564717344661586,922
0.540540540540541,0.432432432432432,0.027027027027027,0.0700999598946995,0.0701155376079606,0.0701155972529021,0.0701155536872325,128
0.513513513513513,0.459459459459459,0.027027027027027,0.0107412333963134,0.0107403594206824,0.01073657899753,0.0107403722391766,180
0.486486486486487,0.486486486486487,0.027027027027027,0.0622221547168135,0.0622175414255232,0.062215556440231,0.0622173729062568,160
0.459459459459459,0.513513513513513,0.027027027027027,0.0249384967912975,0.0249362613643141,0.0249416785429498,0.02493895405399,217
0.432432432432432,0.540540540540541,0.027027027027027,0.0970658075273255,0.0970659138742137,0.097072086296033,0.0970659317470178,80
0.405405405405405,0.567567567567568,0.027027027027027,0.342579339492445,0.0498761836791779,0.0498725966379403,0.0498727684842091,80
0.918918918918919,0.027027027027027,0.0540540540540541,0.483135985518515,0.773296593272962,0.0284360330564245,0.0284364529667809,680
0.891891891891892,0.0540540540540541,0.0540540540540541,0.0545287503710933,0.0545298272597248,0.054530934017234,0.0545290069760213,888
0.864864864864865,0.0810810810810811,0.0540540540540541,0.0190975951673898,0.0191120129924688,0.0191110554315178,0.0191109940861229,74
0.837837837837838,0.108108108108108,0.0540540540540541,0.0223413205764595,0.707181425530971,0.0223476342779246,0.0223416947864594,327
0.810810810810811,0.135135135135135,0.0540540540540541,0.0306652027532644,0.030665134824632,0.030663995664194,0.0306649917178677,325
0.783783783783784,0.162162162162162,0.0540540540540541,0.0176317298273431,0.663126705145685,0.0176539691152762,0.017653980128167,185
0.756756756756757,0.189189189189189,0.0540540540540541,0.0366149194680538,0.0366151275433845,0.0366151679226094,0.0366152976139577,333
0.72972972972973,0.216216216216216,0.0540540540540541,0.0477109295179259,0.0477114113119627,0.0477132198326786,0.0477137206597432,143
0.702702702702703,0.243243243243243,0.0540540540540541,0.0316205119623113,0.0316204310623871,0.0316207366655815,0.0316205412585214,299
0.675675675675676,0.27027027027027,0.0540540540540541,0.0287331618005107,0.0287333818682562,0.0287134410020173,0.0287334797959071,109
0.648648648648649,0.297297297297297,0.0540540540540541,0.0408977044418876,0.0408970394337939,0.0408945565296657,0.040897104898892,227
0.621621621621622,0.324324324324324,0.0540540540540541,0.288735996542112,0.036492886637659,0.0364911258979986,0.036492965369667,99
0.594594594594595,0.351351351351351,0.0540540540540541,0.0151113268611066,0.0151160898024162,0.0151110825261409,0.0151166045345449,265
0.567567567567568,0.378378378378378,0.0540540540540541,0.010746749862225,0.010769655963408,0.0107683743810019,0.0107690981758445,443
0.540540540540541,0.405405405405405,0.0540540540540541,0.0729496074499693,0.0729541772566302,0.0729540247639798,0.0729542256122819,337
0.513513513513513,0.432432432432432,0.0540540540540541,0.182230411038306,0.182231387207427,0.182228693125567,0.18223044951728,204
0.486486486486487,0.459459459459459,0.0540540540540541,0.395931842019753,0.420755409140031,0.0490835933834232,0.0490836487169274,840
0.459459459459459,0.486486486486487,0.0540540540540541,0.112459810388981,0.112432698466301,0.112430198950997,0.112432894307785,122
0.432432432432432,0.513513513513513,0.0540540540540541,0.024377030449917,0.0243770328354054,0.0243770051702764,0.0243765279791318,294
0.405405405405405,0.540540540540541,0.0540540540540541,0.0861961034781556,0.0861971433059118,0.0862189075508637,0.0861960509011286,191
0.378378378378378,0.567567567567568,0.0540540540540541,0.333011894577596,0.469737294709986,0.100367816327503,0.100367738993387,815
0.891891891891892,0.027027027027027,0.0810810810810811,0.0244586906080797,0.0244587155280175,0.0244582927450342,0.0244587596377236,176
0.864864864864865,0.0540540540540541,0.0810810810810811,0.0260851579559158,0.0260774224268317,0.0260774137920471,0.0260775639427512,295
0.837837837837838,0.0810810810810811,0.0810810810810811,0.0527521855645114,0.0527599504655799,0.0527584699558588,0.0527585150362446,918
0.810810810810811,0.108108108108108,0.0810810810810811,0.0102610149012246,0.0102613342641735,0.0102614851504508,0.010261007367826,566
0.783783783783784,0.135135135135135,0.0810810810810811,0.035346975485948,0.0353511726170935,0.0353455796010209,0.0353456750737766,280
0.756756756756757,0.162162162162162,0.0810810810810811,0.0277021489796391,0.027702312568305,0.0277016172866273,0.027701772346912,97
0.72972972972973,0.189189189189189,0.0810810810810811,0.208629379418658,0.208629376236283,0.20862724857842,0.208629369826253,61
0.702702702702703,0.216216216216216,0.0810810810810811,0.0354361700018381,0.0354345488687797,0.0354336753037599,0.035434401165748,125
0.675675675675676,0.243243243243243,0.0810810810810811,0.114366927679033,0.114364754390878,0.114366105392547,0.114365250855302,711
0.648648648648649,0.27027027027027,0.0810810810810811,0.0443099244540795,0.0443090630270429,0.044307897845107,0.0443078797322999,686
0.621621621621622,0.297297297297297,0.0810810810810811,0.138300765726003,0.524372299689933,0.0691268303437774,0.0691267884712261,452
0.594594594594595,0.324324324324324,0.0810810810810811,0.076756536541092,0.0767776195043287,0.0767825411153597,0.0767781734953624,95
0.567567567567568,0.351351351351351,0.0810810810810811,0.0357299488710038,0.0357300670392225,0.0357291974130627,0.0357300850141204,563
0.540540540540541,0.378378378378378,0.0810810810810811,0.0288120910020768,0.028812050358048,0.0288117947900113,0.0288116232192882,258
0.513513513513513,0.405405405405405,0.0810810810810811,0.047844389323197,0.0478445511151304,0.047843357547087,0.0478445732887866,227
0.486486486486487,0.432432432432432,0.0810810810810811,0.0659138738595106,0.365460509763324,0.0659125067894558,0.0659137787899702,252
0.459459459459459,0.459459459459459,0.0810810810810811,0.0658331859735155,0.0658345558736503,0.0658342602485125,0.0658346124152882,824
0.432432432432432,0.486486486486487,0.0810810810810811,0.433888598483903,0.360101506892517,0.0465132440120372,0.0465134861610615,564
0.405405405405405,0.513513513513513,0.0810810810810811,0.0750773172583459,0.0750777969856327,0.0750771834074746,0.0750771557274144,779
0.378378378378378,0.540540540540541,0.0810810810810811,0.035459053676245,0.0354579720109444,0.0354578031790405,0.0354583068405509,128
0.351351351351351,0.567567567567568,0.0810810810810811,0.0695898069504389,0.0695920378736428,0.0695906996921711,0.0695899094565643,189
0.864864864864865,0.027027027027027,0.108108108108108,0.0540483114484082,0.0540489502265945,0.0540488668317284,0.0540490365517408,67
0.837837837837838,0.0540540540540541,0.108108108108108,0.0251471950690331,0.0251483092550668,0.0251474139869537,0.0251469280175781,631
0.810810810810811,0.0810810810810811,0.108108108108108,0.0246011011099517,0.0245875592427618,0.0245944024229819,0.0245948738768792,232
0.783783783783784,0.108108108108108,0.108108108108108,0.662324047558118,0.688349603410276,0.056707441776959,0.0567074517417668,357
0.756756756756757,0.135135135135135,0.108108108108108,0.066321635981079,0.0663217628907416,0.0663227152551512,0.0663216541025407,471
0.72972972972973,0.162162162162162,0.108108108108108,0.0510368248920188,0.0510474011615649,0.0510230509987098,0.0510373165418697,206
0.702702702702703,0.189189189189189,0.108108108108108,0.0598322836631726,0.0598321143313413,0.059829855388122,0.0598321988878714,523
0.675675675675676,0.216216216216216,0.108108108108108,0.0346457748231742,0.0346446740107486,0.0346457225350079,0.0346451913412912,103
0.648648648648649,0.243243243243243,0.108108108108108,0.0234768006258727,0.0234739442711553,0.0234772122298907,0.0234772631409049,500
0.621621621621622,0.27027027027027,0.108108108108108,0.0547333032845587,0.0547327205711687,0.0547317873724612,0.0547327358564768,661
0.594594594594595,0.297297297297297,0.108108108108108,0.0193042112412322,0.0193237296656521,0.0193254332546816,0.0193237492455356,107
0.567567567567568,0.324324324324324,0.108108108108108,0.0318675074702883,0.03186941432093,0.0318563665214191,0.0318674354530566,85
0.540540540540541,0.351351351351351,0.108108108108108,0.0625825828135517,0.0625838056027692,0.0625833390484908,0.0625836568540762,73
0.513513513513513,0.378378378378378,0.108108108108108,0.0719494851948277,0.361040880160815,0.0719527798395351,0.0719473889552233,170
0.486486486486487,0.405405405405405,0.108108108108108,0.0911500928204456,0.0911466644154147,0.0911518047845284,0.0911527072593948,76
0.459459459459459,0.432432432432432,0.108108108108108,0.0566392059052107,0.0566475651487774,0.0566464207015174,0.0566472202942175,151
0.432432432432432,0.459459459459459,0.108108108108108,0.0798100675808106,0.0798338477571083,0.0798322656547977,0.0798325754750143,54
0.405405405405405,0.486486486486487,0.108108108108108,0.0957374401285228,0.0842464037033628,0.0957511377944365,0.0957523604262921,405
0.378378378378378,0.513513513513513,0.108108108108108,0.343978837647797,0.464279963146879,0.11869181095889,0.118691333409397,829
0.351351351351351,0.540540540540541,0.108108108108108,0.0213313051744311,0.0213302057695865,0.0213283973827852,0.0213311962514681,593
0.324324324324324,0.567567567567568,0.108108108108108,0.345809161893687,0.31768690415262,0.333376116320757,0.0981461438406515,985
0.837837837837838,0.027027027027027,0.135135135135135,0.109663504073153,0.109663275043822,0.109663880363828,0.109663985772722,61
0.810810810810811,0.0540540540540541,0.135135135135135,0.0463783003189011,0.0463725091002261,0.0463729946988942,0.0463730700297383,186
0.783783783783784,0.0810810810810811,0.135135135135135,0.0731102380287402,0.0730676561492852,0.0731155567810073,0.0731098544959213,205
0.756756756756757,0.108108108108108,0.135135135135135,0.0604202108473947,0.0604450283285216,0.0604438920724698,0.060444236621019,217
0.72972972972973,0.135135135135135,0.135135135135135,0.0450295641151529,0.0450300733814517,0.0450289499558707,0.0450296369587581,347
0.702702702702703,0.162162162162162,0.135135135135135,0.635956390232251,0.0768435591307832,0.0768426776555471,0.0768435334569188,281
0.675675675675676,0.189189189189189,0.135135135135135,0.0927365270213966,0.0927344752127556,0.0927378020852647,0.0927372507072532,113
0.648648648648649,0.216216216216216,0.135135135135135,0.0183128387431406,0.0182935620804235,0.01829705109886,0.0182935435977813,114
0.621621621621622,0.243243243243243,0.135135135135135,0.0903129628910837,0.0903140061181011,0.0903182523066755,0.0903150344854208,74
0.594594594594595,0.27027027027027,0.135135135135135,0.0763590747251125,0.0763580846151614,0.0763548773936306,0.076358332760145,193
0.567567567567568,0.297297297297297,0.135135135135135,0.0273457073180187,0.526801849038516,0.0273449488362068,0.0273457201062509,256
0.540540540540541,0.324324324324324,0.135135135135135,0.0950678959288289,0.0950685607594646,0.0950687143590305,0.0950685342163397,63
0.513513513513513,0.351351351351351,0.135135135135135,0.483977514182461,0.35413672607905,0.0355841883874933,0.0355867927705533,317
0.486486486486487,0.378378378378378,0.135135135135135,0.0272651899401666,0.376442921511584,0.0272648076983548,0.0272650943551666,529
0.459459459459459,0.405405405405405,0.135135135135135,0.351865621008797,0.0444234567216323,0.0444218450874279,0.0444234276483945,160
0.432432432432432,0.432432432432432,0.135135135135135,0.0525438809811662,0.0525390617184679,0.0525509867829011,0.052538199227901,59
0.405405405405405,0.459459459459459,0.135135135135135,0.0695794953713489,0.0695806500696706,0.0695768878388592,0.0695807147816675,59
0.378378378378378,0.486486486486487,0.135135135135135,0.0441386544334514,0.0441386370437595,0.0441386368499727,0.0441386370914422,67
0.351351351351351,0.513513513513513,0.135135135135135,0.11772024796434,0.464353027647965,0.117720901778256,0.117720896031732,194
0.324324324324324,0.540540540540541,0.135135135135135,0.614109660775864,0.123085889583871,0.123082260244621,0.123085975141368,319
0.297297297297297,0.567567567567568,0.135135135135135,0.0532751506741244,0.51684920988675,0.0532753444181146,0.0532753779872909,507
0.810810810810811,0.027027027027027,0.162162162162162,0.0685741560186383,0.0685756491498915,0.0685760841124888,0.0685755113610659,68
0.783783783783784,0.0540540540540541,0.162162162162162,0.0493397837986588,0.049343278196319,0.0493433115702675,0.0493433455802322,277
0.756756756756757,0.0810810810810811,0.162162162162162,0.0647089164127245,0.0647030186148734,0.0647022547988149,0.0647039910206837,101
0.72972972972973,0.108108108108108,0.162162162162162,0.0302060138611055,0.0302057985087723,0.0302054814633182,0.0302059073461932,453
0.702702702702703,0.135135135135135,0.162162162162162,0.0569027162141631,0.0569030602023664,0.0569052637337155,0.0569030832582417,478
0.675675675675676,0.162162162162162,0.162162162162162,0.0842221930894802,0.0842318628522107,0.0842330017717432,0.0842316614548145,52
0.648648648648649,0.189189189189189,0.162162162162162,0.0652132608324479,0.0652097509564209,0.0651994456769755,0.0652115212146014,108
0.621621621621622,0.216216216216216,0.162162162162162,0.268462418599828,0.0691811160033247,0.0691809184701041,0.0691811532560563,263
0.594594594594595,0.243243243243243,0.162162162162162,0.0497597321384566,0.0497599438313362,0.0497582137536395,0.0497599165609066,686
0.567567567567568,0.27027027027027,0.162162162162162,0.0760984191904909,0.0761339228907432,0.0761316643625317,0.0761337487521165,100
0.540540540540541,0.297297297297297,0.162162162162162,0.329537678525619,0.0764049863631318,0.0763978717920239,0.0764051460921566,116
0.513513513513513,0.324324324324324,0.162162162162162,0.087616130158087,0.0876169834082392,0.0876190645038948,0.087616448534959,309
0.486486486486487,0.351351351351351,0.162162162162162,0.058345203673149,0.0583728692417268,0.0583729298824233,0.0583720521288904,521
0.459459459459459,0.378378378378378,0.162162162162162,0.0701478940581559,0.0701523696053118,0.0701523492209956,0.0701521230023439,71
0.432432432432432,0.405405405405405,0.162162162162162,0.0432386415339292,0.413433309186558,0.0432382789766427,0.0432377776253774,292
0.405405405405405,0.432432432432432,0.162162162162162,0.344138397057109,0.413434014609034,0.0314987540507484,0.0314954204088687,639
0.378378378378378,0.459459459459459,0.162162162162162,0.0341382986012351,0.0341729539307411,0.0341694647239416,0.0341729531111603,103
0.351351351351351,0.486486486486487,0.162162162162162,0.126715611094735,0.126718234993691,0.126718811450292,0.126720023349737,58
0.324324324324324,0.513513513513513,0.162162162162162,0.0236976947611248,0.0236971515058179,0.0236983602600278,0.023697706017901,215
0.297297297297297,0.540540540540541,0.162162162162162,0.0297760455233887,0.0297754045449662,0.0297753064418824,0.0297752682855261,248
0.27027027027027,0.567567567567568,0.162162162162162,0.541890206908744,0.0148897040680367,0.0148851271641544,0.0148887872890333,767
0.783783783783784,0.027027027027027,0.189189189189189,0.060078796018163,0.0600760289049478,0.0600453584627493,0.0600790195466241,73
0.756756756756757,0.0540540540540541,0.189189189189189,0.0326699080197523,0.0326720597213686,0.0326716968496977,0.0326720882382135,513
0.72972972972973,0.0810810810810811,0.189189189189189,0.0638291781358498,0.063822718562438,0.0638203505852385,0.0638240354357124,134
0.702702702702703,0.108108108108108,0.189189189189189,0.0415053599445862,0.0415067781944273,0.0415213217053957,0.0415060227760736,285
0.675675675675676,0.135135135135135,0.189189189189189,0.0874288871721715,0.0874301416948543,0.0874310699202515,0.0874292178805097,79
0.648648648648649,0.162162162162162,0.189189189189189,0.0560571043381831,0.0560595055642789,0.0560392823050056,0.0560576076116405,58
0.621621621621622,0.189189189189189,0.189189189189189,0.267349414874741,0.0357884966768518,0.0357882487170531,0.0357864951520256,992
0.594594594594595,0.216216216216216,0.189189189189189,0.0797786936261587,0.0797782480495341,0.0797782830178365,0.0797783970958236,507
0.567567567567568,0.243243243243243,0.189189189189189,0.5320241028617,0.0757978124121349,0.0757976249253141,0.075797557817733,318
0.540540540540541,0.27027027027027,0.189189189189189,0.0873742994582717,0.0873759002873828,0.0873699975344982,0.0873753740379081,55
0.513513513513513,0.297297297297297,0.189189189189189,0.0264692510600173,0.0264693162748192,0.0264702984896796,0.0264695920344476,531
0.486486486486487,0.324324324324324,0.189189189189189,0.492944171622423,0.0391999614313291,0.0391987441246786,0.0391997199844314,418
0.459459459459459,0.351351351351351,0.189189189189189,0.0628658353253003,0.0628692727504668,0.0628640722452252,0.0628655977669378,664
0.432432432432432,0.378378378378378,0.189189189189189,0.115984778791335,0.115966597142547,0.11596645591477,0.115968313586798,101
0.405405405405405,0.405405405405405,0.189189189189189,0.286600000390108,0.429607892524914,0.082387678376642,0.0823923109736754,238
0.378378378378378,0.432432432432432,0.189189189189189,0.0399960284275898,0.0399947780152376,0.0399968619170065,0.0399954150168125,405
0.351351351351351,0.459459459459459,0.189189189189189,0.0409757311993239,0.384659894170109,0.14032576252246,0.0409718649220113,752
0.324324324324324,0.486486486486487,0.189189189189189,0.017630769542927,0.492950054785746,0.0176308893539988,0.0176309917129839,991
0.297297297297297,0.513513513513513,0.189189189189189,0.0964635835577951,0.299927775894945,0.09646629809505,0.09646631947647,355
0.27027027027027,0.540540540540541,0.189189189189189,0.583850512111547,0.0752246134176805,0.0752257736211957,0.0752247260082808,869
0.243243243243243,0.567567567567568,0.189189189189189,0.079786239766548,0.0797870264599148,0.0797867509694513,0.0797867892486041,281
