"example_id","inp_file","design_block","dist_code","G","random.seed","ln_sd","nb_size","Nmin","Nmax","output_path"
1,"faces_ex1.inp","Poisson",1,2,1740051371,1,25,50,100,"C:/Users/Jon.Brodziak/Desktop/New RUN1/faces_ex1.inp"
2,"faces_ex2.inp","Poisson",1,4,187713171,1,25,50,100,"C:/Users/Jon.Brodziak/Desktop/New RUN1/faces_ex2.inp"
3,"faces_ex3.inp","Poisson",1,8,1555557450,1,25,50,100,"C:/Users/Jon.Brodziak/Desktop/New RUN1/faces_ex3.inp"
4,"faces_ex4.inp","Poisson",1,2,493104025,1,25,50,100,"C:/Users/Jon.Brodziak/Desktop/New RUN1/faces_ex4.inp"
5,"faces_ex5.inp","Poisson",1,4,525064084,1,25,50,100,"C:/Users/Jon.Brodziak/Desktop/New RUN1/faces_ex5.inp"
6,"faces_ex6.inp","Poisson",1,8,824536004,1,25,50,100,"C:/Users/Jon.Brodziak/Desktop/New RUN1/faces_ex6.inp"
7,"faces_ex7.inp","Poisson",1,2,1992196684,1,25,50,100,"C:/Users/Jon.Brodziak/Desktop/New RUN1/faces_ex7.inp"
8,"faces_ex8.inp","Poisson",1,4,1796140745,1,25,50,100,"C:/Users/Jon.Brodziak/Desktop/New RUN1/faces_ex8.inp"
9,"faces_ex9.inp","Poisson",1,8,1196050804,1,25,50,100,"C:/Users/Jon.Brodziak/Desktop/New RUN1/faces_ex9.inp"
10,"faces_ex10.inp","Poisson",1,2,2127682770,1,25,50,100,"C:/Users/Jon.Brodziak/Desktop/New RUN1/faces_ex10.inp"
11,"faces_ex11.inp","Poisson",1,4,1935793344,1,25,50,100,"C:/Users/Jon.Brodziak/Desktop/New RUN1/faces_ex11.inp"
12,"faces_ex12.inp","Poisson",1,8,1070068141,1,25,50,100,"C:/Users/Jon.Brodziak/Desktop/New RUN1/faces_ex12.inp"
13,"faces_ex13.inp","Poisson",1,2,221213537,1,25,50,100,"C:/Users/Jon.Brodziak/Desktop/New RUN1/faces_ex13.inp"
14,"faces_ex14.inp","Poisson",1,4,1436436971,1,25,50,100,"C:/Users/Jon.Brodziak/Desktop/New RUN1/faces_ex14.inp"
15,"faces_ex15.inp","Poisson",1,8,1827735302,1,25,50,100,"C:/Users/Jon.Brodziak/Desktop/New RUN1/faces_ex15.inp"
16,"faces_ex16.inp","Poisson",1,2,2061407850,1,25,50,100,"C:/Users/Jon.Brodziak/Desktop/New RUN1/faces_ex16.inp"
17,"faces_ex17.inp","Poisson",1,4,171144272,1,25,50,100,"C:/Users/Jon.Brodziak/Desktop/New RUN1/faces_ex17.inp"
18,"faces_ex18.inp","Poisson",1,8,425507087,1,25,50,100,"C:/Users/Jon.Brodziak/Desktop/New RUN1/faces_ex18.inp"
19,"faces_ex19.inp","Poisson",1,2,2104893599,1,25,50,100,"C:/Users/Jon.Brodziak/Desktop/New RUN1/faces_ex19.inp"
20,"faces_ex20.inp","Poisson",1,4,788949485,1,25,50,100,"C:/Users/Jon.Brodziak/Desktop/New RUN1/faces_ex20.inp"
21,"faces_ex21.inp","Poisson",1,8,1944768680,1,25,50,100,"C:/Users/Jon.Brodziak/Desktop/New RUN1/faces_ex21.inp"
22,"faces_ex22.inp","Poisson",1,2,252399921,1,25,50,100,"C:/Users/Jon.Brodziak/Desktop/New RUN1/faces_ex22.inp"
23,"faces_ex23.inp","Poisson",1,4,2077727024,1,25,50,100,"C:/Users/Jon.Brodziak/Desktop/New RUN1/faces_ex23.inp"
24,"faces_ex24.inp","Poisson",1,8,1900970003,1,25,50,100,"C:/Users/Jon.Brodziak/Desktop/New RUN1/faces_ex24.inp"
25,"faces_ex25.inp","Poisson",1,2,1753302413,1,25,50,100,"C:/Users/Jon.Brodziak/Desktop/New RUN1/faces_ex25.inp"
26,"faces_ex26.inp","Poisson",1,4,512933995,1,25,50,100,"C:/Users/Jon.Brodziak/Desktop/New RUN1/faces_ex26.inp"
27,"faces_ex27.inp","Poisson",1,8,1546113074,1,25,50,100,"C:/Users/Jon.Brodziak/Desktop/New RUN1/faces_ex27.inp"
28,"faces_ex28.inp","Poisson",1,2,1655265422,1,25,50,100,"C:/Users/Jon.Brodziak/Desktop/New RUN1/faces_ex28.inp"
29,"faces_ex29.inp","Poisson",1,4,1309014604,1,25,50,100,"C:/Users/Jon.Brodziak/Desktop/New RUN1/faces_ex29.inp"
30,"faces_ex30.inp","Poisson",1,8,405636857,1,25,50,100,"C:/Users/Jon.Brodziak/Desktop/New RUN1/faces_ex30.inp"
31,"faces_ex31.inp","Poisson",1,2,742411829,1,25,50,100,"C:/Users/Jon.Brodziak/Desktop/New RUN1/faces_ex31.inp"
32,"faces_ex32.inp","Poisson",1,4,671749712,1,25,50,100,"C:/Users/Jon.Brodziak/Desktop/New RUN1/faces_ex32.inp"
33,"faces_ex33.inp","Poisson",1,8,361741545,1,25,50,100,"C:/Users/Jon.Brodziak/Desktop/New RUN1/faces_ex33.inp"
34,"faces_ex34.inp","Poisson",1,2,929061408,1,25,50,100,"C:/Users/Jon.Brodziak/Desktop/New RUN1/faces_ex34.inp"
35,"faces_ex35.inp","Poisson",1,4,1275067118,1,25,50,100,"C:/Users/Jon.Brodziak/Desktop/New RUN1/faces_ex35.inp"
36,"faces_ex36.inp","Poisson",1,8,1719248916,1,25,50,100,"C:/Users/Jon.Brodziak/Desktop/New RUN1/faces_ex36.inp"
37,"faces_ex37.inp","Poisson",1,2,1540227278,1,25,50,100,"C:/Users/Jon.Brodziak/Desktop/New RUN1/faces_ex37.inp"
38,"faces_ex38.inp","Poisson",1,4,2023322802,1,25,50,100,"C:/Users/Jon.Brodziak/Desktop/New RUN1/faces_ex38.inp"
39,"faces_ex39.inp","Poisson",1,8,1468748485,1,25,50,100,"C:/Users/Jon.Brodziak/Desktop/New RUN1/faces_ex39.inp"
40,"faces_ex40.inp","Poisson",1,2,664621495,1,25,50,100,"C:/Users/Jon.Brodziak/Desktop/New RUN1/faces_ex40.inp"
41,"faces_ex41.inp","Poisson",1,4,150698597,1,25,50,100,"C:/Users/Jon.Brodziak/Desktop/New RUN1/faces_ex41.inp"
42,"faces_ex42.inp","Poisson",1,8,359220180,1,25,50,100,"C:/Users/Jon.Brodziak/Desktop/New RUN1/faces_ex42.inp"
43,"faces_ex43.inp","Poisson",1,2,2140572176,1,25,50,100,"C:/Users/Jon.Brodziak/Desktop/New RUN1/faces_ex43.inp"
44,"faces_ex44.inp","Poisson",1,4,1004372676,1,25,50,100,"C:/Users/Jon.Brodziak/Desktop/New RUN1/faces_ex44.inp"
45,"faces_ex45.inp","Poisson",1,8,1765385524,1,25,50,100,"C:/Users/Jon.Brodziak/Desktop/New RUN1/faces_ex45.inp"
46,"faces_ex46.inp","Poisson",1,2,950260379,1,25,50,100,"C:/Users/Jon.Brodziak/Desktop/New RUN1/faces_ex46.inp"
47,"faces_ex47.inp","Poisson",1,4,1404699315,1,25,50,100,"C:/Users/Jon.Brodziak/Desktop/New RUN1/faces_ex47.inp"
48,"faces_ex48.inp","Poisson",1,8,1867327495,1,25,50,100,"C:/Users/Jon.Brodziak/Desktop/New RUN1/faces_ex48.inp"
49,"faces_ex49.inp","Poisson",1,2,292485429,1,25,50,100,"C:/Users/Jon.Brodziak/Desktop/New RUN1/faces_ex49.inp"
50,"faces_ex50.inp","Poisson",1,4,214022081,1,25,50,100,"C:/Users/Jon.Brodziak/Desktop/New RUN1/faces_ex50.inp"
51,"faces_ex51.inp","Poisson",1,8,256989133,1,25,50,100,"C:/Users/Jon.Brodziak/Desktop/New RUN1/faces_ex51.inp"
52,"faces_ex52.inp","Poisson",1,2,719985925,1,25,50,100,"C:/Users/Jon.Brodziak/Desktop/New RUN1/faces_ex52.inp"
53,"faces_ex53.inp","Poisson",1,4,1782265906,1,25,50,100,"C:/Users/Jon.Brodziak/Desktop/New RUN1/faces_ex53.inp"
54,"faces_ex54.inp","Poisson",1,8,497914872,1,25,50,100,"C:/Users/Jon.Brodziak/Desktop/New RUN1/faces_ex54.inp"
55,"faces_ex55.inp","Poisson",1,2,1110533598,1,25,50,100,"C:/Users/Jon.Brodziak/Desktop/New RUN1/faces_ex55.inp"
56,"faces_ex56.inp","Poisson",1,4,1962974971,1,25,50,100,"C:/Users/Jon.Brodziak/Desktop/New RUN1/faces_ex56.inp"
57,"faces_ex57.inp","Poisson",1,8,1351657638,1,25,50,100,"C:/Users/Jon.Brodziak/Desktop/New RUN1/faces_ex57.inp"
58,"faces_ex58.inp","Poisson",1,2,218692115,1,25,50,100,"C:/Users/Jon.Brodziak/Desktop/New RUN1/faces_ex58.inp"
59,"faces_ex59.inp","Poisson",1,4,1028583679,1,25,50,100,"C:/Users/Jon.Brodziak/Desktop/New RUN1/faces_ex59.inp"
60,"faces_ex60.inp","Poisson",1,8,158332882,1,25,50,100,"C:/Users/Jon.Brodziak/Desktop/New RUN1/faces_ex60.inp"
61,"faces_ex61.inp","Poisson",1,2,1739440846,1,25,50,100,"C:/Users/Jon.Brodziak/Desktop/New RUN1/faces_ex61.inp"
62,"faces_ex62.inp","Poisson",1,4,1158860407,1,25,50,100,"C:/Users/Jon.Brodziak/Desktop/New RUN1/faces_ex62.inp"
63,"faces_ex63.inp","Poisson",1,8,867629986,1,25,50,100,"C:/Users/Jon.Brodziak/Desktop/New RUN1/faces_ex63.inp"
64,"faces_ex64.inp","Poisson",1,2,1105827507,1,25,50,100,"C:/Users/Jon.Brodziak/Desktop/New RUN1/faces_ex64.inp"
65,"faces_ex65.inp","Poisson",1,4,543919710,1,25,50,100,"C:/Users/Jon.Brodziak/Desktop/New RUN1/faces_ex65.inp"
66,"faces_ex66.inp","Poisson",1,8,530615684,1,25,50,100,"C:/Users/Jon.Brodziak/Desktop/New RUN1/faces_ex66.inp"
67,"faces_ex67.inp","Poisson",1,2,1835487324,1,25,50,100,"C:/Users/Jon.Brodziak/Desktop/New RUN1/faces_ex67.inp"
68,"faces_ex68.inp","Poisson",1,4,376877176,1,25,50,100,"C:/Users/Jon.Brodziak/Desktop/New RUN1/faces_ex68.inp"
69,"faces_ex69.inp","Poisson",1,8,120559376,1,25,50,100,"C:/Users/Jon.Brodziak/Desktop/New RUN1/faces_ex69.inp"
70,"faces_ex70.inp","Poisson",1,2,947147090,1,25,50,100,"C:/Users/Jon.Brodziak/Desktop/New RUN1/faces_ex70.inp"
71,"faces_ex71.inp","Poisson",1,4,1092617770,1,25,50,100,"C:/Users/Jon.Brodziak/Desktop/New RUN1/faces_ex71.inp"
72,"faces_ex72.inp","Poisson",1,8,1301493999,1,25,50,100,"C:/Users/Jon.Brodziak/Desktop/New RUN1/faces_ex72.inp"
73,"faces_ex73.inp","Poisson",1,2,1138952009,1,25,50,100,"C:/Users/Jon.Brodziak/Desktop/New RUN1/faces_ex73.inp"
74,"faces_ex74.inp","Poisson",1,4,1832779196,1,25,50,100,"C:/Users/Jon.Brodziak/Desktop/New RUN1/faces_ex74.inp"
75,"faces_ex75.inp","Poisson",1,8,1663249082,1,25,50,100,"C:/Users/Jon.Brodziak/Desktop/New RUN1/faces_ex75.inp"
76,"faces_ex76.inp","Poisson",1,2,428860832,1,25,50,100,"C:/Users/Jon.Brodziak/Desktop/New RUN1/faces_ex76.inp"
77,"faces_ex77.inp","Poisson",1,4,1585229732,1,25,50,100,"C:/Users/Jon.Brodziak/Desktop/New RUN1/faces_ex77.inp"
78,"faces_ex78.inp","Poisson",1,8,562855183,1,25,50,100,"C:/Users/Jon.Brodziak/Desktop/New RUN1/faces_ex78.inp"
79,"faces_ex79.inp","Poisson",1,2,495728579,1,25,50,100,"C:/Users/Jon.Brodziak/Desktop/New RUN1/faces_ex79.inp"
80,"faces_ex80.inp","Poisson",1,4,1586000272,1,25,50,100,"C:/Users/Jon.Brodziak/Desktop/New RUN1/faces_ex80.inp"
81,"faces_ex81.inp","Poisson",1,8,1045137775,1,25,50,100,"C:/Users/Jon.Brodziak/Desktop/New RUN1/faces_ex81.inp"
82,"faces_ex82.inp","Poisson",1,2,684247166,1,25,50,100,"C:/Users/Jon.Brodziak/Desktop/New RUN1/faces_ex82.inp"
83,"faces_ex83.inp","Poisson",1,4,62013893,1,25,50,100,"C:/Users/Jon.Brodziak/Desktop/New RUN1/faces_ex83.inp"
84,"faces_ex84.inp","Poisson",1,8,730174848,1,25,50,100,"C:/Users/Jon.Brodziak/Desktop/New RUN1/faces_ex84.inp"
85,"faces_ex85.inp","Poisson",1,2,259558824,1,25,50,100,"C:/Users/Jon.Brodziak/Desktop/New RUN1/faces_ex85.inp"
86,"faces_ex86.inp","Poisson",1,4,1385859079,1,25,50,100,"C:/Users/Jon.Brodziak/Desktop/New RUN1/faces_ex86.inp"
87,"faces_ex87.inp","Poisson",1,8,1811073055,1,25,50,100,"C:/Users/Jon.Brodziak/Desktop/New RUN1/faces_ex87.inp"
88,"faces_ex88.inp","Poisson",1,2,719635243,1,25,50,100,"C:/Users/Jon.Brodziak/Desktop/New RUN1/faces_ex88.inp"
89,"faces_ex89.inp","Poisson",1,4,374035449,1,25,50,100,"C:/Users/Jon.Brodziak/Desktop/New RUN1/faces_ex89.inp"
90,"faces_ex90.inp","Poisson",1,8,241210982,1,25,50,100,"C:/Users/Jon.Brodziak/Desktop/New RUN1/faces_ex90.inp"
91,"faces_ex91.inp","Poisson",1,2,1425587226,1,25,50,100,"C:/Users/Jon.Brodziak/Desktop/New RUN1/faces_ex91.inp"
92,"faces_ex92.inp","Poisson",1,4,1133134871,1,25,50,100,"C:/Users/Jon.Brodziak/Desktop/New RUN1/faces_ex92.inp"
93,"faces_ex93.inp","Poisson",1,8,1897697055,1,25,50,100,"C:/Users/Jon.Brodziak/Desktop/New RUN1/faces_ex93.inp"
94,"faces_ex94.inp","Poisson",1,2,499812953,1,25,50,100,"C:/Users/Jon.Brodziak/Desktop/New RUN1/faces_ex94.inp"
95,"faces_ex95.inp","Poisson",1,4,384571662,1,25,50,100,"C:/Users/Jon.Brodziak/Desktop/New RUN1/faces_ex95.inp"
96,"faces_ex96.inp","Poisson",1,8,1733809127,1,25,50,100,"C:/Users/Jon.Brodziak/Desktop/New RUN1/faces_ex96.inp"
97,"faces_ex97.inp","Poisson",1,2,441901730,1,25,50,100,"C:/Users/Jon.Brodziak/Desktop/New RUN1/faces_ex97.inp"
98,"faces_ex98.inp","Poisson",1,4,1467299702,1,25,50,100,"C:/Users/Jon.Brodziak/Desktop/New RUN1/faces_ex98.inp"
99,"faces_ex99.inp","Poisson",1,8,505988476,1,25,50,100,"C:/Users/Jon.Brodziak/Desktop/New RUN1/faces_ex99.inp"
100,"faces_ex100.inp","Poisson",1,2,1839640660,1,25,50,100,"C:/Users/Jon.Brodziak/Desktop/New RUN1/faces_ex100.inp"
101,"faces_ex101.inp","Poisson",1,4,1732480019,1,25,50,100,"C:/Users/Jon.Brodziak/Desktop/New RUN1/faces_ex101.inp"
102,"faces_ex102.inp","Poisson",1,8,1874688141,1,25,50,100,"C:/Users/Jon.Brodziak/Desktop/New RUN1/faces_ex102.inp"
103,"faces_ex103.inp","Poisson",1,2,411035194,1,25,50,100,"C:/Users/Jon.Brodziak/Desktop/New RUN1/faces_ex103.inp"
104,"faces_ex104.inp","Poisson",1,4,187849852,1,25,50,100,"C:/Users/Jon.Brodziak/Desktop/New RUN1/faces_ex104.inp"
105,"faces_ex105.inp","Poisson",1,8,223770017,1,25,50,100,"C:/Users/Jon.Brodziak/Desktop/New RUN1/faces_ex105.inp"
106,"faces_ex106.inp","Poisson",1,2,1988558511,1,25,50,100,"C:/Users/Jon.Brodziak/Desktop/New RUN1/faces_ex106.inp"
107,"faces_ex107.inp","Poisson",1,4,609336104,1,25,50,100,"C:/Users/Jon.Brodziak/Desktop/New RUN1/faces_ex107.inp"
108,"faces_ex108.inp","Poisson",1,8,883705808,1,25,50,100,"C:/Users/Jon.Brodziak/Desktop/New RUN1/faces_ex108.inp"
109,"faces_ex109.inp","Poisson",1,2,1129720560,1,25,50,100,"C:/Users/Jon.Brodziak/Desktop/New RUN1/faces_ex109.inp"
110,"faces_ex110.inp","Poisson",1,4,1251408058,1,25,50,100,"C:/Users/Jon.Brodziak/Desktop/New RUN1/faces_ex110.inp"
111,"faces_ex111.inp","Poisson",1,8,1451275493,1,25,50,100,"C:/Users/Jon.Brodziak/Desktop/New RUN1/faces_ex111.inp"
112,"faces_ex112.inp","Poisson",1,2,2054341049,1,25,50,100,"C:/Users/Jon.Brodziak/Desktop/New RUN1/faces_ex112.inp"
113,"faces_ex113.inp","Poisson",1,4,602921862,1,25,50,100,"C:/Users/Jon.Brodziak/Desktop/New RUN1/faces_ex113.inp"
114,"faces_ex114.inp","Poisson",1,8,1597352873,1,25,50,100,"C:/Users/Jon.Brodziak/Desktop/New RUN1/faces_ex114.inp"
115,"faces_ex115.inp","Poisson",1,2,444720064,1,25,50,100,"C:/Users/Jon.Brodziak/Desktop/New RUN1/faces_ex115.inp"
116,"faces_ex116.inp","Poisson",1,4,1310801579,1,25,50,100,"C:/Users/Jon.Brodziak/Desktop/New RUN1/faces_ex116.inp"
117,"faces_ex117.inp","Poisson",1,8,799331927,1,25,50,100,"C:/Users/Jon.Brodziak/Desktop/New RUN1/faces_ex117.inp"
118,"faces_ex118.inp","Poisson",1,2,340751001,1,25,50,100,"C:/Users/Jon.Brodziak/Desktop/New RUN1/faces_ex118.inp"
119,"faces_ex119.inp","Poisson",1,4,92320022,1,25,50,100,"C:/Users/Jon.Brodziak/Desktop/New RUN1/faces_ex119.inp"
120,"faces_ex120.inp","Poisson",1,8,1531503806,1,25,50,100,"C:/Users/Jon.Brodziak/Desktop/New RUN1/faces_ex120.inp"
121,"faces_ex121.inp","Poisson",1,2,1697545646,1,25,50,100,"C:/Users/Jon.Brodziak/Desktop/New RUN1/faces_ex121.inp"
122,"faces_ex122.inp","Poisson",1,4,753010309,1,25,50,100,"C:/Users/Jon.Brodziak/Desktop/New RUN1/faces_ex122.inp"
123,"faces_ex123.inp","Poisson",1,8,1434744077,1,25,50,100,"C:/Users/Jon.Brodziak/Desktop/New RUN1/faces_ex123.inp"
124,"faces_ex124.inp","Poisson",1,2,73955051,1,25,50,100,"C:/Users/Jon.Brodziak/Desktop/New RUN1/faces_ex124.inp"
125,"faces_ex125.inp","Poisson",1,4,2146381696,1,25,50,100,"C:/Users/Jon.Brodziak/Desktop/New RUN1/faces_ex125.inp"
126,"faces_ex126.inp","Poisson",1,8,673505340,1,25,50,100,"C:/Users/Jon.Brodziak/Desktop/New RUN1/faces_ex126.inp"
127,"faces_ex127.inp","Poisson",1,2,398797904,1,25,50,100,"C:/Users/Jon.Brodziak/Desktop/New RUN1/faces_ex127.inp"
128,"faces_ex128.inp","Poisson",1,4,941471514,1,25,50,100,"C:/Users/Jon.Brodziak/Desktop/New RUN1/faces_ex128.inp"
129,"faces_ex129.inp","Poisson",1,8,894639814,1,25,50,100,"C:/Users/Jon.Brodziak/Desktop/New RUN1/faces_ex129.inp"
130,"faces_ex130.inp","Poisson",1,2,1327609119,1,25,50,100,"C:/Users/Jon.Brodziak/Desktop/New RUN1/faces_ex130.inp"
131,"faces_ex131.inp","Poisson",1,4,241008889,1,25,50,100,"C:/Users/Jon.Brodziak/Desktop/New RUN1/faces_ex131.inp"
132,"faces_ex132.inp","Poisson",1,8,125515593,1,25,50,100,"C:/Users/Jon.Brodziak/Desktop/New RUN1/faces_ex132.inp"
133,"faces_ex133.inp","Poisson",1,2,79489759,1,25,50,100,"C:/Users/Jon.Brodziak/Desktop/New RUN1/faces_ex133.inp"
134,"faces_ex134.inp","Poisson",1,4,880276935,1,25,50,100,"C:/Users/Jon.Brodziak/Desktop/New RUN1/faces_ex134.inp"
135,"faces_ex135.inp","Poisson",1,8,1740035032,1,25,50,100,"C:/Users/Jon.Brodziak/Desktop/New RUN1/faces_ex135.inp"
136,"faces_ex136.inp","Poisson",1,2,679008794,1,25,50,100,"C:/Users/Jon.Brodziak/Desktop/New RUN1/faces_ex136.inp"
137,"faces_ex137.inp","Poisson",1,4,1426015769,1,25,50,100,"C:/Users/Jon.Brodziak/Desktop/New RUN1/faces_ex137.inp"
138,"faces_ex138.inp","Poisson",1,8,1425764544,1,25,50,100,"C:/Users/Jon.Brodziak/Desktop/New RUN1/faces_ex138.inp"
139,"faces_ex139.inp","Poisson",1,2,551238676,1,25,50,100,"C:/Users/Jon.Brodziak/Desktop/New RUN1/faces_ex139.inp"
140,"faces_ex140.inp","Poisson",1,4,2124245147,1,25,50,100,"C:/Users/Jon.Brodziak/Desktop/New RUN1/faces_ex140.inp"
141,"faces_ex141.inp","Poisson",1,8,856998196,1,25,50,100,"C:/Users/Jon.Brodziak/Desktop/New RUN1/faces_ex141.inp"
142,"faces_ex142.inp","Poisson",1,2,349439587,1,25,50,100,"C:/Users/Jon.Brodziak/Desktop/New RUN1/faces_ex142.inp"
143,"faces_ex143.inp","Poisson",1,4,772007490,1,25,50,100,"C:/Users/Jon.Brodziak/Desktop/New RUN1/faces_ex143.inp"
144,"faces_ex144.inp","Poisson",1,8,27252807,1,25,50,100,"C:/Users/Jon.Brodziak/Desktop/New RUN1/faces_ex144.inp"
145,"faces_ex145.inp","Poisson",1,2,1650940124,1,25,50,100,"C:/Users/Jon.Brodziak/Desktop/New RUN1/faces_ex145.inp"
146,"faces_ex146.inp","Poisson",1,4,1842244210,1,25,50,100,"C:/Users/Jon.Brodziak/Desktop/New RUN1/faces_ex146.inp"
147,"faces_ex147.inp","Poisson",1,8,366641759,1,25,50,100,"C:/Users/Jon.Brodziak/Desktop/New RUN1/faces_ex147.inp"
148,"faces_ex148.inp","Poisson",1,2,2020254628,1,25,50,100,"C:/Users/Jon.Brodziak/Desktop/New RUN1/faces_ex148.inp"
149,"faces_ex149.inp","Poisson",1,4,49140626,1,25,50,100,"C:/Users/Jon.Brodziak/Desktop/New RUN1/faces_ex149.inp"
150,"faces_ex150.inp","Poisson",1,8,553047358,1,25,50,100,"C:/Users/Jon.Brodziak/Desktop/New RUN1/faces_ex150.inp"
151,"faces_ex151.inp","Poisson",1,2,269313487,1,25,50,100,"C:/Users/Jon.Brodziak/Desktop/New RUN1/faces_ex151.inp"
152,"faces_ex152.inp","Poisson",1,4,657889767,1,25,50,100,"C:/Users/Jon.Brodziak/Desktop/New RUN1/faces_ex152.inp"
153,"faces_ex153.inp","Poisson",1,8,654415964,1,25,50,100,"C:/Users/Jon.Brodziak/Desktop/New RUN1/faces_ex153.inp"
154,"faces_ex154.inp","Poisson",1,2,1553509132,1,25,50,100,"C:/Users/Jon.Brodziak/Desktop/New RUN1/faces_ex154.inp"
155,"faces_ex155.inp","Poisson",1,4,504560463,1,25,50,100,"C:/Users/Jon.Brodziak/Desktop/New RUN1/faces_ex155.inp"
156,"faces_ex156.inp","Poisson",1,8,1600605720,1,25,50,100,"C:/Users/Jon.Brodziak/Desktop/New RUN1/faces_ex156.inp"
157,"faces_ex157.inp","Poisson",1,2,114355740,1,25,50,100,"C:/Users/Jon.Brodziak/Desktop/New RUN1/faces_ex157.inp"
158,"faces_ex158.inp","Poisson",1,4,559640822,1,25,50,100,"C:/Users/Jon.Brodziak/Desktop/New RUN1/faces_ex158.inp"
159,"faces_ex159.inp","Poisson",1,8,1595741550,1,25,50,100,"C:/Users/Jon.Brodziak/Desktop/New RUN1/faces_ex159.inp"
160,"faces_ex160.inp","Poisson",1,2,1681518779,1,25,50,100,"C:/Users/Jon.Brodziak/Desktop/New RUN1/faces_ex160.inp"
161,"faces_ex161.inp","Poisson",1,4,1230719621,1,25,50,100,"C:/Users/Jon.Brodziak/Desktop/New RUN1/faces_ex161.inp"
162,"faces_ex162.inp","Poisson",1,8,108896135,1,25,50,100,"C:/Users/Jon.Brodziak/Desktop/New RUN1/faces_ex162.inp"
163,"faces_ex163.inp","Poisson",1,2,1177656481,1,25,50,100,"C:/Users/Jon.Brodziak/Desktop/New RUN1/faces_ex163.inp"
164,"faces_ex164.inp","Poisson",1,4,1983928548,1,25,50,100,"C:/Users/Jon.Brodziak/Desktop/New RUN1/faces_ex164.inp"
165,"faces_ex165.inp","Poisson",1,8,1134351282,1,25,50,100,"C:/Users/Jon.Brodziak/Desktop/New RUN1/faces_ex165.inp"
166,"faces_ex166.inp","Poisson",1,2,1180586448,1,25,50,100,"C:/Users/Jon.Brodziak/Desktop/New RUN1/faces_ex166.inp"
167,"faces_ex167.inp","Poisson",1,4,1950021889,1,25,50,100,"C:/Users/Jon.Brodziak/Desktop/New RUN1/faces_ex167.inp"
168,"faces_ex168.inp","Poisson",1,8,301385369,1,25,50,100,"C:/Users/Jon.Brodziak/Desktop/New RUN1/faces_ex168.inp"
169,"faces_ex169.inp","Poisson",1,2,1501060118,1,25,50,100,"C:/Users/Jon.Brodziak/Desktop/New RUN1/faces_ex169.inp"
170,"faces_ex170.inp","Poisson",1,4,777543131,1,25,50,100,"C:/Users/Jon.Brodziak/Desktop/New RUN1/faces_ex170.inp"
171,"faces_ex171.inp","Poisson",1,8,90695391,1,25,50,100,"C:/Users/Jon.Brodziak/Desktop/New RUN1/faces_ex171.inp"
172,"faces_ex172.inp","Poisson",1,2,895468854,1,25,50,100,"C:/Users/Jon.Brodziak/Desktop/New RUN1/faces_ex172.inp"
173,"faces_ex173.inp","Poisson",1,4,1138664407,1,25,50,100,"C:/Users/Jon.Brodziak/Desktop/New RUN1/faces_ex173.inp"
174,"faces_ex174.inp","Poisson",1,8,1892099236,1,25,50,100,"C:/Users/Jon.Brodziak/Desktop/New RUN1/faces_ex174.inp"
175,"faces_ex175.inp","Poisson",1,2,1059504064,1,25,50,100,"C:/Users/Jon.Brodziak/Desktop/New RUN1/faces_ex175.inp"
176,"faces_ex176.inp","Poisson",1,4,300669786,1,25,50,100,"C:/Users/Jon.Brodziak/Desktop/New RUN1/faces_ex176.inp"
177,"faces_ex177.inp","Poisson",1,8,1881226763,1,25,50,100,"C:/Users/Jon.Brodziak/Desktop/New RUN1/faces_ex177.inp"
178,"faces_ex178.inp","Poisson",1,2,109484293,1,25,50,100,"C:/Users/Jon.Brodziak/Desktop/New RUN1/faces_ex178.inp"
179,"faces_ex179.inp","Poisson",1,4,2069828049,1,25,50,100,"C:/Users/Jon.Brodziak/Desktop/New RUN1/faces_ex179.inp"
180,"faces_ex180.inp","Poisson",1,8,1841752497,1,25,50,100,"C:/Users/Jon.Brodziak/Desktop/New RUN1/faces_ex180.inp"
181,"faces_ex181.inp","Poisson",1,2,964117045,1,25,50,100,"C:/Users/Jon.Brodziak/Desktop/New RUN1/faces_ex181.inp"
182,"faces_ex182.inp","Poisson",1,4,2028374177,1,25,50,100,"C:/Users/Jon.Brodziak/Desktop/New RUN1/faces_ex182.inp"
183,"faces_ex183.inp","Poisson",1,8,1640173137,1,25,50,100,"C:/Users/Jon.Brodziak/Desktop/New RUN1/faces_ex183.inp"
184,"faces_ex184.inp","Poisson",1,2,1311887342,1,25,50,100,"C:/Users/Jon.Brodziak/Desktop/New RUN1/faces_ex184.inp"
185,"faces_ex185.inp","Poisson",1,4,1737993325,1,25,50,100,"C:/Users/Jon.Brodziak/Desktop/New RUN1/faces_ex185.inp"
186,"faces_ex186.inp","Poisson",1,8,645742343,1,25,50,100,"C:/Users/Jon.Brodziak/Desktop/New RUN1/faces_ex186.inp"
187,"faces_ex187.inp","Poisson",1,2,1367811346,1,25,50,100,"C:/Users/Jon.Brodziak/Desktop/New RUN1/faces_ex187.inp"
188,"faces_ex188.inp","Poisson",1,4,1631133358,1,25,50,100,"C:/Users/Jon.Brodziak/Desktop/New RUN1/faces_ex188.inp"
189,"faces_ex189.inp","Poisson",1,8,402834745,1,25,50,100,"C:/Users/Jon.Brodziak/Desktop/New RUN1/faces_ex189.inp"
190,"faces_ex190.inp","Poisson",1,2,101006212,1,25,50,100,"C:/Users/Jon.Brodziak/Desktop/New RUN1/faces_ex190.inp"
191,"faces_ex191.inp","Poisson",1,4,1146673929,1,25,50,100,"C:/Users/Jon.Brodziak/Desktop/New RUN1/faces_ex191.inp"
192,"faces_ex192.inp","Poisson",1,8,1089806334,1,25,50,100,"C:/Users/Jon.Brodziak/Desktop/New RUN1/faces_ex192.inp"
193,"faces_ex193.inp","Poisson",1,2,710404582,1,25,50,100,"C:/Users/Jon.Brodziak/Desktop/New RUN1/faces_ex193.inp"
194,"faces_ex194.inp","Poisson",1,4,1695428616,1,25,50,100,"C:/Users/Jon.Brodziak/Desktop/New RUN1/faces_ex194.inp"
195,"faces_ex195.inp","Poisson",1,8,1289890244,1,25,50,100,"C:/Users/Jon.Brodziak/Desktop/New RUN1/faces_ex195.inp"
196,"faces_ex196.inp","Poisson",1,2,1442569078,1,25,50,100,"C:/Users/Jon.Brodziak/Desktop/New RUN1/faces_ex196.inp"
197,"faces_ex197.inp","Poisson",1,4,547246829,1,25,50,100,"C:/Users/Jon.Brodziak/Desktop/New RUN1/faces_ex197.inp"
198,"faces_ex198.inp","Poisson",1,8,155611438,1,25,50,100,"C:/Users/Jon.Brodziak/Desktop/New RUN1/faces_ex198.inp"
199,"faces_ex199.inp","Poisson",1,2,1178298048,1,25,50,100,"C:/Users/Jon.Brodziak/Desktop/New RUN1/faces_ex199.inp"
200,"faces_ex200.inp","Poisson",1,4,1757782147,1,25,50,100,"C:/Users/Jon.Brodziak/Desktop/New RUN1/faces_ex200.inp"
201,"faces_ex201.inp","Poisson",1,8,440680592,1,25,50,100,"C:/Users/Jon.Brodziak/Desktop/New RUN1/faces_ex201.inp"
202,"faces_ex202.inp","Poisson",1,2,136932949,1,25,50,100,"C:/Users/Jon.Brodziak/Desktop/New RUN1/faces_ex202.inp"
203,"faces_ex203.inp","Poisson",1,4,299478761,1,25,50,100,"C:/Users/Jon.Brodziak/Desktop/New RUN1/faces_ex203.inp"
204,"faces_ex204.inp","Poisson",1,8,1642856736,1,25,50,100,"C:/Users/Jon.Brodziak/Desktop/New RUN1/faces_ex204.inp"
205,"faces_ex205.inp","Poisson",1,2,595426284,1,25,50,100,"C:/Users/Jon.Brodziak/Desktop/New RUN1/faces_ex205.inp"
206,"faces_ex206.inp","Poisson",1,4,1450565700,1,25,50,100,"C:/Users/Jon.Brodziak/Desktop/New RUN1/faces_ex206.inp"
207,"faces_ex207.inp","Poisson",1,8,1228731827,1,25,50,100,"C:/Users/Jon.Brodziak/Desktop/New RUN1/faces_ex207.inp"
208,"faces_ex208.inp","Poisson",1,2,1448317136,1,25,50,100,"C:/Users/Jon.Brodziak/Desktop/New RUN1/faces_ex208.inp"
209,"faces_ex209.inp","Poisson",1,4,1399197634,1,25,50,100,"C:/Users/Jon.Brodziak/Desktop/New RUN1/faces_ex209.inp"
210,"faces_ex210.inp","Poisson",1,8,841758260,1,25,50,100,"C:/Users/Jon.Brodziak/Desktop/New RUN1/faces_ex210.inp"
211,"faces_ex211.inp","Poisson",1,2,1908989303,1,25,50,100,"C:/Users/Jon.Brodziak/Desktop/New RUN1/faces_ex211.inp"
212,"faces_ex212.inp","Poisson",1,4,1526185355,1,25,50,100,"C:/Users/Jon.Brodziak/Desktop/New RUN1/faces_ex212.inp"
213,"faces_ex213.inp","Poisson",1,8,1848797764,1,25,50,100,"C:/Users/Jon.Brodziak/Desktop/New RUN1/faces_ex213.inp"
214,"faces_ex214.inp","Poisson",1,2,1710127972,1,25,50,100,"C:/Users/Jon.Brodziak/Desktop/New RUN1/faces_ex214.inp"
215,"faces_ex215.inp","Poisson",1,4,1366714710,1,25,50,100,"C:/Users/Jon.Brodziak/Desktop/New RUN1/faces_ex215.inp"
216,"faces_ex216.inp","Poisson",1,8,314913147,1,25,50,100,"C:/Users/Jon.Brodziak/Desktop/New RUN1/faces_ex216.inp"
217,"faces_ex217.inp","Poisson",1,2,493455964,1,25,50,100,"C:/Users/Jon.Brodziak/Desktop/New RUN1/faces_ex217.inp"
218,"faces_ex218.inp","Poisson",1,4,1719151107,1,25,50,100,"C:/Users/Jon.Brodziak/Desktop/New RUN1/faces_ex218.inp"
219,"faces_ex219.inp","Poisson",1,8,765084225,1,25,50,100,"C:/Users/Jon.Brodziak/Desktop/New RUN1/faces_ex219.inp"
220,"faces_ex220.inp","Poisson",1,2,652621891,1,25,50,100,"C:/Users/Jon.Brodziak/Desktop/New RUN1/faces_ex220.inp"
221,"faces_ex221.inp","Poisson",1,4,1772416031,1,25,50,100,"C:/Users/Jon.Brodziak/Desktop/New RUN1/faces_ex221.inp"
222,"faces_ex222.inp","Poisson",1,8,753724194,1,25,50,100,"C:/Users/Jon.Brodziak/Desktop/New RUN1/faces_ex222.inp"
223,"faces_ex223.inp","Poisson",1,2,1819953617,1,25,50,100,"C:/Users/Jon.Brodziak/Desktop/New RUN1/faces_ex223.inp"
224,"faces_ex224.inp","Poisson",1,4,497209916,1,25,50,100,"C:/Users/Jon.Brodziak/Desktop/New RUN1/faces_ex224.inp"
225,"faces_ex225.inp","Poisson",1,8,1529963976,1,25,50,100,"C:/Users/Jon.Brodziak/Desktop/New RUN1/faces_ex225.inp"
226,"faces_ex226.inp","Poisson",1,2,75598727,1,25,50,100,"C:/Users/Jon.Brodziak/Desktop/New RUN1/faces_ex226.inp"
227,"faces_ex227.inp","Poisson",1,4,60574290,1,25,50,100,"C:/Users/Jon.Brodziak/Desktop/New RUN1/faces_ex227.inp"
228,"faces_ex228.inp","Poisson",1,8,1274405949,1,25,50,100,"C:/Users/Jon.Brodziak/Desktop/New RUN1/faces_ex228.inp"
229,"faces_ex229.inp","Poisson",1,2,2061614699,1,25,50,100,"C:/Users/Jon.Brodziak/Desktop/New RUN1/faces_ex229.inp"
230,"faces_ex230.inp","Poisson",1,4,1635869097,1,25,50,100,"C:/Users/Jon.Brodziak/Desktop/New RUN1/faces_ex230.inp"
231,"faces_ex231.inp","Poisson",1,8,1148201211,1,25,50,100,"C:/Users/Jon.Brodziak/Desktop/New RUN1/faces_ex231.inp"
232,"faces_ex232.inp","Poisson",1,2,1499818299,1,25,50,100,"C:/Users/Jon.Brodziak/Desktop/New RUN1/faces_ex232.inp"
233,"faces_ex233.inp","Poisson",1,4,518512123,1,25,50,100,"C:/Users/Jon.Brodziak/Desktop/New RUN1/faces_ex233.inp"
234,"faces_ex234.inp","Poisson",1,8,347110065,1,25,50,100,"C:/Users/Jon.Brodziak/Desktop/New RUN1/faces_ex234.inp"
235,"faces_ex235.inp","Poisson",1,2,158877690,1,25,50,100,"C:/Users/Jon.Brodziak/Desktop/New RUN1/faces_ex235.inp"
236,"faces_ex236.inp","Poisson",1,4,1418572265,1,25,50,100,"C:/Users/Jon.Brodziak/Desktop/New RUN1/faces_ex236.inp"
237,"faces_ex237.inp","Poisson",1,8,1442890218,1,25,50,100,"C:/Users/Jon.Brodziak/Desktop/New RUN1/faces_ex237.inp"
238,"faces_ex238.inp","Poisson",1,2,1225117784,1,25,50,100,"C:/Users/Jon.Brodziak/Desktop/New RUN1/faces_ex238.inp"
239,"faces_ex239.inp","Poisson",1,4,1215770640,1,25,50,100,"C:/Users/Jon.Brodziak/Desktop/New RUN1/faces_ex239.inp"
240,"faces_ex240.inp","Poisson",1,8,1939491581,1,25,50,100,"C:/Users/Jon.Brodziak/Desktop/New RUN1/faces_ex240.inp"
241,"faces_ex241.inp","Poisson",1,2,993354233,1,25,50,100,"C:/Users/Jon.Brodziak/Desktop/New RUN1/faces_ex241.inp"
242,"faces_ex242.inp","Poisson",1,4,1487470064,1,25,50,100,"C:/Users/Jon.Brodziak/Desktop/New RUN1/faces_ex242.inp"
243,"faces_ex243.inp","Poisson",1,8,991686061,1,25,50,100,"C:/Users/Jon.Brodziak/Desktop/New RUN1/faces_ex243.inp"
244,"faces_ex244.inp","Lognormal",2,2,285721091,1,25,50,100,"C:/Users/Jon.Brodziak/Desktop/New RUN1/faces_ex244.inp"
245,"faces_ex245.inp","Lognormal",2,4,248075639,1,25,50,100,"C:/Users/Jon.Brodziak/Desktop/New RUN1/faces_ex245.inp"
246,"faces_ex246.inp","Lognormal",2,8,765108275,1,25,50,100,"C:/Users/Jon.Brodziak/Desktop/New RUN1/faces_ex246.inp"
247,"faces_ex247.inp","Lognormal",2,2,1717451287,1,25,50,100,"C:/Users/Jon.Brodziak/Desktop/New RUN1/faces_ex247.inp"
248,"faces_ex248.inp","Lognormal",2,4,353158941,1,25,50,100,"C:/Users/Jon.Brodziak/Desktop/New RUN1/faces_ex248.inp"
249,"faces_ex249.inp","Lognormal",2,8,2072299060,1,25,50,100,"C:/Users/Jon.Brodziak/Desktop/New RUN1/faces_ex249.inp"
250,"faces_ex250.inp","Lognormal",2,2,1670375318,1,25,50,100,"C:/Users/Jon.Brodziak/Desktop/New RUN1/faces_ex250.inp"
251,"faces_ex251.inp","Lognormal",2,4,700461552,1,25,50,100,"C:/Users/Jon.Brodziak/Desktop/New RUN1/faces_ex251.inp"
252,"faces_ex252.inp","Lognormal",2,8,1536782890,1,25,50,100,"C:/Users/Jon.Brodziak/Desktop/New RUN1/faces_ex252.inp"
253,"faces_ex253.inp","Lognormal",2,2,1050473765,1,25,50,100,"C:/Users/Jon.Brodziak/Desktop/New RUN1/faces_ex253.inp"
254,"faces_ex254.inp","Lognormal",2,4,1004405028,1,25,50,100,"C:/Users/Jon.Brodziak/Desktop/New RUN1/faces_ex254.inp"
255,"faces_ex255.inp","Lognormal",2,8,1023287417,1,25,50,100,"C:/Users/Jon.Brodziak/Desktop/New RUN1/faces_ex255.inp"
256,"faces_ex256.inp","Lognormal",2,2,1694096510,1,25,50,100,"C:/Users/Jon.Brodziak/Desktop/New RUN1/faces_ex256.inp"
257,"faces_ex257.inp","Lognormal",2,4,738205816,1,25,50,100,"C:/Users/Jon.Brodziak/Desktop/New RUN1/faces_ex257.inp"
258,"faces_ex258.inp","Lognormal",2,8,1350005299,1,25,50,100,"C:/Users/Jon.Brodziak/Desktop/New RUN1/faces_ex258.inp"
259,"faces_ex259.inp","Lognormal",2,2,222812555,1,25,50,100,"C:/Users/Jon.Brodziak/Desktop/New RUN1/faces_ex259.inp"
260,"faces_ex260.inp","Lognormal",2,4,629191000,1,25,50,100,"C:/Users/Jon.Brodziak/Desktop/New RUN1/faces_ex260.inp"
261,"faces_ex261.inp","Lognormal",2,8,538954173,1,25,50,100,"C:/Users/Jon.Brodziak/Desktop/New RUN1/faces_ex261.inp"
262,"faces_ex262.inp","Lognormal",2,2,1505523433,1,25,50,100,"C:/Users/Jon.Brodziak/Desktop/New RUN1/faces_ex262.inp"
263,"faces_ex263.inp","Lognormal",2,4,1109636730,1,25,50,100,"C:/Users/Jon.Brodziak/Desktop/New RUN1/faces_ex263.inp"
264,"faces_ex264.inp","Lognormal",2,8,384359027,1,25,50,100,"C:/Users/Jon.Brodziak/Desktop/New RUN1/faces_ex264.inp"
265,"faces_ex265.inp","Lognormal",2,2,1078431260,1,25,50,100,"C:/Users/Jon.Brodziak/Desktop/New RUN1/faces_ex265.inp"
266,"faces_ex266.inp","Lognormal",2,4,509589971,1,25,50,100,"C:/Users/Jon.Brodziak/Desktop/New RUN1/faces_ex266.inp"
267,"faces_ex267.inp","Lognormal",2,8,849940395,1,25,50,100,"C:/Users/Jon.Brodziak/Desktop/New RUN1/faces_ex267.inp"
268,"faces_ex268.inp","Lognormal",2,2,85266695,1,25,50,100,"C:/Users/Jon.Brodziak/Desktop/New RUN1/faces_ex268.inp"
269,"faces_ex269.inp","Lognormal",2,4,429624728,1,25,50,100,"C:/Users/Jon.Brodziak/Desktop/New RUN1/faces_ex269.inp"
270,"faces_ex270.inp","Lognormal",2,8,2110318562,1,25,50,100,"C:/Users/Jon.Brodziak/Desktop/New RUN1/faces_ex270.inp"
271,"faces_ex271.inp","Lognormal",2,2,809242564,1,25,50,100,"C:/Users/Jon.Brodziak/Desktop/New RUN1/faces_ex271.inp"
272,"faces_ex272.inp","Lognormal",2,4,1007483460,1,25,50,100,"C:/Users/Jon.Brodziak/Desktop/New RUN1/faces_ex272.inp"
273,"faces_ex273.inp","Lognormal",2,8,1951608264,1,25,50,100,"C:/Users/Jon.Brodziak/Desktop/New RUN1/faces_ex273.inp"
274,"faces_ex274.inp","Lognormal",2,2,7399143,1,25,50,100,"C:/Users/Jon.Brodziak/Desktop/New RUN1/faces_ex274.inp"
275,"faces_ex275.inp","Lognormal",2,4,1321430166,1,25,50,100,"C:/Users/Jon.Brodziak/Desktop/New RUN1/faces_ex275.inp"
276,"faces_ex276.inp","Lognormal",2,8,2104263968,1,25,50,100,"C:/Users/Jon.Brodziak/Desktop/New RUN1/faces_ex276.inp"
277,"faces_ex277.inp","Lognormal",2,2,749710942,1,25,50,100,"C:/Users/Jon.Brodziak/Desktop/New RUN1/faces_ex277.inp"
278,"faces_ex278.inp","Lognormal",2,4,868634434,1,25,50,100,"C:/Users/Jon.Brodziak/Desktop/New RUN1/faces_ex278.inp"
279,"faces_ex279.inp","Lognormal",2,8,297316036,1,25,50,100,"C:/Users/Jon.Brodziak/Desktop/New RUN1/faces_ex279.inp"
280,"faces_ex280.inp","Lognormal",2,2,1080061576,1,25,50,100,"C:/Users/Jon.Brodziak/Desktop/New RUN1/faces_ex280.inp"
281,"faces_ex281.inp","Lognormal",2,4,315876527,1,25,50,100,"C:/Users/Jon.Brodziak/Desktop/New RUN1/faces_ex281.inp"
282,"faces_ex282.inp","Lognormal",2,8,963069788,1,25,50,100,"C:/Users/Jon.Brodziak/Desktop/New RUN1/faces_ex282.inp"
283,"faces_ex283.inp","Lognormal",2,2,1926387990,1,25,50,100,"C:/Users/Jon.Brodziak/Desktop/New RUN1/faces_ex283.inp"
284,"faces_ex284.inp","Lognormal",2,4,289944215,1,25,50,100,"C:/Users/Jon.Brodziak/Desktop/New RUN1/faces_ex284.inp"
285,"faces_ex285.inp","Lognormal",2,8,803503341,1,25,50,100,"C:/Users/Jon.Brodziak/Desktop/New RUN1/faces_ex285.inp"
286,"faces_ex286.inp","Lognormal",2,2,1002408450,1,25,50,100,"C:/Users/Jon.Brodziak/Desktop/New RUN1/faces_ex286.inp"
287,"faces_ex287.inp","Lognormal",2,4,1256840148,1,25,50,100,"C:/Users/Jon.Brodziak/Desktop/New RUN1/faces_ex287.inp"
288,"faces_ex288.inp","Lognormal",2,8,1090036699,1,25,50,100,"C:/Users/Jon.Brodziak/Desktop/New RUN1/faces_ex288.inp"
289,"faces_ex289.inp","Lognormal",2,2,2007528722,1,25,50,100,"C:/Users/Jon.Brodziak/Desktop/New RUN1/faces_ex289.inp"
290,"faces_ex290.inp","Lognormal",2,4,1785880529,1,25,50,100,"C:/Users/Jon.Brodziak/Desktop/New RUN1/faces_ex290.inp"
291,"faces_ex291.inp","Lognormal",2,8,838896178,1,25,50,100,"C:/Users/Jon.Brodziak/Desktop/New RUN1/faces_ex291.inp"
292,"faces_ex292.inp","Lognormal",2,2,191360428,1,25,50,100,"C:/Users/Jon.Brodziak/Desktop/New RUN1/faces_ex292.inp"
293,"faces_ex293.inp","Lognormal",2,4,1195409652,1,25,50,100,"C:/Users/Jon.Brodziak/Desktop/New RUN1/faces_ex293.inp"
294,"faces_ex294.inp","Lognormal",2,8,174072208,1,25,50,100,"C:/Users/Jon.Brodziak/Desktop/New RUN1/faces_ex294.inp"
295,"faces_ex295.inp","Lognormal",2,2,1008623993,1,25,50,100,"C:/Users/Jon.Brodziak/Desktop/New RUN1/faces_ex295.inp"
296,"faces_ex296.inp","Lognormal",2,4,7388811,1,25,50,100,"C:/Users/Jon.Brodziak/Desktop/New RUN1/faces_ex296.inp"
297,"faces_ex297.inp","Lognormal",2,8,1932356170,1,25,50,100,"C:/Users/Jon.Brodziak/Desktop/New RUN1/faces_ex297.inp"
298,"faces_ex298.inp","Lognormal",2,2,1749933487,1,25,50,100,"C:/Users/Jon.Brodziak/Desktop/New RUN1/faces_ex298.inp"
299,"faces_ex299.inp","Lognormal",2,4,1455862352,1,25,50,100,"C:/Users/Jon.Brodziak/Desktop/New RUN1/faces_ex299.inp"
300,"faces_ex300.inp","Lognormal",2,8,125649977,1,25,50,100,"C:/Users/Jon.Brodziak/Desktop/New RUN1/faces_ex300.inp"
301,"faces_ex301.inp","Lognormal",2,2,1758432873,1,25,50,100,"C:/Users/Jon.Brodziak/Desktop/New RUN1/faces_ex301.inp"
302,"faces_ex302.inp","Lognormal",2,4,652367999,1,25,50,100,"C:/Users/Jon.Brodziak/Desktop/New RUN1/faces_ex302.inp"
303,"faces_ex303.inp","Lognormal",2,8,1959254911,1,25,50,100,"C:/Users/Jon.Brodziak/Desktop/New RUN1/faces_ex303.inp"
304,"faces_ex304.inp","Lognormal",2,2,2032181348,1,25,50,100,"C:/Users/Jon.Brodziak/Desktop/New RUN1/faces_ex304.inp"
305,"faces_ex305.inp","Lognormal",2,4,1686636751,1,25,50,100,"C:/Users/Jon.Brodziak/Desktop/New RUN1/faces_ex305.inp"
306,"faces_ex306.inp","Lognormal",2,8,2029703005,1,25,50,100,"C:/Users/Jon.Brodziak/Desktop/New RUN1/faces_ex306.inp"
307,"faces_ex307.inp","Lognormal",2,2,548889813,1,25,50,100,"C:/Users/Jon.Brodziak/Desktop/New RUN1/faces_ex307.inp"
308,"faces_ex308.inp","Lognormal",2,4,683036050,1,25,50,100,"C:/Users/Jon.Brodziak/Desktop/New RUN1/faces_ex308.inp"
309,"faces_ex309.inp","Lognormal",2,8,1948995925,1,25,50,100,"C:/Users/Jon.Brodziak/Desktop/New RUN1/faces_ex309.inp"
310,"faces_ex310.inp","Lognormal",2,2,297347142,1,25,50,100,"C:/Users/Jon.Brodziak/Desktop/New RUN1/faces_ex310.inp"
311,"faces_ex311.inp","Lognormal",2,4,1280548440,1,25,50,100,"C:/Users/Jon.Brodziak/Desktop/New RUN1/faces_ex311.inp"
312,"faces_ex312.inp","Lognormal",2,8,307600862,1,25,50,100,"C:/Users/Jon.Brodziak/Desktop/New RUN1/faces_ex312.inp"
313,"faces_ex313.inp","Lognormal",2,2,1578892812,1,25,50,100,"C:/Users/Jon.Brodziak/Desktop/New RUN1/faces_ex313.inp"
314,"faces_ex314.inp","Lognormal",2,4,873011248,1,25,50,100,"C:/Users/Jon.Brodziak/Desktop/New RUN1/faces_ex314.inp"
315,"faces_ex315.inp","Lognormal",2,8,1817406195,1,25,50,100,"C:/Users/Jon.Brodziak/Desktop/New RUN1/faces_ex315.inp"
316,"faces_ex316.inp","Lognormal",2,2,314919942,1,25,50,100,"C:/Users/Jon.Brodziak/Desktop/New RUN1/faces_ex316.inp"
317,"faces_ex317.inp","Lognormal",2,4,1847517806,1,25,50,100,"C:/Users/Jon.Brodziak/Desktop/New RUN1/faces_ex317.inp"
318,"faces_ex318.inp","Lognormal",2,8,677443099,1,25,50,100,"C:/Users/Jon.Brodziak/Desktop/New RUN1/faces_ex318.inp"
319,"faces_ex319.inp","Lognormal",2,2,865808721,1,25,50,100,"C:/Users/Jon.Brodziak/Desktop/New RUN1/faces_ex319.inp"
320,"faces_ex320.inp","Lognormal",2,4,140126373,1,25,50,100,"C:/Users/Jon.Brodziak/Desktop/New RUN1/faces_ex320.inp"
321,"faces_ex321.inp","Lognormal",2,8,762943800,1,25,50,100,"C:/Users/Jon.Brodziak/Desktop/New RUN1/faces_ex321.inp"
322,"faces_ex322.inp","Lognormal",2,2,201001534,1,25,50,100,"C:/Users/Jon.Brodziak/Desktop/New RUN1/faces_ex322.inp"
323,"faces_ex323.inp","Lognormal",2,4,1657430578,1,25,50,100,"C:/Users/Jon.Brodziak/Desktop/New RUN1/faces_ex323.inp"
324,"faces_ex324.inp","Lognormal",2,8,833973571,1,25,50,100,"C:/Users/Jon.Brodziak/Desktop/New RUN1/faces_ex324.inp"
325,"faces_ex325.inp","Lognormal",2,2,894361053,1,25,50,100,"C:/Users/Jon.Brodziak/Desktop/New RUN1/faces_ex325.inp"
326,"faces_ex326.inp","Lognormal",2,4,2074678212,1,25,50,100,"C:/Users/Jon.Brodziak/Desktop/New RUN1/faces_ex326.inp"
327,"faces_ex327.inp","Lognormal",2,8,1750943253,1,25,50,100,"C:/Users/Jon.Brodziak/Desktop/New RUN1/faces_ex327.inp"
328,"faces_ex328.inp","Lognormal",2,2,1065015377,1,25,50,100,"C:/Users/Jon.Brodziak/Desktop/New RUN1/faces_ex328.inp"
329,"faces_ex329.inp","Lognormal",2,4,2120418113,1,25,50,100,"C:/Users/Jon.Brodziak/Desktop/New RUN1/faces_ex329.inp"
330,"faces_ex330.inp","Lognormal",2,8,1647047660,1,25,50,100,"C:/Users/Jon.Brodziak/Desktop/New RUN1/faces_ex330.inp"
331,"faces_ex331.inp","Lognormal",2,2,1178091810,1,25,50,100,"C:/Users/Jon.Brodziak/Desktop/New RUN1/faces_ex331.inp"
332,"faces_ex332.inp","Lognormal",2,4,231059239,1,25,50,100,"C:/Users/Jon.Brodziak/Desktop/New RUN1/faces_ex332.inp"
333,"faces_ex333.inp","Lognormal",2,8,442875029,1,25,50,100,"C:/Users/Jon.Brodziak/Desktop/New RUN1/faces_ex333.inp"
334,"faces_ex334.inp","Lognormal",2,2,1523969620,1,25,50,100,"C:/Users/Jon.Brodziak/Desktop/New RUN1/faces_ex334.inp"
335,"faces_ex335.inp","Lognormal",2,4,1439854523,1,25,50,100,"C:/Users/Jon.Brodziak/Desktop/New RUN1/faces_ex335.inp"
336,"faces_ex336.inp","Lognormal",2,8,28655559,1,25,50,100,"C:/Users/Jon.Brodziak/Desktop/New RUN1/faces_ex336.inp"
337,"faces_ex337.inp","Lognormal",2,2,1474227840,1,25,50,100,"C:/Users/Jon.Brodziak/Desktop/New RUN1/faces_ex337.inp"
338,"faces_ex338.inp","Lognormal",2,4,1538661439,1,25,50,100,"C:/Users/Jon.Brodziak/Desktop/New RUN1/faces_ex338.inp"
339,"faces_ex339.inp","Lognormal",2,8,1062990260,1,25,50,100,"C:/Users/Jon.Brodziak/Desktop/New RUN1/faces_ex339.inp"
340,"faces_ex340.inp","Lognormal",2,2,1351347490,1,25,50,100,"C:/Users/Jon.Brodziak/Desktop/New RUN1/faces_ex340.inp"
341,"faces_ex341.inp","Lognormal",2,4,318827451,1,25,50,100,"C:/Users/Jon.Brodziak/Desktop/New RUN1/faces_ex341.inp"
342,"faces_ex342.inp","Lognormal",2,8,259478287,1,25,50,100,"C:/Users/Jon.Brodziak/Desktop/New RUN1/faces_ex342.inp"
343,"faces_ex343.inp","Lognormal",2,2,2012022646,1,25,50,100,"C:/Users/Jon.Brodziak/Desktop/New RUN1/faces_ex343.inp"
344,"faces_ex344.inp","Lognormal",2,4,1880703998,1,25,50,100,"C:/Users/Jon.Brodziak/Desktop/New RUN1/faces_ex344.inp"
345,"faces_ex345.inp","Lognormal",2,8,524761988,1,25,50,100,"C:/Users/Jon.Brodziak/Desktop/New RUN1/faces_ex345.inp"
346,"faces_ex346.inp","Lognormal",2,2,1071458858,1,25,50,100,"C:/Users/Jon.Brodziak/Desktop/New RUN1/faces_ex346.inp"
347,"faces_ex347.inp","Lognormal",2,4,676666845,1,25,50,100,"C:/Users/Jon.Brodziak/Desktop/New RUN1/faces_ex347.inp"
348,"faces_ex348.inp","Lognormal",2,8,1176548778,1,25,50,100,"C:/Users/Jon.Brodziak/Desktop/New RUN1/faces_ex348.inp"
349,"faces_ex349.inp","Lognormal",2,2,107082473,1,25,50,100,"C:/Users/Jon.Brodziak/Desktop/New RUN1/faces_ex349.inp"
350,"faces_ex350.inp","Lognormal",2,4,300249559,1,25,50,100,"C:/Users/Jon.Brodziak/Desktop/New RUN1/faces_ex350.inp"
351,"faces_ex351.inp","Lognormal",2,8,1914485758,1,25,50,100,"C:/Users/Jon.Brodziak/Desktop/New RUN1/faces_ex351.inp"
352,"faces_ex352.inp","Lognormal",2,2,942022221,1,25,50,100,"C:/Users/Jon.Brodziak/Desktop/New RUN1/faces_ex352.inp"
353,"faces_ex353.inp","Lognormal",2,4,1321624141,1,25,50,100,"C:/Users/Jon.Brodziak/Desktop/New RUN1/faces_ex353.inp"
354,"faces_ex354.inp","Lognormal",2,8,1637344995,1,25,50,100,"C:/Users/Jon.Brodziak/Desktop/New RUN1/faces_ex354.inp"
355,"faces_ex355.inp","Lognormal",2,2,670810646,1,25,50,100,"C:/Users/Jon.Brodziak/Desktop/New RUN1/faces_ex355.inp"
356,"faces_ex356.inp","Lognormal",2,4,1999854852,1,25,50,100,"C:/Users/Jon.Brodziak/Desktop/New RUN1/faces_ex356.inp"
357,"faces_ex357.inp","Lognormal",2,8,946603494,1,25,50,100,"C:/Users/Jon.Brodziak/Desktop/New RUN1/faces_ex357.inp"
358,"faces_ex358.inp","Lognormal",2,2,713731673,1,25,50,100,"C:/Users/Jon.Brodziak/Desktop/New RUN1/faces_ex358.inp"
359,"faces_ex359.inp","Lognormal",2,4,895445070,1,25,50,100,"C:/Users/Jon.Brodziak/Desktop/New RUN1/faces_ex359.inp"
360,"faces_ex360.inp","Lognormal",2,8,1385139598,1,25,50,100,"C:/Users/Jon.Brodziak/Desktop/New RUN1/faces_ex360.inp"
361,"faces_ex361.inp","Lognormal",2,2,2132991821,1,25,50,100,"C:/Users/Jon.Brodziak/Desktop/New RUN1/faces_ex361.inp"
362,"faces_ex362.inp","Lognormal",2,4,1034109945,1,25,50,100,"C:/Users/Jon.Brodziak/Desktop/New RUN1/faces_ex362.inp"
363,"faces_ex363.inp","Lognormal",2,8,711837983,1,25,50,100,"C:/Users/Jon.Brodziak/Desktop/New RUN1/faces_ex363.inp"
364,"faces_ex364.inp","Lognormal",2,2,859605669,1,25,50,100,"C:/Users/Jon.Brodziak/Desktop/New RUN1/faces_ex364.inp"
365,"faces_ex365.inp","Lognormal",2,4,662343444,1,25,50,100,"C:/Users/Jon.Brodziak/Desktop/New RUN1/faces_ex365.inp"
366,"faces_ex366.inp","Lognormal",2,8,1347836217,1,25,50,100,"C:/Users/Jon.Brodziak/Desktop/New RUN1/faces_ex366.inp"
367,"faces_ex367.inp","Lognormal",2,2,977048867,1,25,50,100,"C:/Users/Jon.Brodziak/Desktop/New RUN1/faces_ex367.inp"
368,"faces_ex368.inp","Lognormal",2,4,1905021443,1,25,50,100,"C:/Users/Jon.Brodziak/Desktop/New RUN1/faces_ex368.inp"
369,"faces_ex369.inp","Lognormal",2,8,736906767,1,25,50,100,"C:/Users/Jon.Brodziak/Desktop/New RUN1/faces_ex369.inp"
370,"faces_ex370.inp","Lognormal",2,2,1658968483,1,25,50,100,"C:/Users/Jon.Brodziak/Desktop/New RUN1/faces_ex370.inp"
371,"faces_ex371.inp","Lognormal",2,4,1107362667,1,25,50,100,"C:/Users/Jon.Brodziak/Desktop/New RUN1/faces_ex371.inp"
372,"faces_ex372.inp","Lognormal",2,8,314268688,1,25,50,100,"C:/Users/Jon.Brodziak/Desktop/New RUN1/faces_ex372.inp"
373,"faces_ex373.inp","Lognormal",2,2,1498555609,1,25,50,100,"C:/Users/Jon.Brodziak/Desktop/New RUN1/faces_ex373.inp"
374,"faces_ex374.inp","Lognormal",2,4,901397240,1,25,50,100,"C:/Users/Jon.Brodziak/Desktop/New RUN1/faces_ex374.inp"
375,"faces_ex375.inp","Lognormal",2,8,30427912,1,25,50,100,"C:/Users/Jon.Brodziak/Desktop/New RUN1/faces_ex375.inp"
376,"faces_ex376.inp","Lognormal",2,2,1094877264,1,25,50,100,"C:/Users/Jon.Brodziak/Desktop/New RUN1/faces_ex376.inp"
377,"faces_ex377.inp","Lognormal",2,4,1911100542,1,25,50,100,"C:/Users/Jon.Brodziak/Desktop/New RUN1/faces_ex377.inp"
378,"faces_ex378.inp","Lognormal",2,8,1350159615,1,25,50,100,"C:/Users/Jon.Brodziak/Desktop/New RUN1/faces_ex378.inp"
379,"faces_ex379.inp","Lognormal",2,2,576892555,1,25,50,100,"C:/Users/Jon.Brodziak/Desktop/New RUN1/faces_ex379.inp"
380,"faces_ex380.inp","Lognormal",2,4,307185522,1,25,50,100,"C:/Users/Jon.Brodziak/Desktop/New RUN1/faces_ex380.inp"
381,"faces_ex381.inp","Lognormal",2,8,1213062754,1,25,50,100,"C:/Users/Jon.Brodziak/Desktop/New RUN1/faces_ex381.inp"
382,"faces_ex382.inp","Lognormal",2,2,1893955061,1,25,50,100,"C:/Users/Jon.Brodziak/Desktop/New RUN1/faces_ex382.inp"
383,"faces_ex383.inp","Lognormal",2,4,1132262558,1,25,50,100,"C:/Users/Jon.Brodziak/Desktop/New RUN1/faces_ex383.inp"
384,"faces_ex384.inp","Lognormal",2,8,863767500,1,25,50,100,"C:/Users/Jon.Brodziak/Desktop/New RUN1/faces_ex384.inp"
385,"faces_ex385.inp","Lognormal",2,2,1036449999,1,25,50,100,"C:/Users/Jon.Brodziak/Desktop/New RUN1/faces_ex385.inp"
386,"faces_ex386.inp","Lognormal",2,4,1818058455,1,25,50,100,"C:/Users/Jon.Brodziak/Desktop/New RUN1/faces_ex386.inp"
387,"faces_ex387.inp","Lognormal",2,8,1766955115,1,25,50,100,"C:/Users/Jon.Brodziak/Desktop/New RUN1/faces_ex387.inp"
388,"faces_ex388.inp","Lognormal",2,2,633854505,1,25,50,100,"C:/Users/Jon.Brodziak/Desktop/New RUN1/faces_ex388.inp"
389,"faces_ex389.inp","Lognormal",2,4,88276163,1,25,50,100,"C:/Users/Jon.Brodziak/Desktop/New RUN1/faces_ex389.inp"
390,"faces_ex390.inp","Lognormal",2,8,914089173,1,25,50,100,"C:/Users/Jon.Brodziak/Desktop/New RUN1/faces_ex390.inp"
391,"faces_ex391.inp","Lognormal",2,2,1972756178,1,25,50,100,"C:/Users/Jon.Brodziak/Desktop/New RUN1/faces_ex391.inp"
392,"faces_ex392.inp","Lognormal",2,4,793098687,1,25,50,100,"C:/Users/Jon.Brodziak/Desktop/New RUN1/faces_ex392.inp"
393,"faces_ex393.inp","Lognormal",2,8,1661445227,1,25,50,100,"C:/Users/Jon.Brodziak/Desktop/New RUN1/faces_ex393.inp"
394,"faces_ex394.inp","Lognormal",2,2,264395575,1,25,50,100,"C:/Users/Jon.Brodziak/Desktop/New RUN1/faces_ex394.inp"
395,"faces_ex395.inp","Lognormal",2,4,444880106,1,25,50,100,"C:/Users/Jon.Brodziak/Desktop/New RUN1/faces_ex395.inp"
396,"faces_ex396.inp","Lognormal",2,8,323069885,1,25,50,100,"C:/Users/Jon.Brodziak/Desktop/New RUN1/faces_ex396.inp"
397,"faces_ex397.inp","Lognormal",2,2,953346754,1,25,50,100,"C:/Users/Jon.Brodziak/Desktop/New RUN1/faces_ex397.inp"
398,"faces_ex398.inp","Lognormal",2,4,326594394,1,25,50,100,"C:/Users/Jon.Brodziak/Desktop/New RUN1/faces_ex398.inp"
399,"faces_ex399.inp","Lognormal",2,8,350281143,1,25,50,100,"C:/Users/Jon.Brodziak/Desktop/New RUN1/faces_ex399.inp"
400,"faces_ex400.inp","Lognormal",2,2,2082059188,1,25,50,100,"C:/Users/Jon.Brodziak/Desktop/New RUN1/faces_ex400.inp"
401,"faces_ex401.inp","Lognormal",2,4,2093924527,1,25,50,100,"C:/Users/Jon.Brodziak/Desktop/New RUN1/faces_ex401.inp"
402,"faces_ex402.inp","Lognormal",2,8,855470196,1,25,50,100,"C:/Users/Jon.Brodziak/Desktop/New RUN1/faces_ex402.inp"
403,"faces_ex403.inp","Lognormal",2,2,1771597932,1,25,50,100,"C:/Users/Jon.Brodziak/Desktop/New RUN1/faces_ex403.inp"
404,"faces_ex404.inp","Lognormal",2,4,1076308239,1,25,50,100,"C:/Users/Jon.Brodziak/Desktop/New RUN1/faces_ex404.inp"
405,"faces_ex405.inp","Lognormal",2,8,670304320,1,25,50,100,"C:/Users/Jon.Brodziak/Desktop/New RUN1/faces_ex405.inp"
406,"faces_ex406.inp","Lognormal",2,2,77995157,1,25,50,100,"C:/Users/Jon.Brodziak/Desktop/New RUN1/faces_ex406.inp"
407,"faces_ex407.inp","Lognormal",2,4,1367454258,1,25,50,100,"C:/Users/Jon.Brodziak/Desktop/New RUN1/faces_ex407.inp"
408,"faces_ex408.inp","Lognormal",2,8,2142785051,1,25,50,100,"C:/Users/Jon.Brodziak/Desktop/New RUN1/faces_ex408.inp"
409,"faces_ex409.inp","Lognormal",2,2,854177502,1,25,50,100,"C:/Users/Jon.Brodziak/Desktop/New RUN1/faces_ex409.inp"
410,"faces_ex410.inp","Lognormal",2,4,1411301334,1,25,50,100,"C:/Users/Jon.Brodziak/Desktop/New RUN1/faces_ex410.inp"
411,"faces_ex411.inp","Lognormal",2,8,815632146,1,25,50,100,"C:/Users/Jon.Brodziak/Desktop/New RUN1/faces_ex411.inp"
412,"faces_ex412.inp","Lognormal",2,2,1426263626,1,25,50,100,"C:/Users/Jon.Brodziak/Desktop/New RUN1/faces_ex412.inp"
413,"faces_ex413.inp","Lognormal",2,4,1130655111,1,25,50,100,"C:/Users/Jon.Brodziak/Desktop/New RUN1/faces_ex413.inp"
414,"faces_ex414.inp","Lognormal",2,8,1887266461,1,25,50,100,"C:/Users/Jon.Brodziak/Desktop/New RUN1/faces_ex414.inp"
415,"faces_ex415.inp","Lognormal",2,2,1688430072,1,25,50,100,"C:/Users/Jon.Brodziak/Desktop/New RUN1/faces_ex415.inp"
416,"faces_ex416.inp","Lognormal",2,4,1619130175,1,25,50,100,"C:/Users/Jon.Brodziak/Desktop/New RUN1/faces_ex416.inp"
417,"faces_ex417.inp","Lognormal",2,8,1918582947,1,25,50,100,"C:/Users/Jon.Brodziak/Desktop/New RUN1/faces_ex417.inp"
418,"faces_ex418.inp","Lognormal",2,2,1291210872,1,25,50,100,"C:/Users/Jon.Brodziak/Desktop/New RUN1/faces_ex418.inp"
419,"faces_ex419.inp","Lognormal",2,4,206812545,1,25,50,100,"C:/Users/Jon.Brodziak/Desktop/New RUN1/faces_ex419.inp"
420,"faces_ex420.inp","Lognormal",2,8,557355256,1,25,50,100,"C:/Users/Jon.Brodziak/Desktop/New RUN1/faces_ex420.inp"
421,"faces_ex421.inp","Lognormal",2,2,1847932793,1,25,50,100,"C:/Users/Jon.Brodziak/Desktop/New RUN1/faces_ex421.inp"
422,"faces_ex422.inp","Lognormal",2,4,1256037435,1,25,50,100,"C:/Users/Jon.Brodziak/Desktop/New RUN1/faces_ex422.inp"
423,"faces_ex423.inp","Lognormal",2,8,1515714409,1,25,50,100,"C:/Users/Jon.Brodziak/Desktop/New RUN1/faces_ex423.inp"
424,"faces_ex424.inp","Lognormal",2,2,363931461,1,25,50,100,"C:/Users/Jon.Brodziak/Desktop/New RUN1/faces_ex424.inp"
425,"faces_ex425.inp","Lognormal",2,4,110406142,1,25,50,100,"C:/Users/Jon.Brodziak/Desktop/New RUN1/faces_ex425.inp"
426,"faces_ex426.inp","Lognormal",2,8,1325743883,1,25,50,100,"C:/Users/Jon.Brodziak/Desktop/New RUN1/faces_ex426.inp"
427,"faces_ex427.inp","Lognormal",2,2,842410577,1,25,50,100,"C:/Users/Jon.Brodziak/Desktop/New RUN1/faces_ex427.inp"
428,"faces_ex428.inp","Lognormal",2,4,586058906,1,25,50,100,"C:/Users/Jon.Brodziak/Desktop/New RUN1/faces_ex428.inp"
429,"faces_ex429.inp","Lognormal",2,8,341867300,1,25,50,100,"C:/Users/Jon.Brodziak/Desktop/New RUN1/faces_ex429.inp"
430,"faces_ex430.inp","Lognormal",2,2,773453955,1,25,50,100,"C:/Users/Jon.Brodziak/Desktop/New RUN1/faces_ex430.inp"
431,"faces_ex431.inp","Lognormal",2,4,1139519891,1,25,50,100,"C:/Users/Jon.Brodziak/Desktop/New RUN1/faces_ex431.inp"
432,"faces_ex432.inp","Lognormal",2,8,739089093,1,25,50,100,"C:/Users/Jon.Brodziak/Desktop/New RUN1/faces_ex432.inp"
433,"faces_ex433.inp","Lognormal",2,2,866886062,1,25,50,100,"C:/Users/Jon.Brodziak/Desktop/New RUN1/faces_ex433.inp"
434,"faces_ex434.inp","Lognormal",2,4,781564923,1,25,50,100,"C:/Users/Jon.Brodziak/Desktop/New RUN1/faces_ex434.inp"
435,"faces_ex435.inp","Lognormal",2,8,931465358,1,25,50,100,"C:/Users/Jon.Brodziak/Desktop/New RUN1/faces_ex435.inp"
436,"faces_ex436.inp","Lognormal",2,2,1355619265,1,25,50,100,"C:/Users/Jon.Brodziak/Desktop/New RUN1/faces_ex436.inp"
437,"faces_ex437.inp","Lognormal",2,4,503477442,1,25,50,100,"C:/Users/Jon.Brodziak/Desktop/New RUN1/faces_ex437.inp"
438,"faces_ex438.inp","Lognormal",2,8,582786713,1,25,50,100,"C:/Users/Jon.Brodziak/Desktop/New RUN1/faces_ex438.inp"
439,"faces_ex439.inp","Lognormal",2,2,359141310,1,25,50,100,"C:/Users/Jon.Brodziak/Desktop/New RUN1/faces_ex439.inp"
440,"faces_ex440.inp","Lognormal",2,4,33642251,1,25,50,100,"C:/Users/Jon.Brodziak/Desktop/New RUN1/faces_ex440.inp"
441,"faces_ex441.inp","Lognormal",2,8,594151840,1,25,50,100,"C:/Users/Jon.Brodziak/Desktop/New RUN1/faces_ex441.inp"
442,"faces_ex442.inp","Lognormal",2,2,1983608665,1,25,50,100,"C:/Users/Jon.Brodziak/Desktop/New RUN1/faces_ex442.inp"
443,"faces_ex443.inp","Lognormal",2,4,806330673,1,25,50,100,"C:/Users/Jon.Brodziak/Desktop/New RUN1/faces_ex443.inp"
444,"faces_ex444.inp","Lognormal",2,8,1414473493,1,25,50,100,"C:/Users/Jon.Brodziak/Desktop/New RUN1/faces_ex444.inp"
445,"faces_ex445.inp","Lognormal",2,2,1858209123,1,25,50,100,"C:/Users/Jon.Brodziak/Desktop/New RUN1/faces_ex445.inp"
446,"faces_ex446.inp","Lognormal",2,4,1398606692,1,25,50,100,"C:/Users/Jon.Brodziak/Desktop/New RUN1/faces_ex446.inp"
447,"faces_ex447.inp","Lognormal",2,8,49214135,1,25,50,100,"C:/Users/Jon.Brodziak/Desktop/New RUN1/faces_ex447.inp"
448,"faces_ex448.inp","Lognormal",2,2,1045888114,1,25,50,100,"C:/Users/Jon.Brodziak/Desktop/New RUN1/faces_ex448.inp"
449,"faces_ex449.inp","Lognormal",2,4,904449538,1,25,50,100,"C:/Users/Jon.Brodziak/Desktop/New RUN1/faces_ex449.inp"
450,"faces_ex450.inp","Lognormal",2,8,424288037,1,25,50,100,"C:/Users/Jon.Brodziak/Desktop/New RUN1/faces_ex450.inp"
451,"faces_ex451.inp","Lognormal",2,2,1535307683,1,25,50,100,"C:/Users/Jon.Brodziak/Desktop/New RUN1/faces_ex451.inp"
452,"faces_ex452.inp","Lognormal",2,4,1789928886,1,25,50,100,"C:/Users/Jon.Brodziak/Desktop/New RUN1/faces_ex452.inp"
453,"faces_ex453.inp","Lognormal",2,8,766970856,1,25,50,100,"C:/Users/Jon.Brodziak/Desktop/New RUN1/faces_ex453.inp"
454,"faces_ex454.inp","Lognormal",2,2,111436754,1,25,50,100,"C:/Users/Jon.Brodziak/Desktop/New RUN1/faces_ex454.inp"
455,"faces_ex455.inp","Lognormal",2,4,1560137750,1,25,50,100,"C:/Users/Jon.Brodziak/Desktop/New RUN1/faces_ex455.inp"
456,"faces_ex456.inp","Lognormal",2,8,838821986,1,25,50,100,"C:/Users/Jon.Brodziak/Desktop/New RUN1/faces_ex456.inp"
457,"faces_ex457.inp","Lognormal",2,2,1067086403,1,25,50,100,"C:/Users/Jon.Brodziak/Desktop/New RUN1/faces_ex457.inp"
458,"faces_ex458.inp","Lognormal",2,4,713228401,1,25,50,100,"C:/Users/Jon.Brodziak/Desktop/New RUN1/faces_ex458.inp"
459,"faces_ex459.inp","Lognormal",2,8,1079964007,1,25,50,100,"C:/Users/Jon.Brodziak/Desktop/New RUN1/faces_ex459.inp"
460,"faces_ex460.inp","Lognormal",2,2,1796756246,1,25,50,100,"C:/Users/Jon.Brodziak/Desktop/New RUN1/faces_ex460.inp"
461,"faces_ex461.inp","Lognormal",2,4,440788930,1,25,50,100,"C:/Users/Jon.Brodziak/Desktop/New RUN1/faces_ex461.inp"
462,"faces_ex462.inp","Lognormal",2,8,1008852285,1,25,50,100,"C:/Users/Jon.Brodziak/Desktop/New RUN1/faces_ex462.inp"
463,"faces_ex463.inp","Lognormal",2,2,515542997,1,25,50,100,"C:/Users/Jon.Brodziak/Desktop/New RUN1/faces_ex463.inp"
464,"faces_ex464.inp","Lognormal",2,4,1236087988,1,25,50,100,"C:/Users/Jon.Brodziak/Desktop/New RUN1/faces_ex464.inp"
465,"faces_ex465.inp","Lognormal",2,8,1366263136,1,25,50,100,"C:/Users/Jon.Brodziak/Desktop/New RUN1/faces_ex465.inp"
466,"faces_ex466.inp","Lognormal",2,2,173312038,1,25,50,100,"C:/Users/Jon.Brodziak/Desktop/New RUN1/faces_ex466.inp"
467,"faces_ex467.inp","Lognormal",2,4,880186845,1,25,50,100,"C:/Users/Jon.Brodziak/Desktop/New RUN1/faces_ex467.inp"
468,"faces_ex468.inp","Lognormal",2,8,912363493,1,25,50,100,"C:/Users/Jon.Brodziak/Desktop/New RUN1/faces_ex468.inp"
469,"faces_ex469.inp","Lognormal",2,2,2127960166,1,25,50,100,"C:/Users/Jon.Brodziak/Desktop/New RUN1/faces_ex469.inp"
470,"faces_ex470.inp","Lognormal",2,4,1981698794,1,25,50,100,"C:/Users/Jon.Brodziak/Desktop/New RUN1/faces_ex470.inp"
471,"faces_ex471.inp","Lognormal",2,8,578476444,1,25,50,100,"C:/Users/Jon.Brodziak/Desktop/New RUN1/faces_ex471.inp"
472,"faces_ex472.inp","Lognormal",2,2,2108112449,1,25,50,100,"C:/Users/Jon.Brodziak/Desktop/New RUN1/faces_ex472.inp"
473,"faces_ex473.inp","Lognormal",2,4,1292902093,1,25,50,100,"C:/Users/Jon.Brodziak/Desktop/New RUN1/faces_ex473.inp"
474,"faces_ex474.inp","Lognormal",2,8,920413476,1,25,50,100,"C:/Users/Jon.Brodziak/Desktop/New RUN1/faces_ex474.inp"
475,"faces_ex475.inp","Lognormal",2,2,1533746098,1,25,50,100,"C:/Users/Jon.Brodziak/Desktop/New RUN1/faces_ex475.inp"
476,"faces_ex476.inp","Lognormal",2,4,172343482,1,25,50,100,"C:/Users/Jon.Brodziak/Desktop/New RUN1/faces_ex476.inp"
477,"faces_ex477.inp","Lognormal",2,8,550078945,1,25,50,100,"C:/Users/Jon.Brodziak/Desktop/New RUN1/faces_ex477.inp"
478,"faces_ex478.inp","Lognormal",2,2,1324279511,1,25,50,100,"C:/Users/Jon.Brodziak/Desktop/New RUN1/faces_ex478.inp"
479,"faces_ex479.inp","Lognormal",2,4,700304943,1,25,50,100,"C:/Users/Jon.Brodziak/Desktop/New RUN1/faces_ex479.inp"
480,"faces_ex480.inp","Lognormal",2,8,470954971,1,25,50,100,"C:/Users/Jon.Brodziak/Desktop/New RUN1/faces_ex480.inp"
481,"faces_ex481.inp","Lognormal",2,2,1148189378,1,25,50,100,"C:/Users/Jon.Brodziak/Desktop/New RUN1/faces_ex481.inp"
482,"faces_ex482.inp","Lognormal",2,4,2114289849,1,25,50,100,"C:/Users/Jon.Brodziak/Desktop/New RUN1/faces_ex482.inp"
483,"faces_ex483.inp","Lognormal",2,8,1254882494,1,25,50,100,"C:/Users/Jon.Brodziak/Desktop/New RUN1/faces_ex483.inp"
484,"faces_ex484.inp","Lognormal",2,2,155651609,1,25,50,100,"C:/Users/Jon.Brodziak/Desktop/New RUN1/faces_ex484.inp"
485,"faces_ex485.inp","Lognormal",2,4,1009039722,1,25,50,100,"C:/Users/Jon.Brodziak/Desktop/New RUN1/faces_ex485.inp"
486,"faces_ex486.inp","Lognormal",2,8,1152531308,1,25,50,100,"C:/Users/Jon.Brodziak/Desktop/New RUN1/faces_ex486.inp"
487,"faces_ex487.inp","Negative binomial",3,2,1771143673,1,25,50,100,"C:/Users/Jon.Brodziak/Desktop/New RUN1/faces_ex487.inp"
488,"faces_ex488.inp","Negative binomial",3,4,626949545,1,25,50,100,"C:/Users/Jon.Brodziak/Desktop/New RUN1/faces_ex488.inp"
489,"faces_ex489.inp","Negative binomial",3,8,232855230,1,25,50,100,"C:/Users/Jon.Brodziak/Desktop/New RUN1/faces_ex489.inp"
490,"faces_ex490.inp","Negative binomial",3,2,1641227424,1,25,50,100,"C:/Users/Jon.Brodziak/Desktop/New RUN1/faces_ex490.inp"
491,"faces_ex491.inp","Negative binomial",3,4,566028578,1,25,50,100,"C:/Users/Jon.Brodziak/Desktop/New RUN1/faces_ex491.inp"
492,"faces_ex492.inp","Negative binomial",3,8,1296740465,1,25,50,100,"C:/Users/Jon.Brodziak/Desktop/New RUN1/faces_ex492.inp"
493,"faces_ex493.inp","Negative binomial",3,2,178400468,1,25,50,100,"C:/Users/Jon.Brodziak/Desktop/New RUN1/faces_ex493.inp"
494,"faces_ex494.inp","Negative binomial",3,4,757970458,1,25,50,100,"C:/Users/Jon.Brodziak/Desktop/New RUN1/faces_ex494.inp"
495,"faces_ex495.inp","Negative binomial",3,8,862509558,1,25,50,100,"C:/Users/Jon.Brodziak/Desktop/New RUN1/faces_ex495.inp"
496,"faces_ex496.inp","Negative binomial",3,2,436249348,1,25,50,100,"C:/Users/Jon.Brodziak/Desktop/New RUN1/faces_ex496.inp"
497,"faces_ex497.inp","Negative binomial",3,4,771125765,1,25,50,100,"C:/Users/Jon.Brodziak/Desktop/New RUN1/faces_ex497.inp"
498,"faces_ex498.inp","Negative binomial",3,8,364767927,1,25,50,100,"C:/Users/Jon.Brodziak/Desktop/New RUN1/faces_ex498.inp"
499,"faces_ex499.inp","Negative binomial",3,2,927313356,1,25,50,100,"C:/Users/Jon.Brodziak/Desktop/New RUN1/faces_ex499.inp"
500,"faces_ex500.inp","Negative binomial",3,4,298736621,1,25,50,100,"C:/Users/Jon.Brodziak/Desktop/New RUN1/faces_ex500.inp"
501,"faces_ex501.inp","Negative binomial",3,8,1137641427,1,25,50,100,"C:/Users/Jon.Brodziak/Desktop/New RUN1/faces_ex501.inp"
502,"faces_ex502.inp","Negative binomial",3,2,1075620979,1,25,50,100,"C:/Users/Jon.Brodziak/Desktop/New RUN1/faces_ex502.inp"
503,"faces_ex503.inp","Negative binomial",3,4,1970743810,1,25,50,100,"C:/Users/Jon.Brodziak/Desktop/New RUN1/faces_ex503.inp"
504,"faces_ex504.inp","Negative binomial",3,8,489715291,1,25,50,100,"C:/Users/Jon.Brodziak/Desktop/New RUN1/faces_ex504.inp"
505,"faces_ex505.inp","Negative binomial",3,2,1245406039,1,25,50,100,"C:/Users/Jon.Brodziak/Desktop/New RUN1/faces_ex505.inp"
506,"faces_ex506.inp","Negative binomial",3,4,1262522795,1,25,50,100,"C:/Users/Jon.Brodziak/Desktop/New RUN1/faces_ex506.inp"
507,"faces_ex507.inp","Negative binomial",3,8,623126479,1,25,50,100,"C:/Users/Jon.Brodziak/Desktop/New RUN1/faces_ex507.inp"
508,"faces_ex508.inp","Negative binomial",3,2,116278134,1,25,50,100,"C:/Users/Jon.Brodziak/Desktop/New RUN1/faces_ex508.inp"
509,"faces_ex509.inp","Negative binomial",3,4,1872918905,1,25,50,100,"C:/Users/Jon.Brodziak/Desktop/New RUN1/faces_ex509.inp"
510,"faces_ex510.inp","Negative binomial",3,8,2054508136,1,25,50,100,"C:/Users/Jon.Brodziak/Desktop/New RUN1/faces_ex510.inp"
511,"faces_ex511.inp","Negative binomial",3,2,1208461387,1,25,50,100,"C:/Users/Jon.Brodziak/Desktop/New RUN1/faces_ex511.inp"
512,"faces_ex512.inp","Negative binomial",3,4,1286914982,1,25,50,100,"C:/Users/Jon.Brodziak/Desktop/New RUN1/faces_ex512.inp"
513,"faces_ex513.inp","Negative binomial",3,8,2050660383,1,25,50,100,"C:/Users/Jon.Brodziak/Desktop/New RUN1/faces_ex513.inp"
514,"faces_ex514.inp","Negative binomial",3,2,2129604903,1,25,50,100,"C:/Users/Jon.Brodziak/Desktop/New RUN1/faces_ex514.inp"
515,"faces_ex515.inp","Negative binomial",3,4,2112463222,1,25,50,100,"C:/Users/Jon.Brodziak/Desktop/New RUN1/faces_ex515.inp"
516,"faces_ex516.inp","Negative binomial",3,8,1260775733,1,25,50,100,"C:/Users/Jon.Brodziak/Desktop/New RUN1/faces_ex516.inp"
517,"faces_ex517.inp","Negative binomial",3,2,744311916,1,25,50,100,"C:/Users/Jon.Brodziak/Desktop/New RUN1/faces_ex517.inp"
518,"faces_ex518.inp","Negative binomial",3,4,329257333,1,25,50,100,"C:/Users/Jon.Brodziak/Desktop/New RUN1/faces_ex518.inp"
519,"faces_ex519.inp","Negative binomial",3,8,52546863,1,25,50,100,"C:/Users/Jon.Brodziak/Desktop/New RUN1/faces_ex519.inp"
520,"faces_ex520.inp","Negative binomial",3,2,1231245267,1,25,50,100,"C:/Users/Jon.Brodziak/Desktop/New RUN1/faces_ex520.inp"
521,"faces_ex521.inp","Negative binomial",3,4,647788541,1,25,50,100,"C:/Users/Jon.Brodziak/Desktop/New RUN1/faces_ex521.inp"
522,"faces_ex522.inp","Negative binomial",3,8,379500402,1,25,50,100,"C:/Users/Jon.Brodziak/Desktop/New RUN1/faces_ex522.inp"
523,"faces_ex523.inp","Negative binomial",3,2,1943925709,1,25,50,100,"C:/Users/Jon.Brodziak/Desktop/New RUN1/faces_ex523.inp"
524,"faces_ex524.inp","Negative binomial",3,4,754854424,1,25,50,100,"C:/Users/Jon.Brodziak/Desktop/New RUN1/faces_ex524.inp"
525,"faces_ex525.inp","Negative binomial",3,8,528795413,1,25,50,100,"C:/Users/Jon.Brodziak/Desktop/New RUN1/faces_ex525.inp"
526,"faces_ex526.inp","Negative binomial",3,2,757087545,1,25,50,100,"C:/Users/Jon.Brodziak/Desktop/New RUN1/faces_ex526.inp"
527,"faces_ex527.inp","Negative binomial",3,4,220200819,1,25,50,100,"C:/Users/Jon.Brodziak/Desktop/New RUN1/faces_ex527.inp"
528,"faces_ex528.inp","Negative binomial",3,8,1441300487,1,25,50,100,"C:/Users/Jon.Brodziak/Desktop/New RUN1/faces_ex528.inp"
529,"faces_ex529.inp","Negative binomial",3,2,1197464741,1,25,50,100,"C:/Users/Jon.Brodziak/Desktop/New RUN1/faces_ex529.inp"
530,"faces_ex530.inp","Negative binomial",3,4,381242490,1,25,50,100,"C:/Users/Jon.Brodziak/Desktop/New RUN1/faces_ex530.inp"
531,"faces_ex531.inp","Negative binomial",3,8,1439758686,1,25,50,100,"C:/Users/Jon.Brodziak/Desktop/New RUN1/faces_ex531.inp"
532,"faces_ex532.inp","Negative binomial",3,2,1269687441,1,25,50,100,"C:/Users/Jon.Brodziak/Desktop/New RUN1/faces_ex532.inp"
533,"faces_ex533.inp","Negative binomial",3,4,2003990354,1,25,50,100,"C:/Users/Jon.Brodziak/Desktop/New RUN1/faces_ex533.inp"
534,"faces_ex534.inp","Negative binomial",3,8,782701685,1,25,50,100,"C:/Users/Jon.Brodziak/Desktop/New RUN1/faces_ex534.inp"
535,"faces_ex535.inp","Negative binomial",3,2,969854354,1,25,50,100,"C:/Users/Jon.Brodziak/Desktop/New RUN1/faces_ex535.inp"
536,"faces_ex536.inp","Negative binomial",3,4,2097549130,1,25,50,100,"C:/Users/Jon.Brodziak/Desktop/New RUN1/faces_ex536.inp"
537,"faces_ex537.inp","Negative binomial",3,8,1432365308,1,25,50,100,"C:/Users/Jon.Brodziak/Desktop/New RUN1/faces_ex537.inp"
538,"faces_ex538.inp","Negative binomial",3,2,1961976743,1,25,50,100,"C:/Users/Jon.Brodziak/Desktop/New RUN1/faces_ex538.inp"
539,"faces_ex539.inp","Negative binomial",3,4,881041095,1,25,50,100,"C:/Users/Jon.Brodziak/Desktop/New RUN1/faces_ex539.inp"
540,"faces_ex540.inp","Negative binomial",3,8,1132516269,1,25,50,100,"C:/Users/Jon.Brodziak/Desktop/New RUN1/faces_ex540.inp"
541,"faces_ex541.inp","Negative binomial",3,2,1640013352,1,25,50,100,"C:/Users/Jon.Brodziak/Desktop/New RUN1/faces_ex541.inp"
542,"faces_ex542.inp","Negative binomial",3,4,249914011,1,25,50,100,"C:/Users/Jon.Brodziak/Desktop/New RUN1/faces_ex542.inp"
543,"faces_ex543.inp","Negative binomial",3,8,1239444375,1,25,50,100,"C:/Users/Jon.Brodziak/Desktop/New RUN1/faces_ex543.inp"
544,"faces_ex544.inp","Negative binomial",3,2,354833358,1,25,50,100,"C:/Users/Jon.Brodziak/Desktop/New RUN1/faces_ex544.inp"
545,"faces_ex545.inp","Negative binomial",3,4,579330873,1,25,50,100,"C:/Users/Jon.Brodziak/Desktop/New RUN1/faces_ex545.inp"
546,"faces_ex546.inp","Negative binomial",3,8,2115133108,1,25,50,100,"C:/Users/Jon.Brodziak/Desktop/New RUN1/faces_ex546.inp"
547,"faces_ex547.inp","Negative binomial",3,2,1680424644,1,25,50,100,"C:/Users/Jon.Brodziak/Desktop/New RUN1/faces_ex547.inp"
548,"faces_ex548.inp","Negative binomial",3,4,1757185288,1,25,50,100,"C:/Users/Jon.Brodziak/Desktop/New RUN1/faces_ex548.inp"
549,"faces_ex549.inp","Negative binomial",3,8,1278454622,1,25,50,100,"C:/Users/Jon.Brodziak/Desktop/New RUN1/faces_ex549.inp"
550,"faces_ex550.inp","Negative binomial",3,2,937446214,1,25,50,100,"C:/Users/Jon.Brodziak/Desktop/New RUN1/faces_ex550.inp"
551,"faces_ex551.inp","Negative binomial",3,4,2102287540,1,25,50,100,"C:/Users/Jon.Brodziak/Desktop/New RUN1/faces_ex551.inp"
552,"faces_ex552.inp","Negative binomial",3,8,204227600,1,25,50,100,"C:/Users/Jon.Brodziak/Desktop/New RUN1/faces_ex552.inp"
553,"faces_ex553.inp","Negative binomial",3,2,103329361,1,25,50,100,"C:/Users/Jon.Brodziak/Desktop/New RUN1/faces_ex553.inp"
554,"faces_ex554.inp","Negative binomial",3,4,764140773,1,25,50,100,"C:/Users/Jon.Brodziak/Desktop/New RUN1/faces_ex554.inp"
555,"faces_ex555.inp","Negative binomial",3,8,1780041847,1,25,50,100,"C:/Users/Jon.Brodziak/Desktop/New RUN1/faces_ex555.inp"
556,"faces_ex556.inp","Negative binomial",3,2,1651732934,1,25,50,100,"C:/Users/Jon.Brodziak/Desktop/New RUN1/faces_ex556.inp"
557,"faces_ex557.inp","Negative binomial",3,4,440909129,1,25,50,100,"C:/Users/Jon.Brodziak/Desktop/New RUN1/faces_ex557.inp"
558,"faces_ex558.inp","Negative binomial",3,8,17816308,1,25,50,100,"C:/Users/Jon.Brodziak/Desktop/New RUN1/faces_ex558.inp"
559,"faces_ex559.inp","Negative binomial",3,2,1703174895,1,25,50,100,"C:/Users/Jon.Brodziak/Desktop/New RUN1/faces_ex559.inp"
560,"faces_ex560.inp","Negative binomial",3,4,1897557930,1,25,50,100,"C:/Users/Jon.Brodziak/Desktop/New RUN1/faces_ex560.inp"
561,"faces_ex561.inp","Negative binomial",3,8,940149255,1,25,50,100,"C:/Users/Jon.Brodziak/Desktop/New RUN1/faces_ex561.inp"
562,"faces_ex562.inp","Negative binomial",3,2,541060600,1,25,50,100,"C:/Users/Jon.Brodziak/Desktop/New RUN1/faces_ex562.inp"
563,"faces_ex563.inp","Negative binomial",3,4,290214839,1,25,50,100,"C:/Users/Jon.Brodziak/Desktop/New RUN1/faces_ex563.inp"
564,"faces_ex564.inp","Negative binomial",3,8,905526633,1,25,50,100,"C:/Users/Jon.Brodziak/Desktop/New RUN1/faces_ex564.inp"
565,"faces_ex565.inp","Negative binomial",3,2,509705178,1,25,50,100,"C:/Users/Jon.Brodziak/Desktop/New RUN1/faces_ex565.inp"
566,"faces_ex566.inp","Negative binomial",3,4,945009845,1,25,50,100,"C:/Users/Jon.Brodziak/Desktop/New RUN1/faces_ex566.inp"
567,"faces_ex567.inp","Negative binomial",3,8,2061951459,1,25,50,100,"C:/Users/Jon.Brodziak/Desktop/New RUN1/faces_ex567.inp"
568,"faces_ex568.inp","Negative binomial",3,2,1981810027,1,25,50,100,"C:/Users/Jon.Brodziak/Desktop/New RUN1/faces_ex568.inp"
569,"faces_ex569.inp","Negative binomial",3,4,279831079,1,25,50,100,"C:/Users/Jon.Brodziak/Desktop/New RUN1/faces_ex569.inp"
570,"faces_ex570.inp","Negative binomial",3,8,1918975065,1,25,50,100,"C:/Users/Jon.Brodziak/Desktop/New RUN1/faces_ex570.inp"
571,"faces_ex571.inp","Negative binomial",3,2,1837095533,1,25,50,100,"C:/Users/Jon.Brodziak/Desktop/New RUN1/faces_ex571.inp"
572,"faces_ex572.inp","Negative binomial",3,4,598862154,1,25,50,100,"C:/Users/Jon.Brodziak/Desktop/New RUN1/faces_ex572.inp"
573,"faces_ex573.inp","Negative binomial",3,8,114466304,1,25,50,100,"C:/Users/Jon.Brodziak/Desktop/New RUN1/faces_ex573.inp"
574,"faces_ex574.inp","Negative binomial",3,2,293845595,1,25,50,100,"C:/Users/Jon.Brodziak/Desktop/New RUN1/faces_ex574.inp"
575,"faces_ex575.inp","Negative binomial",3,4,948018269,1,25,50,100,"C:/Users/Jon.Brodziak/Desktop/New RUN1/faces_ex575.inp"
576,"faces_ex576.inp","Negative binomial",3,8,135106016,1,25,50,100,"C:/Users/Jon.Brodziak/Desktop/New RUN1/faces_ex576.inp"
577,"faces_ex577.inp","Negative binomial",3,2,2137411668,1,25,50,100,"C:/Users/Jon.Brodziak/Desktop/New RUN1/faces_ex577.inp"
578,"faces_ex578.inp","Negative binomial",3,4,1264466666,1,25,50,100,"C:/Users/Jon.Brodziak/Desktop/New RUN1/faces_ex578.inp"
579,"faces_ex579.inp","Negative binomial",3,8,728197568,1,25,50,100,"C:/Users/Jon.Brodziak/Desktop/New RUN1/faces_ex579.inp"
580,"faces_ex580.inp","Negative binomial",3,2,395253949,1,25,50,100,"C:/Users/Jon.Brodziak/Desktop/New RUN1/faces_ex580.inp"
581,"faces_ex581.inp","Negative binomial",3,4,2023351479,1,25,50,100,"C:/Users/Jon.Brodziak/Desktop/New RUN1/faces_ex581.inp"
582,"faces_ex582.inp","Negative binomial",3,8,227811150,1,25,50,100,"C:/Users/Jon.Brodziak/Desktop/New RUN1/faces_ex582.inp"
583,"faces_ex583.inp","Negative binomial",3,2,1549058347,1,25,50,100,"C:/Users/Jon.Brodziak/Desktop/New RUN1/faces_ex583.inp"
584,"faces_ex584.inp","Negative binomial",3,4,1501761074,1,25,50,100,"C:/Users/Jon.Brodziak/Desktop/New RUN1/faces_ex584.inp"
585,"faces_ex585.inp","Negative binomial",3,8,649030074,1,25,50,100,"C:/Users/Jon.Brodziak/Desktop/New RUN1/faces_ex585.inp"
586,"faces_ex586.inp","Negative binomial",3,2,910887689,1,25,50,100,"C:/Users/Jon.Brodziak/Desktop/New RUN1/faces_ex586.inp"
587,"faces_ex587.inp","Negative binomial",3,4,1721881150,1,25,50,100,"C:/Users/Jon.Brodziak/Desktop/New RUN1/faces_ex587.inp"
588,"faces_ex588.inp","Negative binomial",3,8,98803576,1,25,50,100,"C:/Users/Jon.Brodziak/Desktop/New RUN1/faces_ex588.inp"
589,"faces_ex589.inp","Negative binomial",3,2,2112061196,1,25,50,100,"C:/Users/Jon.Brodziak/Desktop/New RUN1/faces_ex589.inp"
590,"faces_ex590.inp","Negative binomial",3,4,126224882,1,25,50,100,"C:/Users/Jon.Brodziak/Desktop/New RUN1/faces_ex590.inp"
591,"faces_ex591.inp","Negative binomial",3,8,2101784026,1,25,50,100,"C:/Users/Jon.Brodziak/Desktop/New RUN1/faces_ex591.inp"
592,"faces_ex592.inp","Negative binomial",3,2,1055115951,1,25,50,100,"C:/Users/Jon.Brodziak/Desktop/New RUN1/faces_ex592.inp"
593,"faces_ex593.inp","Negative binomial",3,4,1188257108,1,25,50,100,"C:/Users/Jon.Brodziak/Desktop/New RUN1/faces_ex593.inp"
594,"faces_ex594.inp","Negative binomial",3,8,860511843,1,25,50,100,"C:/Users/Jon.Brodziak/Desktop/New RUN1/faces_ex594.inp"
595,"faces_ex595.inp","Negative binomial",3,2,554929612,1,25,50,100,"C:/Users/Jon.Brodziak/Desktop/New RUN1/faces_ex595.inp"
596,"faces_ex596.inp","Negative binomial",3,4,344869838,1,25,50,100,"C:/Users/Jon.Brodziak/Desktop/New RUN1/faces_ex596.inp"
597,"faces_ex597.inp","Negative binomial",3,8,184222991,1,25,50,100,"C:/Users/Jon.Brodziak/Desktop/New RUN1/faces_ex597.inp"
598,"faces_ex598.inp","Negative binomial",3,2,1341441230,1,25,50,100,"C:/Users/Jon.Brodziak/Desktop/New RUN1/faces_ex598.inp"
599,"faces_ex599.inp","Negative binomial",3,4,840096651,1,25,50,100,"C:/Users/Jon.Brodziak/Desktop/New RUN1/faces_ex599.inp"
600,"faces_ex600.inp","Negative binomial",3,8,949408386,1,25,50,100,"C:/Users/Jon.Brodziak/Desktop/New RUN1/faces_ex600.inp"
601,"faces_ex601.inp","Negative binomial",3,2,789979366,1,25,50,100,"C:/Users/Jon.Brodziak/Desktop/New RUN1/faces_ex601.inp"
602,"faces_ex602.inp","Negative binomial",3,4,180746033,1,25,50,100,"C:/Users/Jon.Brodziak/Desktop/New RUN1/faces_ex602.inp"
603,"faces_ex603.inp","Negative binomial",3,8,129606291,1,25,50,100,"C:/Users/Jon.Brodziak/Desktop/New RUN1/faces_ex603.inp"
604,"faces_ex604.inp","Negative binomial",3,2,1025546160,1,25,50,100,"C:/Users/Jon.Brodziak/Desktop/New RUN1/faces_ex604.inp"
605,"faces_ex605.inp","Negative binomial",3,4,511839234,1,25,50,100,"C:/Users/Jon.Brodziak/Desktop/New RUN1/faces_ex605.inp"
606,"faces_ex606.inp","Negative binomial",3,8,2140812252,1,25,50,100,"C:/Users/Jon.Brodziak/Desktop/New RUN1/faces_ex606.inp"
607,"faces_ex607.inp","Negative binomial",3,2,135499101,1,25,50,100,"C:/Users/Jon.Brodziak/Desktop/New RUN1/faces_ex607.inp"
608,"faces_ex608.inp","Negative binomial",3,4,2119443563,1,25,50,100,"C:/Users/Jon.Brodziak/Desktop/New RUN1/faces_ex608.inp"
609,"faces_ex609.inp","Negative binomial",3,8,1409033066,1,25,50,100,"C:/Users/Jon.Brodziak/Desktop/New RUN1/faces_ex609.inp"
610,"faces_ex610.inp","Negative binomial",3,2,2060908542,1,25,50,100,"C:/Users/Jon.Brodziak/Desktop/New RUN1/faces_ex610.inp"
611,"faces_ex611.inp","Negative binomial",3,4,282867765,1,25,50,100,"C:/Users/Jon.Brodziak/Desktop/New RUN1/faces_ex611.inp"
612,"faces_ex612.inp","Negative binomial",3,8,796777570,1,25,50,100,"C:/Users/Jon.Brodziak/Desktop/New RUN1/faces_ex612.inp"
613,"faces_ex613.inp","Negative binomial",3,2,782559271,1,25,50,100,"C:/Users/Jon.Brodziak/Desktop/New RUN1/faces_ex613.inp"
614,"faces_ex614.inp","Negative binomial",3,4,871162589,1,25,50,100,"C:/Users/Jon.Brodziak/Desktop/New RUN1/faces_ex614.inp"
615,"faces_ex615.inp","Negative binomial",3,8,1136902351,1,25,50,100,"C:/Users/Jon.Brodziak/Desktop/New RUN1/faces_ex615.inp"
616,"faces_ex616.inp","Negative binomial",3,2,522911145,1,25,50,100,"C:/Users/Jon.Brodziak/Desktop/New RUN1/faces_ex616.inp"
617,"faces_ex617.inp","Negative binomial",3,4,1743257227,1,25,50,100,"C:/Users/Jon.Brodziak/Desktop/New RUN1/faces_ex617.inp"
618,"faces_ex618.inp","Negative binomial",3,8,1003144978,1,25,50,100,"C:/Users/Jon.Brodziak/Desktop/New RUN1/faces_ex618.inp"
619,"faces_ex619.inp","Negative binomial",3,2,1481937490,1,25,50,100,"C:/Users/Jon.Brodziak/Desktop/New RUN1/faces_ex619.inp"
620,"faces_ex620.inp","Negative binomial",3,4,1341014241,1,25,50,100,"C:/Users/Jon.Brodziak/Desktop/New RUN1/faces_ex620.inp"
621,"faces_ex621.inp","Negative binomial",3,8,2075261305,1,25,50,100,"C:/Users/Jon.Brodziak/Desktop/New RUN1/faces_ex621.inp"
622,"faces_ex622.inp","Negative binomial",3,2,1917255897,1,25,50,100,"C:/Users/Jon.Brodziak/Desktop/New RUN1/faces_ex622.inp"
623,"faces_ex623.inp","Negative binomial",3,4,714768353,1,25,50,100,"C:/Users/Jon.Brodziak/Desktop/New RUN1/faces_ex623.inp"
624,"faces_ex624.inp","Negative binomial",3,8,1077415554,1,25,50,100,"C:/Users/Jon.Brodziak/Desktop/New RUN1/faces_ex624.inp"
625,"faces_ex625.inp","Negative binomial",3,2,808918171,1,25,50,100,"C:/Users/Jon.Brodziak/Desktop/New RUN1/faces_ex625.inp"
626,"faces_ex626.inp","Negative binomial",3,4,2031973407,1,25,50,100,"C:/Users/Jon.Brodziak/Desktop/New RUN1/faces_ex626.inp"
627,"faces_ex627.inp","Negative binomial",3,8,1940469814,1,25,50,100,"C:/Users/Jon.Brodziak/Desktop/New RUN1/faces_ex627.inp"
628,"faces_ex628.inp","Negative binomial",3,2,699020865,1,25,50,100,"C:/Users/Jon.Brodziak/Desktop/New RUN1/faces_ex628.inp"
629,"faces_ex629.inp","Negative binomial",3,4,1557728120,1,25,50,100,"C:/Users/Jon.Brodziak/Desktop/New RUN1/faces_ex629.inp"
630,"faces_ex630.inp","Negative binomial",3,8,247974865,1,25,50,100,"C:/Users/Jon.Brodziak/Desktop/New RUN1/faces_ex630.inp"
631,"faces_ex631.inp","Negative binomial",3,2,1319994863,1,25,50,100,"C:/Users/Jon.Brodziak/Desktop/New RUN1/faces_ex631.inp"
632,"faces_ex632.inp","Negative binomial",3,4,2040838335,1,25,50,100,"C:/Users/Jon.Brodziak/Desktop/New RUN1/faces_ex632.inp"
633,"faces_ex633.inp","Negative binomial",3,8,849191970,1,25,50,100,"C:/Users/Jon.Brodziak/Desktop/New RUN1/faces_ex633.inp"
634,"faces_ex634.inp","Negative binomial",3,2,159932657,1,25,50,100,"C:/Users/Jon.Brodziak/Desktop/New RUN1/faces_ex634.inp"
635,"faces_ex635.inp","Negative binomial",3,4,2040769731,1,25,50,100,"C:/Users/Jon.Brodziak/Desktop/New RUN1/faces_ex635.inp"
636,"faces_ex636.inp","Negative binomial",3,8,1519733406,1,25,50,100,"C:/Users/Jon.Brodziak/Desktop/New RUN1/faces_ex636.inp"
637,"faces_ex637.inp","Negative binomial",3,2,210003024,1,25,50,100,"C:/Users/Jon.Brodziak/Desktop/New RUN1/faces_ex637.inp"
638,"faces_ex638.inp","Negative binomial",3,4,1095211391,1,25,50,100,"C:/Users/Jon.Brodziak/Desktop/New RUN1/faces_ex638.inp"
639,"faces_ex639.inp","Negative binomial",3,8,876185766,1,25,50,100,"C:/Users/Jon.Brodziak/Desktop/New RUN1/faces_ex639.inp"
640,"faces_ex640.inp","Negative binomial",3,2,953812111,1,25,50,100,"C:/Users/Jon.Brodziak/Desktop/New RUN1/faces_ex640.inp"
641,"faces_ex641.inp","Negative binomial",3,4,913517856,1,25,50,100,"C:/Users/Jon.Brodziak/Desktop/New RUN1/faces_ex641.inp"
642,"faces_ex642.inp","Negative binomial",3,8,1434335386,1,25,50,100,"C:/Users/Jon.Brodziak/Desktop/New RUN1/faces_ex642.inp"
643,"faces_ex643.inp","Negative binomial",3,2,1128095639,1,25,50,100,"C:/Users/Jon.Brodziak/Desktop/New RUN1/faces_ex643.inp"
644,"faces_ex644.inp","Negative binomial",3,4,344345048,1,25,50,100,"C:/Users/Jon.Brodziak/Desktop/New RUN1/faces_ex644.inp"
645,"faces_ex645.inp","Negative binomial",3,8,1553768426,1,25,50,100,"C:/Users/Jon.Brodziak/Desktop/New RUN1/faces_ex645.inp"
646,"faces_ex646.inp","Negative binomial",3,2,1298403784,1,25,50,100,"C:/Users/Jon.Brodziak/Desktop/New RUN1/faces_ex646.inp"
647,"faces_ex647.inp","Negative binomial",3,4,1363370323,1,25,50,100,"C:/Users/Jon.Brodziak/Desktop/New RUN1/faces_ex647.inp"
648,"faces_ex648.inp","Negative binomial",3,8,923061926,1,25,50,100,"C:/Users/Jon.Brodziak/Desktop/New RUN1/faces_ex648.inp"
649,"faces_ex649.inp","Negative binomial",3,2,814120148,1,25,50,100,"C:/Users/Jon.Brodziak/Desktop/New RUN1/faces_ex649.inp"
650,"faces_ex650.inp","Negative binomial",3,4,806307561,1,25,50,100,"C:/Users/Jon.Brodziak/Desktop/New RUN1/faces_ex650.inp"
651,"faces_ex651.inp","Negative binomial",3,8,1889873717,1,25,50,100,"C:/Users/Jon.Brodziak/Desktop/New RUN1/faces_ex651.inp"
652,"faces_ex652.inp","Negative binomial",3,2,241381941,1,25,50,100,"C:/Users/Jon.Brodziak/Desktop/New RUN1/faces_ex652.inp"
653,"faces_ex653.inp","Negative binomial",3,4,1061340503,1,25,50,100,"C:/Users/Jon.Brodziak/Desktop/New RUN1/faces_ex653.inp"
654,"faces_ex654.inp","Negative binomial",3,8,1883535537,1,25,50,100,"C:/Users/Jon.Brodziak/Desktop/New RUN1/faces_ex654.inp"
655,"faces_ex655.inp","Negative binomial",3,2,1824793321,1,25,50,100,"C:/Users/Jon.Brodziak/Desktop/New RUN1/faces_ex655.inp"
656,"faces_ex656.inp","Negative binomial",3,4,392645876,1,25,50,100,"C:/Users/Jon.Brodziak/Desktop/New RUN1/faces_ex656.inp"
657,"faces_ex657.inp","Negative binomial",3,8,476811346,1,25,50,100,"C:/Users/Jon.Brodziak/Desktop/New RUN1/faces_ex657.inp"
658,"faces_ex658.inp","Negative binomial",3,2,1329029445,1,25,50,100,"C:/Users/Jon.Brodziak/Desktop/New RUN1/faces_ex658.inp"
659,"faces_ex659.inp","Negative binomial",3,4,1805344836,1,25,50,100,"C:/Users/Jon.Brodziak/Desktop/New RUN1/faces_ex659.inp"
660,"faces_ex660.inp","Negative binomial",3,8,437811254,1,25,50,100,"C:/Users/Jon.Brodziak/Desktop/New RUN1/faces_ex660.inp"
661,"faces_ex661.inp","Negative binomial",3,2,1415074225,1,25,50,100,"C:/Users/Jon.Brodziak/Desktop/New RUN1/faces_ex661.inp"
662,"faces_ex662.inp","Negative binomial",3,4,113267698,1,25,50,100,"C:/Users/Jon.Brodziak/Desktop/New RUN1/faces_ex662.inp"
663,"faces_ex663.inp","Negative binomial",3,8,178532208,1,25,50,100,"C:/Users/Jon.Brodziak/Desktop/New RUN1/faces_ex663.inp"
664,"faces_ex664.inp","Negative binomial",3,2,759875224,1,25,50,100,"C:/Users/Jon.Brodziak/Desktop/New RUN1/faces_ex664.inp"
665,"faces_ex665.inp","Negative binomial",3,4,89712795,1,25,50,100,"C:/Users/Jon.Brodziak/Desktop/New RUN1/faces_ex665.inp"
666,"faces_ex666.inp","Negative binomial",3,8,1635477189,1,25,50,100,"C:/Users/Jon.Brodziak/Desktop/New RUN1/faces_ex666.inp"
667,"faces_ex667.inp","Negative binomial",3,2,303709339,1,25,50,100,"C:/Users/Jon.Brodziak/Desktop/New RUN1/faces_ex667.inp"
668,"faces_ex668.inp","Negative binomial",3,4,1283910254,1,25,50,100,"C:/Users/Jon.Brodziak/Desktop/New RUN1/faces_ex668.inp"
669,"faces_ex669.inp","Negative binomial",3,8,1110208638,1,25,50,100,"C:/Users/Jon.Brodziak/Desktop/New RUN1/faces_ex669.inp"
670,"faces_ex670.inp","Negative binomial",3,2,1193796088,1,25,50,100,"C:/Users/Jon.Brodziak/Desktop/New RUN1/faces_ex670.inp"
671,"faces_ex671.inp","Negative binomial",3,4,1733366502,1,25,50,100,"C:/Users/Jon.Brodziak/Desktop/New RUN1/faces_ex671.inp"
672,"faces_ex672.inp","Negative binomial",3,8,1298909319,1,25,50,100,"C:/Users/Jon.Brodziak/Desktop/New RUN1/faces_ex672.inp"
673,"faces_ex673.inp","Negative binomial",3,2,1188196339,1,25,50,100,"C:/Users/Jon.Brodziak/Desktop/New RUN1/faces_ex673.inp"
674,"faces_ex674.inp","Negative binomial",3,4,716765648,1,25,50,100,"C:/Users/Jon.Brodziak/Desktop/New RUN1/faces_ex674.inp"
675,"faces_ex675.inp","Negative binomial",3,8,890623461,1,25,50,100,"C:/Users/Jon.Brodziak/Desktop/New RUN1/faces_ex675.inp"
676,"faces_ex676.inp","Negative binomial",3,2,2010436455,1,25,50,100,"C:/Users/Jon.Brodziak/Desktop/New RUN1/faces_ex676.inp"
677,"faces_ex677.inp","Negative binomial",3,4,891285660,1,25,50,100,"C:/Users/Jon.Brodziak/Desktop/New RUN1/faces_ex677.inp"
678,"faces_ex678.inp","Negative binomial",3,8,1949916126,1,25,50,100,"C:/Users/Jon.Brodziak/Desktop/New RUN1/faces_ex678.inp"
679,"faces_ex679.inp","Negative binomial",3,2,586984174,1,25,50,100,"C:/Users/Jon.Brodziak/Desktop/New RUN1/faces_ex679.inp"
680,"faces_ex680.inp","Negative binomial",3,4,1276601446,1,25,50,100,"C:/Users/Jon.Brodziak/Desktop/New RUN1/faces_ex680.inp"
681,"faces_ex681.inp","Negative binomial",3,8,1604314823,1,25,50,100,"C:/Users/Jon.Brodziak/Desktop/New RUN1/faces_ex681.inp"
682,"faces_ex682.inp","Negative binomial",3,2,1519116326,1,25,50,100,"C:/Users/Jon.Brodziak/Desktop/New RUN1/faces_ex682.inp"
683,"faces_ex683.inp","Negative binomial",3,4,726433270,1,25,50,100,"C:/Users/Jon.Brodziak/Desktop/New RUN1/faces_ex683.inp"
684,"faces_ex684.inp","Negative binomial",3,8,1239583611,1,25,50,100,"C:/Users/Jon.Brodziak/Desktop/New RUN1/faces_ex684.inp"
685,"faces_ex685.inp","Negative binomial",3,2,736881676,1,25,50,100,"C:/Users/Jon.Brodziak/Desktop/New RUN1/faces_ex685.inp"
686,"faces_ex686.inp","Negative binomial",3,4,1580486806,1,25,50,100,"C:/Users/Jon.Brodziak/Desktop/New RUN1/faces_ex686.inp"
687,"faces_ex687.inp","Negative binomial",3,8,1454016159,1,25,50,100,"C:/Users/Jon.Brodziak/Desktop/New RUN1/faces_ex687.inp"
688,"faces_ex688.inp","Negative binomial",3,2,1357458297,1,25,50,100,"C:/Users/Jon.Brodziak/Desktop/New RUN1/faces_ex688.inp"
689,"faces_ex689.inp","Negative binomial",3,4,1419220649,1,25,50,100,"C:/Users/Jon.Brodziak/Desktop/New RUN1/faces_ex689.inp"
690,"faces_ex690.inp","Negative binomial",3,8,1772208687,1,25,50,100,"C:/Users/Jon.Brodziak/Desktop/New RUN1/faces_ex690.inp"
691,"faces_ex691.inp","Negative binomial",3,2,1675267580,1,25,50,100,"C:/Users/Jon.Brodziak/Desktop/New RUN1/faces_ex691.inp"
692,"faces_ex692.inp","Negative binomial",3,4,188163191,1,25,50,100,"C:/Users/Jon.Brodziak/Desktop/New RUN1/faces_ex692.inp"
693,"faces_ex693.inp","Negative binomial",3,8,222360469,1,25,50,100,"C:/Users/Jon.Brodziak/Desktop/New RUN1/faces_ex693.inp"
694,"faces_ex694.inp","Negative binomial",3,2,1711238064,1,25,50,100,"C:/Users/Jon.Brodziak/Desktop/New RUN1/faces_ex694.inp"
695,"faces_ex695.inp","Negative binomial",3,4,1054781212,1,25,50,100,"C:/Users/Jon.Brodziak/Desktop/New RUN1/faces_ex695.inp"
696,"faces_ex696.inp","Negative binomial",3,8,1566185806,1,25,50,100,"C:/Users/Jon.Brodziak/Desktop/New RUN1/faces_ex696.inp"
697,"faces_ex697.inp","Negative binomial",3,2,1682920210,1,25,50,100,"C:/Users/Jon.Brodziak/Desktop/New RUN1/faces_ex697.inp"
698,"faces_ex698.inp","Negative binomial",3,4,1330671497,1,25,50,100,"C:/Users/Jon.Brodziak/Desktop/New RUN1/faces_ex698.inp"
699,"faces_ex699.inp","Negative binomial",3,8,241928819,1,25,50,100,"C:/Users/Jon.Brodziak/Desktop/New RUN1/faces_ex699.inp"
700,"faces_ex700.inp","Negative binomial",3,2,1333593324,1,25,50,100,"C:/Users/Jon.Brodziak/Desktop/New RUN1/faces_ex700.inp"
701,"faces_ex701.inp","Negative binomial",3,4,406254327,1,25,50,100,"C:/Users/Jon.Brodziak/Desktop/New RUN1/faces_ex701.inp"
702,"faces_ex702.inp","Negative binomial",3,8,836506844,1,25,50,100,"C:/Users/Jon.Brodziak/Desktop/New RUN1/faces_ex702.inp"
703,"faces_ex703.inp","Negative binomial",3,2,220967535,1,25,50,100,"C:/Users/Jon.Brodziak/Desktop/New RUN1/faces_ex703.inp"
704,"faces_ex704.inp","Negative binomial",3,4,1775026993,1,25,50,100,"C:/Users/Jon.Brodziak/Desktop/New RUN1/faces_ex704.inp"
705,"faces_ex705.inp","Negative binomial",3,8,1742834220,1,25,50,100,"C:/Users/Jon.Brodziak/Desktop/New RUN1/faces_ex705.inp"
706,"faces_ex706.inp","Negative binomial",3,2,1711329367,1,25,50,100,"C:/Users/Jon.Brodziak/Desktop/New RUN1/faces_ex706.inp"
707,"faces_ex707.inp","Negative binomial",3,4,1869507496,1,25,50,100,"C:/Users/Jon.Brodziak/Desktop/New RUN1/faces_ex707.inp"
708,"faces_ex708.inp","Negative binomial",3,8,532141300,1,25,50,100,"C:/Users/Jon.Brodziak/Desktop/New RUN1/faces_ex708.inp"
709,"faces_ex709.inp","Negative binomial",3,2,1063836238,1,25,50,100,"C:/Users/Jon.Brodziak/Desktop/New RUN1/faces_ex709.inp"
710,"faces_ex710.inp","Negative binomial",3,4,331872820,1,25,50,100,"C:/Users/Jon.Brodziak/Desktop/New RUN1/faces_ex710.inp"
711,"faces_ex711.inp","Negative binomial",3,8,50355669,1,25,50,100,"C:/Users/Jon.Brodziak/Desktop/New RUN1/faces_ex711.inp"
712,"faces_ex712.inp","Negative binomial",3,2,1655715803,1,25,50,100,"C:/Users/Jon.Brodziak/Desktop/New RUN1/faces_ex712.inp"
713,"faces_ex713.inp","Negative binomial",3,4,2024199954,1,25,50,100,"C:/Users/Jon.Brodziak/Desktop/New RUN1/faces_ex713.inp"
714,"faces_ex714.inp","Negative binomial",3,8,735692549,1,25,50,100,"C:/Users/Jon.Brodziak/Desktop/New RUN1/faces_ex714.inp"
715,"faces_ex715.inp","Negative binomial",3,2,340873567,1,25,50,100,"C:/Users/Jon.Brodziak/Desktop/New RUN1/faces_ex715.inp"
716,"faces_ex716.inp","Negative binomial",3,4,1293191943,1,25,50,100,"C:/Users/Jon.Brodziak/Desktop/New RUN1/faces_ex716.inp"
717,"faces_ex717.inp","Negative binomial",3,8,1839818860,1,25,50,100,"C:/Users/Jon.Brodziak/Desktop/New RUN1/faces_ex717.inp"
718,"faces_ex718.inp","Negative binomial",3,2,403010783,1,25,50,100,"C:/Users/Jon.Brodziak/Desktop/New RUN1/faces_ex718.inp"
719,"faces_ex719.inp","Negative binomial",3,4,1316065133,1,25,50,100,"C:/Users/Jon.Brodziak/Desktop/New RUN1/faces_ex719.inp"
720,"faces_ex720.inp","Negative binomial",3,8,1761837109,1,25,50,100,"C:/Users/Jon.Brodziak/Desktop/New RUN1/faces_ex720.inp"
721,"faces_ex721.inp","Negative binomial",3,2,1436521537,1,25,50,100,"C:/Users/Jon.Brodziak/Desktop/New RUN1/faces_ex721.inp"
722,"faces_ex722.inp","Negative binomial",3,4,359060520,1,25,50,100,"C:/Users/Jon.Brodziak/Desktop/New RUN1/faces_ex722.inp"
723,"faces_ex723.inp","Negative binomial",3,8,1894089457,1,25,50,100,"C:/Users/Jon.Brodziak/Desktop/New RUN1/faces_ex723.inp"
724,"faces_ex724.inp","Negative binomial",3,2,736585579,1,25,50,100,"C:/Users/Jon.Brodziak/Desktop/New RUN1/faces_ex724.inp"
725,"faces_ex725.inp","Negative binomial",3,4,1337670855,1,25,50,100,"C:/Users/Jon.Brodziak/Desktop/New RUN1/faces_ex725.inp"
726,"faces_ex726.inp","Negative binomial",3,8,2059298221,1,25,50,100,"C:/Users/Jon.Brodziak/Desktop/New RUN1/faces_ex726.inp"
727,"faces_ex727.inp","Negative binomial",3,2,810047618,1,25,50,100,"C:/Users/Jon.Brodziak/Desktop/New RUN1/faces_ex727.inp"
728,"faces_ex728.inp","Negative binomial",3,4,1154222961,1,25,50,100,"C:/Users/Jon.Brodziak/Desktop/New RUN1/faces_ex728.inp"
729,"faces_ex729.inp","Negative binomial",3,8,1940244254,1,25,50,100,"C:/Users/Jon.Brodziak/Desktop/New RUN1/faces_ex729.inp"
