"example_id","inp_file","design_block","dist_code","factor1","level1_code","factor2","level2_code","factor3","level3_code","factor4","level4_code","K","G","h","theta_true","theta_CV","Nmin","Nmax","nsims","random.seed","od_mult","sigma","mean_nsamp","ln_sd","nb_size","p_lbound","p_ubound"
1,"hake_ex1.inp","Poisson",1,"mean_nsamp",-1,"sigma",-1,"theta_true",-1,"G",-1,3,2,0.1,0.5,0,50,100,5,847682131,1,0.25,25,1,25,"0.0, 0.0, 0.0","1.0, 1.0, 1.0"
2,"hake_ex2.inp","Poisson",1,"mean_nsamp",-1,"sigma",-1,"theta_true",-1,"G",0,3,4,0.1,0.5,0,50,100,5,847682131,1,0.25,25,1,25,"0.0, 0.0, 0.0","1.0, 1.0, 1.0"
3,"hake_ex3.inp","Poisson",1,"mean_nsamp",-1,"sigma",-1,"theta_true",-1,"G",1,3,8,0.1,0.5,0,50,100,5,847682131,1,0.25,25,1,25,"0.0, 0.0, 0.0","1.0, 1.0, 1.0"
4,"hake_ex4.inp","Poisson",1,"mean_nsamp",-1,"sigma",-1,"theta_true",0,"G",-1,3,2,0.1,1,0,50,100,5,847682131,1,0.25,25,1,25,"0.0, 0.0, 0.0","1.0, 1.0, 1.0"
5,"hake_ex5.inp","Poisson",1,"mean_nsamp",-1,"sigma",-1,"theta_true",0,"G",0,3,4,0.1,1,0,50,100,5,847682131,1,0.25,25,1,25,"0.0, 0.0, 0.0","1.0, 1.0, 1.0"
6,"hake_ex6.inp","Poisson",1,"mean_nsamp",-1,"sigma",-1,"theta_true",0,"G",1,3,8,0.1,1,0,50,100,5,847682131,1,0.25,25,1,25,"0.0, 0.0, 0.0","1.0, 1.0, 1.0"
7,"hake_ex7.inp","Poisson",1,"mean_nsamp",-1,"sigma",-1,"theta_true",1,"G",-1,3,2,0.1,2,0,50,100,5,847682131,1,0.25,25,1,25,"0.0, 0.0, 0.0","1.0, 1.0, 1.0"
8,"hake_ex8.inp","Poisson",1,"mean_nsamp",-1,"sigma",-1,"theta_true",1,"G",0,3,4,0.1,2,0,50,100,5,847682131,1,0.25,25,1,25,"0.0, 0.0, 0.0","1.0, 1.0, 1.0"
9,"hake_ex9.inp","Poisson",1,"mean_nsamp",-1,"sigma",-1,"theta_true",1,"G",1,3,8,0.1,2,0,50,100,5,847682131,1,0.25,25,1,25,"0.0, 0.0, 0.0","1.0, 1.0, 1.0"
10,"hake_ex10.inp","Poisson",1,"mean_nsamp",-1,"sigma",0,"theta_true",-1,"G",-1,3,2,0.1,0.5,0,50,100,5,847682131,1,0.5,25,1,25,"0.0, 0.0, 0.0","1.0, 1.0, 1.0"
11,"hake_ex11.inp","Poisson",1,"mean_nsamp",-1,"sigma",0,"theta_true",-1,"G",0,3,4,0.1,0.5,0,50,100,5,847682131,1,0.5,25,1,25,"0.0, 0.0, 0.0","1.0, 1.0, 1.0"
12,"hake_ex12.inp","Poisson",1,"mean_nsamp",-1,"sigma",0,"theta_true",-1,"G",1,3,8,0.1,0.5,0,50,100,5,847682131,1,0.5,25,1,25,"0.0, 0.0, 0.0","1.0, 1.0, 1.0"
13,"hake_ex13.inp","Poisson",1,"mean_nsamp",-1,"sigma",0,"theta_true",0,"G",-1,3,2,0.1,1,0,50,100,5,847682131,1,0.5,25,1,25,"0.0, 0.0, 0.0","1.0, 1.0, 1.0"
14,"hake_ex14.inp","Poisson",1,"mean_nsamp",-1,"sigma",0,"theta_true",0,"G",0,3,4,0.1,1,0,50,100,5,847682131,1,0.5,25,1,25,"0.0, 0.0, 0.0","1.0, 1.0, 1.0"
15,"hake_ex15.inp","Poisson",1,"mean_nsamp",-1,"sigma",0,"theta_true",0,"G",1,3,8,0.1,1,0,50,100,5,847682131,1,0.5,25,1,25,"0.0, 0.0, 0.0","1.0, 1.0, 1.0"
16,"hake_ex16.inp","Poisson",1,"mean_nsamp",-1,"sigma",0,"theta_true",1,"G",-1,3,2,0.1,2,0,50,100,5,847682131,1,0.5,25,1,25,"0.0, 0.0, 0.0","1.0, 1.0, 1.0"
17,"hake_ex17.inp","Poisson",1,"mean_nsamp",-1,"sigma",0,"theta_true",1,"G",0,3,4,0.1,2,0,50,100,5,847682131,1,0.5,25,1,25,"0.0, 0.0, 0.0","1.0, 1.0, 1.0"
18,"hake_ex18.inp","Poisson",1,"mean_nsamp",-1,"sigma",0,"theta_true",1,"G",1,3,8,0.1,2,0,50,100,5,847682131,1,0.5,25,1,25,"0.0, 0.0, 0.0","1.0, 1.0, 1.0"
19,"hake_ex19.inp","Poisson",1,"mean_nsamp",-1,"sigma",1,"theta_true",-1,"G",-1,3,2,0.1,0.5,0,50,100,5,847682131,1,1,25,1,25,"0.0, 0.0, 0.0","1.0, 1.0, 1.0"
20,"hake_ex20.inp","Poisson",1,"mean_nsamp",-1,"sigma",1,"theta_true",-1,"G",0,3,4,0.1,0.5,0,50,100,5,847682131,1,1,25,1,25,"0.0, 0.0, 0.0","1.0, 1.0, 1.0"
21,"hake_ex21.inp","Poisson",1,"mean_nsamp",-1,"sigma",1,"theta_true",-1,"G",1,3,8,0.1,0.5,0,50,100,5,847682131,1,1,25,1,25,"0.0, 0.0, 0.0","1.0, 1.0, 1.0"
22,"hake_ex22.inp","Poisson",1,"mean_nsamp",-1,"sigma",1,"theta_true",0,"G",-1,3,2,0.1,1,0,50,100,5,847682131,1,1,25,1,25,"0.0, 0.0, 0.0","1.0, 1.0, 1.0"
23,"hake_ex23.inp","Poisson",1,"mean_nsamp",-1,"sigma",1,"theta_true",0,"G",0,3,4,0.1,1,0,50,100,5,847682131,1,1,25,1,25,"0.0, 0.0, 0.0","1.0, 1.0, 1.0"
24,"hake_ex24.inp","Poisson",1,"mean_nsamp",-1,"sigma",1,"theta_true",0,"G",1,3,8,0.1,1,0,50,100,5,847682131,1,1,25,1,25,"0.0, 0.0, 0.0","1.0, 1.0, 1.0"
25,"hake_ex25.inp","Poisson",1,"mean_nsamp",-1,"sigma",1,"theta_true",1,"G",-1,3,2,0.1,2,0,50,100,5,847682131,1,1,25,1,25,"0.0, 0.0, 0.0","1.0, 1.0, 1.0"
26,"hake_ex26.inp","Poisson",1,"mean_nsamp",-1,"sigma",1,"theta_true",1,"G",0,3,4,0.1,2,0,50,100,5,847682131,1,1,25,1,25,"0.0, 0.0, 0.0","1.0, 1.0, 1.0"
27,"hake_ex27.inp","Poisson",1,"mean_nsamp",-1,"sigma",1,"theta_true",1,"G",1,3,8,0.1,2,0,50,100,5,847682131,1,1,25,1,25,"0.0, 0.0, 0.0","1.0, 1.0, 1.0"
28,"hake_ex28.inp","Poisson",1,"mean_nsamp",0,"sigma",-1,"theta_true",-1,"G",-1,3,2,0.1,0.5,0,50,100,5,847682131,1,0.25,50,1,25,"0.0, 0.0, 0.0","1.0, 1.0, 1.0"
29,"hake_ex29.inp","Poisson",1,"mean_nsamp",0,"sigma",-1,"theta_true",-1,"G",0,3,4,0.1,0.5,0,50,100,5,847682131,1,0.25,50,1,25,"0.0, 0.0, 0.0","1.0, 1.0, 1.0"
30,"hake_ex30.inp","Poisson",1,"mean_nsamp",0,"sigma",-1,"theta_true",-1,"G",1,3,8,0.1,0.5,0,50,100,5,847682131,1,0.25,50,1,25,"0.0, 0.0, 0.0","1.0, 1.0, 1.0"
31,"hake_ex31.inp","Poisson",1,"mean_nsamp",0,"sigma",-1,"theta_true",0,"G",-1,3,2,0.1,1,0,50,100,5,847682131,1,0.25,50,1,25,"0.0, 0.0, 0.0","1.0, 1.0, 1.0"
32,"hake_ex32.inp","Poisson",1,"mean_nsamp",0,"sigma",-1,"theta_true",0,"G",0,3,4,0.1,1,0,50,100,5,847682131,1,0.25,50,1,25,"0.0, 0.0, 0.0","1.0, 1.0, 1.0"
33,"hake_ex33.inp","Poisson",1,"mean_nsamp",0,"sigma",-1,"theta_true",0,"G",1,3,8,0.1,1,0,50,100,5,847682131,1,0.25,50,1,25,"0.0, 0.0, 0.0","1.0, 1.0, 1.0"
34,"hake_ex34.inp","Poisson",1,"mean_nsamp",0,"sigma",-1,"theta_true",1,"G",-1,3,2,0.1,2,0,50,100,5,847682131,1,0.25,50,1,25,"0.0, 0.0, 0.0","1.0, 1.0, 1.0"
35,"hake_ex35.inp","Poisson",1,"mean_nsamp",0,"sigma",-1,"theta_true",1,"G",0,3,4,0.1,2,0,50,100,5,847682131,1,0.25,50,1,25,"0.0, 0.0, 0.0","1.0, 1.0, 1.0"
36,"hake_ex36.inp","Poisson",1,"mean_nsamp",0,"sigma",-1,"theta_true",1,"G",1,3,8,0.1,2,0,50,100,5,847682131,1,0.25,50,1,25,"0.0, 0.0, 0.0","1.0, 1.0, 1.0"
37,"hake_ex37.inp","Poisson",1,"mean_nsamp",0,"sigma",0,"theta_true",-1,"G",-1,3,2,0.1,0.5,0,50,100,5,847682131,1,0.5,50,1,25,"0.0, 0.0, 0.0","1.0, 1.0, 1.0"
38,"hake_ex38.inp","Poisson",1,"mean_nsamp",0,"sigma",0,"theta_true",-1,"G",0,3,4,0.1,0.5,0,50,100,5,847682131,1,0.5,50,1,25,"0.0, 0.0, 0.0","1.0, 1.0, 1.0"
39,"hake_ex39.inp","Poisson",1,"mean_nsamp",0,"sigma",0,"theta_true",-1,"G",1,3,8,0.1,0.5,0,50,100,5,847682131,1,0.5,50,1,25,"0.0, 0.0, 0.0","1.0, 1.0, 1.0"
40,"hake_ex40.inp","Poisson",1,"mean_nsamp",0,"sigma",0,"theta_true",0,"G",-1,3,2,0.1,1,0,50,100,5,847682131,1,0.5,50,1,25,"0.0, 0.0, 0.0","1.0, 1.0, 1.0"
41,"hake_ex41.inp","Poisson",1,"mean_nsamp",0,"sigma",0,"theta_true",0,"G",0,3,4,0.1,1,0,50,100,5,847682131,1,0.5,50,1,25,"0.0, 0.0, 0.0","1.0, 1.0, 1.0"
42,"hake_ex42.inp","Poisson",1,"mean_nsamp",0,"sigma",0,"theta_true",0,"G",1,3,8,0.1,1,0,50,100,5,847682131,1,0.5,50,1,25,"0.0, 0.0, 0.0","1.0, 1.0, 1.0"
43,"hake_ex43.inp","Poisson",1,"mean_nsamp",0,"sigma",0,"theta_true",1,"G",-1,3,2,0.1,2,0,50,100,5,847682131,1,0.5,50,1,25,"0.0, 0.0, 0.0","1.0, 1.0, 1.0"
44,"hake_ex44.inp","Poisson",1,"mean_nsamp",0,"sigma",0,"theta_true",1,"G",0,3,4,0.1,2,0,50,100,5,847682131,1,0.5,50,1,25,"0.0, 0.0, 0.0","1.0, 1.0, 1.0"
45,"hake_ex45.inp","Poisson",1,"mean_nsamp",0,"sigma",0,"theta_true",1,"G",1,3,8,0.1,2,0,50,100,5,847682131,1,0.5,50,1,25,"0.0, 0.0, 0.0","1.0, 1.0, 1.0"
46,"hake_ex46.inp","Poisson",1,"mean_nsamp",0,"sigma",1,"theta_true",-1,"G",-1,3,2,0.1,0.5,0,50,100,5,847682131,1,1,50,1,25,"0.0, 0.0, 0.0","1.0, 1.0, 1.0"
47,"hake_ex47.inp","Poisson",1,"mean_nsamp",0,"sigma",1,"theta_true",-1,"G",0,3,4,0.1,0.5,0,50,100,5,847682131,1,1,50,1,25,"0.0, 0.0, 0.0","1.0, 1.0, 1.0"
48,"hake_ex48.inp","Poisson",1,"mean_nsamp",0,"sigma",1,"theta_true",-1,"G",1,3,8,0.1,0.5,0,50,100,5,847682131,1,1,50,1,25,"0.0, 0.0, 0.0","1.0, 1.0, 1.0"
49,"hake_ex49.inp","Poisson",1,"mean_nsamp",0,"sigma",1,"theta_true",0,"G",-1,3,2,0.1,1,0,50,100,5,847682131,1,1,50,1,25,"0.0, 0.0, 0.0","1.0, 1.0, 1.0"
50,"hake_ex50.inp","Poisson",1,"mean_nsamp",0,"sigma",1,"theta_true",0,"G",0,3,4,0.1,1,0,50,100,5,847682131,1,1,50,1,25,"0.0, 0.0, 0.0","1.0, 1.0, 1.0"
51,"hake_ex51.inp","Poisson",1,"mean_nsamp",0,"sigma",1,"theta_true",0,"G",1,3,8,0.1,1,0,50,100,5,847682131,1,1,50,1,25,"0.0, 0.0, 0.0","1.0, 1.0, 1.0"
52,"hake_ex52.inp","Poisson",1,"mean_nsamp",0,"sigma",1,"theta_true",1,"G",-1,3,2,0.1,2,0,50,100,5,847682131,1,1,50,1,25,"0.0, 0.0, 0.0","1.0, 1.0, 1.0"
53,"hake_ex53.inp","Poisson",1,"mean_nsamp",0,"sigma",1,"theta_true",1,"G",0,3,4,0.1,2,0,50,100,5,847682131,1,1,50,1,25,"0.0, 0.0, 0.0","1.0, 1.0, 1.0"
54,"hake_ex54.inp","Poisson",1,"mean_nsamp",0,"sigma",1,"theta_true",1,"G",1,3,8,0.1,2,0,50,100,5,847682131,1,1,50,1,25,"0.0, 0.0, 0.0","1.0, 1.0, 1.0"
55,"hake_ex55.inp","Poisson",1,"mean_nsamp",1,"sigma",-1,"theta_true",-1,"G",-1,3,2,0.1,0.5,0,50,100,5,847682131,1,0.25,100,1,25,"0.0, 0.0, 0.0","1.0, 1.0, 1.0"
56,"hake_ex56.inp","Poisson",1,"mean_nsamp",1,"sigma",-1,"theta_true",-1,"G",0,3,4,0.1,0.5,0,50,100,5,847682131,1,0.25,100,1,25,"0.0, 0.0, 0.0","1.0, 1.0, 1.0"
57,"hake_ex57.inp","Poisson",1,"mean_nsamp",1,"sigma",-1,"theta_true",-1,"G",1,3,8,0.1,0.5,0,50,100,5,847682131,1,0.25,100,1,25,"0.0, 0.0, 0.0","1.0, 1.0, 1.0"
58,"hake_ex58.inp","Poisson",1,"mean_nsamp",1,"sigma",-1,"theta_true",0,"G",-1,3,2,0.1,1,0,50,100,5,847682131,1,0.25,100,1,25,"0.0, 0.0, 0.0","1.0, 1.0, 1.0"
59,"hake_ex59.inp","Poisson",1,"mean_nsamp",1,"sigma",-1,"theta_true",0,"G",0,3,4,0.1,1,0,50,100,5,847682131,1,0.25,100,1,25,"0.0, 0.0, 0.0","1.0, 1.0, 1.0"
60,"hake_ex60.inp","Poisson",1,"mean_nsamp",1,"sigma",-1,"theta_true",0,"G",1,3,8,0.1,1,0,50,100,5,847682131,1,0.25,100,1,25,"0.0, 0.0, 0.0","1.0, 1.0, 1.0"
61,"hake_ex61.inp","Poisson",1,"mean_nsamp",1,"sigma",-1,"theta_true",1,"G",-1,3,2,0.1,2,0,50,100,5,847682131,1,0.25,100,1,25,"0.0, 0.0, 0.0","1.0, 1.0, 1.0"
62,"hake_ex62.inp","Poisson",1,"mean_nsamp",1,"sigma",-1,"theta_true",1,"G",0,3,4,0.1,2,0,50,100,5,847682131,1,0.25,100,1,25,"0.0, 0.0, 0.0","1.0, 1.0, 1.0"
63,"hake_ex63.inp","Poisson",1,"mean_nsamp",1,"sigma",-1,"theta_true",1,"G",1,3,8,0.1,2,0,50,100,5,847682131,1,0.25,100,1,25,"0.0, 0.0, 0.0","1.0, 1.0, 1.0"
64,"hake_ex64.inp","Poisson",1,"mean_nsamp",1,"sigma",0,"theta_true",-1,"G",-1,3,2,0.1,0.5,0,50,100,5,847682131,1,0.5,100,1,25,"0.0, 0.0, 0.0","1.0, 1.0, 1.0"
65,"hake_ex65.inp","Poisson",1,"mean_nsamp",1,"sigma",0,"theta_true",-1,"G",0,3,4,0.1,0.5,0,50,100,5,847682131,1,0.5,100,1,25,"0.0, 0.0, 0.0","1.0, 1.0, 1.0"
66,"hake_ex66.inp","Poisson",1,"mean_nsamp",1,"sigma",0,"theta_true",-1,"G",1,3,8,0.1,0.5,0,50,100,5,847682131,1,0.5,100,1,25,"0.0, 0.0, 0.0","1.0, 1.0, 1.0"
67,"hake_ex67.inp","Poisson",1,"mean_nsamp",1,"sigma",0,"theta_true",0,"G",-1,3,2,0.1,1,0,50,100,5,847682131,1,0.5,100,1,25,"0.0, 0.0, 0.0","1.0, 1.0, 1.0"
68,"hake_ex68.inp","Poisson",1,"mean_nsamp",1,"sigma",0,"theta_true",0,"G",0,3,4,0.1,1,0,50,100,5,847682131,1,0.5,100,1,25,"0.0, 0.0, 0.0","1.0, 1.0, 1.0"
69,"hake_ex69.inp","Poisson",1,"mean_nsamp",1,"sigma",0,"theta_true",0,"G",1,3,8,0.1,1,0,50,100,5,847682131,1,0.5,100,1,25,"0.0, 0.0, 0.0","1.0, 1.0, 1.0"
70,"hake_ex70.inp","Poisson",1,"mean_nsamp",1,"sigma",0,"theta_true",1,"G",-1,3,2,0.1,2,0,50,100,5,847682131,1,0.5,100,1,25,"0.0, 0.0, 0.0","1.0, 1.0, 1.0"
71,"hake_ex71.inp","Poisson",1,"mean_nsamp",1,"sigma",0,"theta_true",1,"G",0,3,4,0.1,2,0,50,100,5,847682131,1,0.5,100,1,25,"0.0, 0.0, 0.0","1.0, 1.0, 1.0"
72,"hake_ex72.inp","Poisson",1,"mean_nsamp",1,"sigma",0,"theta_true",1,"G",1,3,8,0.1,2,0,50,100,5,847682131,1,0.5,100,1,25,"0.0, 0.0, 0.0","1.0, 1.0, 1.0"
73,"hake_ex73.inp","Poisson",1,"mean_nsamp",1,"sigma",1,"theta_true",-1,"G",-1,3,2,0.1,0.5,0,50,100,5,847682131,1,1,100,1,25,"0.0, 0.0, 0.0","1.0, 1.0, 1.0"
74,"hake_ex74.inp","Poisson",1,"mean_nsamp",1,"sigma",1,"theta_true",-1,"G",0,3,4,0.1,0.5,0,50,100,5,847682131,1,1,100,1,25,"0.0, 0.0, 0.0","1.0, 1.0, 1.0"
75,"hake_ex75.inp","Poisson",1,"mean_nsamp",1,"sigma",1,"theta_true",-1,"G",1,3,8,0.1,0.5,0,50,100,5,847682131,1,1,100,1,25,"0.0, 0.0, 0.0","1.0, 1.0, 1.0"
76,"hake_ex76.inp","Poisson",1,"mean_nsamp",1,"sigma",1,"theta_true",0,"G",-1,3,2,0.1,1,0,50,100,5,847682131,1,1,100,1,25,"0.0, 0.0, 0.0","1.0, 1.0, 1.0"
77,"hake_ex77.inp","Poisson",1,"mean_nsamp",1,"sigma",1,"theta_true",0,"G",0,3,4,0.1,1,0,50,100,5,847682131,1,1,100,1,25,"0.0, 0.0, 0.0","1.0, 1.0, 1.0"
78,"hake_ex78.inp","Poisson",1,"mean_nsamp",1,"sigma",1,"theta_true",0,"G",1,3,8,0.1,1,0,50,100,5,847682131,1,1,100,1,25,"0.0, 0.0, 0.0","1.0, 1.0, 1.0"
79,"hake_ex79.inp","Poisson",1,"mean_nsamp",1,"sigma",1,"theta_true",1,"G",-1,3,2,0.1,2,0,50,100,5,847682131,1,1,100,1,25,"0.0, 0.0, 0.0","1.0, 1.0, 1.0"
80,"hake_ex80.inp","Poisson",1,"mean_nsamp",1,"sigma",1,"theta_true",1,"G",0,3,4,0.1,2,0,50,100,5,847682131,1,1,100,1,25,"0.0, 0.0, 0.0","1.0, 1.0, 1.0"
81,"hake_ex81.inp","Poisson",1,"mean_nsamp",1,"sigma",1,"theta_true",1,"G",1,3,8,0.1,2,0,50,100,5,847682131,1,1,100,1,25,"0.0, 0.0, 0.0","1.0, 1.0, 1.0"
82,"hake_ex82.inp","Lognormal",2,"mean_nsamp",-1,"sigma",-1,"theta_true",-1,"G",-1,3,2,0.1,0.5,0,50,100,5,847682131,1,0.25,25,1,25,"0.0, 0.0, 0.0","1.0, 1.0, 1.0"
83,"hake_ex83.inp","Lognormal",2,"mean_nsamp",-1,"sigma",-1,"theta_true",-1,"G",0,3,4,0.1,0.5,0,50,100,5,847682131,1,0.25,25,1,25,"0.0, 0.0, 0.0","1.0, 1.0, 1.0"
84,"hake_ex84.inp","Lognormal",2,"mean_nsamp",-1,"sigma",-1,"theta_true",-1,"G",1,3,8,0.1,0.5,0,50,100,5,847682131,1,0.25,25,1,25,"0.0, 0.0, 0.0","1.0, 1.0, 1.0"
85,"hake_ex85.inp","Lognormal",2,"mean_nsamp",-1,"sigma",-1,"theta_true",0,"G",-1,3,2,0.1,1,0,50,100,5,847682131,1,0.25,25,1,25,"0.0, 0.0, 0.0","1.0, 1.0, 1.0"
86,"hake_ex86.inp","Lognormal",2,"mean_nsamp",-1,"sigma",-1,"theta_true",0,"G",0,3,4,0.1,1,0,50,100,5,847682131,1,0.25,25,1,25,"0.0, 0.0, 0.0","1.0, 1.0, 1.0"
87,"hake_ex87.inp","Lognormal",2,"mean_nsamp",-1,"sigma",-1,"theta_true",0,"G",1,3,8,0.1,1,0,50,100,5,847682131,1,0.25,25,1,25,"0.0, 0.0, 0.0","1.0, 1.0, 1.0"
88,"hake_ex88.inp","Lognormal",2,"mean_nsamp",-1,"sigma",-1,"theta_true",1,"G",-1,3,2,0.1,2,0,50,100,5,847682131,1,0.25,25,1,25,"0.0, 0.0, 0.0","1.0, 1.0, 1.0"
89,"hake_ex89.inp","Lognormal",2,"mean_nsamp",-1,"sigma",-1,"theta_true",1,"G",0,3,4,0.1,2,0,50,100,5,847682131,1,0.25,25,1,25,"0.0, 0.0, 0.0","1.0, 1.0, 1.0"
90,"hake_ex90.inp","Lognormal",2,"mean_nsamp",-1,"sigma",-1,"theta_true",1,"G",1,3,8,0.1,2,0,50,100,5,847682131,1,0.25,25,1,25,"0.0, 0.0, 0.0","1.0, 1.0, 1.0"
91,"hake_ex91.inp","Lognormal",2,"mean_nsamp",-1,"sigma",0,"theta_true",-1,"G",-1,3,2,0.1,0.5,0,50,100,5,847682131,1,0.5,25,1,25,"0.0, 0.0, 0.0","1.0, 1.0, 1.0"
92,"hake_ex92.inp","Lognormal",2,"mean_nsamp",-1,"sigma",0,"theta_true",-1,"G",0,3,4,0.1,0.5,0,50,100,5,847682131,1,0.5,25,1,25,"0.0, 0.0, 0.0","1.0, 1.0, 1.0"
93,"hake_ex93.inp","Lognormal",2,"mean_nsamp",-1,"sigma",0,"theta_true",-1,"G",1,3,8,0.1,0.5,0,50,100,5,847682131,1,0.5,25,1,25,"0.0, 0.0, 0.0","1.0, 1.0, 1.0"
94,"hake_ex94.inp","Lognormal",2,"mean_nsamp",-1,"sigma",0,"theta_true",0,"G",-1,3,2,0.1,1,0,50,100,5,847682131,1,0.5,25,1,25,"0.0, 0.0, 0.0","1.0, 1.0, 1.0"
95,"hake_ex95.inp","Lognormal",2,"mean_nsamp",-1,"sigma",0,"theta_true",0,"G",0,3,4,0.1,1,0,50,100,5,847682131,1,0.5,25,1,25,"0.0, 0.0, 0.0","1.0, 1.0, 1.0"
96,"hake_ex96.inp","Lognormal",2,"mean_nsamp",-1,"sigma",0,"theta_true",0,"G",1,3,8,0.1,1,0,50,100,5,847682131,1,0.5,25,1,25,"0.0, 0.0, 0.0","1.0, 1.0, 1.0"
97,"hake_ex97.inp","Lognormal",2,"mean_nsamp",-1,"sigma",0,"theta_true",1,"G",-1,3,2,0.1,2,0,50,100,5,847682131,1,0.5,25,1,25,"0.0, 0.0, 0.0","1.0, 1.0, 1.0"
98,"hake_ex98.inp","Lognormal",2,"mean_nsamp",-1,"sigma",0,"theta_true",1,"G",0,3,4,0.1,2,0,50,100,5,847682131,1,0.5,25,1,25,"0.0, 0.0, 0.0","1.0, 1.0, 1.0"
99,"hake_ex99.inp","Lognormal",2,"mean_nsamp",-1,"sigma",0,"theta_true",1,"G",1,3,8,0.1,2,0,50,100,5,847682131,1,0.5,25,1,25,"0.0, 0.0, 0.0","1.0, 1.0, 1.0"
100,"hake_ex100.inp","Lognormal",2,"mean_nsamp",-1,"sigma",1,"theta_true",-1,"G",-1,3,2,0.1,0.5,0,50,100,5,847682131,1,1,25,1,25,"0.0, 0.0, 0.0","1.0, 1.0, 1.0"
101,"hake_ex101.inp","Lognormal",2,"mean_nsamp",-1,"sigma",1,"theta_true",-1,"G",0,3,4,0.1,0.5,0,50,100,5,847682131,1,1,25,1,25,"0.0, 0.0, 0.0","1.0, 1.0, 1.0"
102,"hake_ex102.inp","Lognormal",2,"mean_nsamp",-1,"sigma",1,"theta_true",-1,"G",1,3,8,0.1,0.5,0,50,100,5,847682131,1,1,25,1,25,"0.0, 0.0, 0.0","1.0, 1.0, 1.0"
103,"hake_ex103.inp","Lognormal",2,"mean_nsamp",-1,"sigma",1,"theta_true",0,"G",-1,3,2,0.1,1,0,50,100,5,847682131,1,1,25,1,25,"0.0, 0.0, 0.0","1.0, 1.0, 1.0"
104,"hake_ex104.inp","Lognormal",2,"mean_nsamp",-1,"sigma",1,"theta_true",0,"G",0,3,4,0.1,1,0,50,100,5,847682131,1,1,25,1,25,"0.0, 0.0, 0.0","1.0, 1.0, 1.0"
105,"hake_ex105.inp","Lognormal",2,"mean_nsamp",-1,"sigma",1,"theta_true",0,"G",1,3,8,0.1,1,0,50,100,5,847682131,1,1,25,1,25,"0.0, 0.0, 0.0","1.0, 1.0, 1.0"
106,"hake_ex106.inp","Lognormal",2,"mean_nsamp",-1,"sigma",1,"theta_true",1,"G",-1,3,2,0.1,2,0,50,100,5,847682131,1,1,25,1,25,"0.0, 0.0, 0.0","1.0, 1.0, 1.0"
107,"hake_ex107.inp","Lognormal",2,"mean_nsamp",-1,"sigma",1,"theta_true",1,"G",0,3,4,0.1,2,0,50,100,5,847682131,1,1,25,1,25,"0.0, 0.0, 0.0","1.0, 1.0, 1.0"
108,"hake_ex108.inp","Lognormal",2,"mean_nsamp",-1,"sigma",1,"theta_true",1,"G",1,3,8,0.1,2,0,50,100,5,847682131,1,1,25,1,25,"0.0, 0.0, 0.0","1.0, 1.0, 1.0"
109,"hake_ex109.inp","Lognormal",2,"mean_nsamp",0,"sigma",-1,"theta_true",-1,"G",-1,3,2,0.1,0.5,0,50,100,5,847682131,1,0.25,50,1,25,"0.0, 0.0, 0.0","1.0, 1.0, 1.0"
110,"hake_ex110.inp","Lognormal",2,"mean_nsamp",0,"sigma",-1,"theta_true",-1,"G",0,3,4,0.1,0.5,0,50,100,5,847682131,1,0.25,50,1,25,"0.0, 0.0, 0.0","1.0, 1.0, 1.0"
111,"hake_ex111.inp","Lognormal",2,"mean_nsamp",0,"sigma",-1,"theta_true",-1,"G",1,3,8,0.1,0.5,0,50,100,5,847682131,1,0.25,50,1,25,"0.0, 0.0, 0.0","1.0, 1.0, 1.0"
112,"hake_ex112.inp","Lognormal",2,"mean_nsamp",0,"sigma",-1,"theta_true",0,"G",-1,3,2,0.1,1,0,50,100,5,847682131,1,0.25,50,1,25,"0.0, 0.0, 0.0","1.0, 1.0, 1.0"
113,"hake_ex113.inp","Lognormal",2,"mean_nsamp",0,"sigma",-1,"theta_true",0,"G",0,3,4,0.1,1,0,50,100,5,847682131,1,0.25,50,1,25,"0.0, 0.0, 0.0","1.0, 1.0, 1.0"
114,"hake_ex114.inp","Lognormal",2,"mean_nsamp",0,"sigma",-1,"theta_true",0,"G",1,3,8,0.1,1,0,50,100,5,847682131,1,0.25,50,1,25,"0.0, 0.0, 0.0","1.0, 1.0, 1.0"
115,"hake_ex115.inp","Lognormal",2,"mean_nsamp",0,"sigma",-1,"theta_true",1,"G",-1,3,2,0.1,2,0,50,100,5,847682131,1,0.25,50,1,25,"0.0, 0.0, 0.0","1.0, 1.0, 1.0"
116,"hake_ex116.inp","Lognormal",2,"mean_nsamp",0,"sigma",-1,"theta_true",1,"G",0,3,4,0.1,2,0,50,100,5,847682131,1,0.25,50,1,25,"0.0, 0.0, 0.0","1.0, 1.0, 1.0"
117,"hake_ex117.inp","Lognormal",2,"mean_nsamp",0,"sigma",-1,"theta_true",1,"G",1,3,8,0.1,2,0,50,100,5,847682131,1,0.25,50,1,25,"0.0, 0.0, 0.0","1.0, 1.0, 1.0"
118,"hake_ex118.inp","Lognormal",2,"mean_nsamp",0,"sigma",0,"theta_true",-1,"G",-1,3,2,0.1,0.5,0,50,100,5,847682131,1,0.5,50,1,25,"0.0, 0.0, 0.0","1.0, 1.0, 1.0"
119,"hake_ex119.inp","Lognormal",2,"mean_nsamp",0,"sigma",0,"theta_true",-1,"G",0,3,4,0.1,0.5,0,50,100,5,847682131,1,0.5,50,1,25,"0.0, 0.0, 0.0","1.0, 1.0, 1.0"
120,"hake_ex120.inp","Lognormal",2,"mean_nsamp",0,"sigma",0,"theta_true",-1,"G",1,3,8,0.1,0.5,0,50,100,5,847682131,1,0.5,50,1,25,"0.0, 0.0, 0.0","1.0, 1.0, 1.0"
121,"hake_ex121.inp","Lognormal",2,"mean_nsamp",0,"sigma",0,"theta_true",0,"G",-1,3,2,0.1,1,0,50,100,5,847682131,1,0.5,50,1,25,"0.0, 0.0, 0.0","1.0, 1.0, 1.0"
122,"hake_ex122.inp","Lognormal",2,"mean_nsamp",0,"sigma",0,"theta_true",0,"G",0,3,4,0.1,1,0,50,100,5,847682131,1,0.5,50,1,25,"0.0, 0.0, 0.0","1.0, 1.0, 1.0"
123,"hake_ex123.inp","Lognormal",2,"mean_nsamp",0,"sigma",0,"theta_true",0,"G",1,3,8,0.1,1,0,50,100,5,847682131,1,0.5,50,1,25,"0.0, 0.0, 0.0","1.0, 1.0, 1.0"
124,"hake_ex124.inp","Lognormal",2,"mean_nsamp",0,"sigma",0,"theta_true",1,"G",-1,3,2,0.1,2,0,50,100,5,847682131,1,0.5,50,1,25,"0.0, 0.0, 0.0","1.0, 1.0, 1.0"
125,"hake_ex125.inp","Lognormal",2,"mean_nsamp",0,"sigma",0,"theta_true",1,"G",0,3,4,0.1,2,0,50,100,5,847682131,1,0.5,50,1,25,"0.0, 0.0, 0.0","1.0, 1.0, 1.0"
126,"hake_ex126.inp","Lognormal",2,"mean_nsamp",0,"sigma",0,"theta_true",1,"G",1,3,8,0.1,2,0,50,100,5,847682131,1,0.5,50,1,25,"0.0, 0.0, 0.0","1.0, 1.0, 1.0"
127,"hake_ex127.inp","Lognormal",2,"mean_nsamp",0,"sigma",1,"theta_true",-1,"G",-1,3,2,0.1,0.5,0,50,100,5,847682131,1,1,50,1,25,"0.0, 0.0, 0.0","1.0, 1.0, 1.0"
128,"hake_ex128.inp","Lognormal",2,"mean_nsamp",0,"sigma",1,"theta_true",-1,"G",0,3,4,0.1,0.5,0,50,100,5,847682131,1,1,50,1,25,"0.0, 0.0, 0.0","1.0, 1.0, 1.0"
129,"hake_ex129.inp","Lognormal",2,"mean_nsamp",0,"sigma",1,"theta_true",-1,"G",1,3,8,0.1,0.5,0,50,100,5,847682131,1,1,50,1,25,"0.0, 0.0, 0.0","1.0, 1.0, 1.0"
130,"hake_ex130.inp","Lognormal",2,"mean_nsamp",0,"sigma",1,"theta_true",0,"G",-1,3,2,0.1,1,0,50,100,5,847682131,1,1,50,1,25,"0.0, 0.0, 0.0","1.0, 1.0, 1.0"
131,"hake_ex131.inp","Lognormal",2,"mean_nsamp",0,"sigma",1,"theta_true",0,"G",0,3,4,0.1,1,0,50,100,5,847682131,1,1,50,1,25,"0.0, 0.0, 0.0","1.0, 1.0, 1.0"
132,"hake_ex132.inp","Lognormal",2,"mean_nsamp",0,"sigma",1,"theta_true",0,"G",1,3,8,0.1,1,0,50,100,5,847682131,1,1,50,1,25,"0.0, 0.0, 0.0","1.0, 1.0, 1.0"
133,"hake_ex133.inp","Lognormal",2,"mean_nsamp",0,"sigma",1,"theta_true",1,"G",-1,3,2,0.1,2,0,50,100,5,847682131,1,1,50,1,25,"0.0, 0.0, 0.0","1.0, 1.0, 1.0"
134,"hake_ex134.inp","Lognormal",2,"mean_nsamp",0,"sigma",1,"theta_true",1,"G",0,3,4,0.1,2,0,50,100,5,847682131,1,1,50,1,25,"0.0, 0.0, 0.0","1.0, 1.0, 1.0"
135,"hake_ex135.inp","Lognormal",2,"mean_nsamp",0,"sigma",1,"theta_true",1,"G",1,3,8,0.1,2,0,50,100,5,847682131,1,1,50,1,25,"0.0, 0.0, 0.0","1.0, 1.0, 1.0"
136,"hake_ex136.inp","Lognormal",2,"mean_nsamp",1,"sigma",-1,"theta_true",-1,"G",-1,3,2,0.1,0.5,0,50,100,5,847682131,1,0.25,100,1,25,"0.0, 0.0, 0.0","1.0, 1.0, 1.0"
137,"hake_ex137.inp","Lognormal",2,"mean_nsamp",1,"sigma",-1,"theta_true",-1,"G",0,3,4,0.1,0.5,0,50,100,5,847682131,1,0.25,100,1,25,"0.0, 0.0, 0.0","1.0, 1.0, 1.0"
138,"hake_ex138.inp","Lognormal",2,"mean_nsamp",1,"sigma",-1,"theta_true",-1,"G",1,3,8,0.1,0.5,0,50,100,5,847682131,1,0.25,100,1,25,"0.0, 0.0, 0.0","1.0, 1.0, 1.0"
139,"hake_ex139.inp","Lognormal",2,"mean_nsamp",1,"sigma",-1,"theta_true",0,"G",-1,3,2,0.1,1,0,50,100,5,847682131,1,0.25,100,1,25,"0.0, 0.0, 0.0","1.0, 1.0, 1.0"
140,"hake_ex140.inp","Lognormal",2,"mean_nsamp",1,"sigma",-1,"theta_true",0,"G",0,3,4,0.1,1,0,50,100,5,847682131,1,0.25,100,1,25,"0.0, 0.0, 0.0","1.0, 1.0, 1.0"
141,"hake_ex141.inp","Lognormal",2,"mean_nsamp",1,"sigma",-1,"theta_true",0,"G",1,3,8,0.1,1,0,50,100,5,847682131,1,0.25,100,1,25,"0.0, 0.0, 0.0","1.0, 1.0, 1.0"
142,"hake_ex142.inp","Lognormal",2,"mean_nsamp",1,"sigma",-1,"theta_true",1,"G",-1,3,2,0.1,2,0,50,100,5,847682131,1,0.25,100,1,25,"0.0, 0.0, 0.0","1.0, 1.0, 1.0"
143,"hake_ex143.inp","Lognormal",2,"mean_nsamp",1,"sigma",-1,"theta_true",1,"G",0,3,4,0.1,2,0,50,100,5,847682131,1,0.25,100,1,25,"0.0, 0.0, 0.0","1.0, 1.0, 1.0"
144,"hake_ex144.inp","Lognormal",2,"mean_nsamp",1,"sigma",-1,"theta_true",1,"G",1,3,8,0.1,2,0,50,100,5,847682131,1,0.25,100,1,25,"0.0, 0.0, 0.0","1.0, 1.0, 1.0"
145,"hake_ex145.inp","Lognormal",2,"mean_nsamp",1,"sigma",0,"theta_true",-1,"G",-1,3,2,0.1,0.5,0,50,100,5,847682131,1,0.5,100,1,25,"0.0, 0.0, 0.0","1.0, 1.0, 1.0"
146,"hake_ex146.inp","Lognormal",2,"mean_nsamp",1,"sigma",0,"theta_true",-1,"G",0,3,4,0.1,0.5,0,50,100,5,847682131,1,0.5,100,1,25,"0.0, 0.0, 0.0","1.0, 1.0, 1.0"
147,"hake_ex147.inp","Lognormal",2,"mean_nsamp",1,"sigma",0,"theta_true",-1,"G",1,3,8,0.1,0.5,0,50,100,5,847682131,1,0.5,100,1,25,"0.0, 0.0, 0.0","1.0, 1.0, 1.0"
148,"hake_ex148.inp","Lognormal",2,"mean_nsamp",1,"sigma",0,"theta_true",0,"G",-1,3,2,0.1,1,0,50,100,5,847682131,1,0.5,100,1,25,"0.0, 0.0, 0.0","1.0, 1.0, 1.0"
149,"hake_ex149.inp","Lognormal",2,"mean_nsamp",1,"sigma",0,"theta_true",0,"G",0,3,4,0.1,1,0,50,100,5,847682131,1,0.5,100,1,25,"0.0, 0.0, 0.0","1.0, 1.0, 1.0"
150,"hake_ex150.inp","Lognormal",2,"mean_nsamp",1,"sigma",0,"theta_true",0,"G",1,3,8,0.1,1,0,50,100,5,847682131,1,0.5,100,1,25,"0.0, 0.0, 0.0","1.0, 1.0, 1.0"
151,"hake_ex151.inp","Lognormal",2,"mean_nsamp",1,"sigma",0,"theta_true",1,"G",-1,3,2,0.1,2,0,50,100,5,847682131,1,0.5,100,1,25,"0.0, 0.0, 0.0","1.0, 1.0, 1.0"
152,"hake_ex152.inp","Lognormal",2,"mean_nsamp",1,"sigma",0,"theta_true",1,"G",0,3,4,0.1,2,0,50,100,5,847682131,1,0.5,100,1,25,"0.0, 0.0, 0.0","1.0, 1.0, 1.0"
153,"hake_ex153.inp","Lognormal",2,"mean_nsamp",1,"sigma",0,"theta_true",1,"G",1,3,8,0.1,2,0,50,100,5,847682131,1,0.5,100,1,25,"0.0, 0.0, 0.0","1.0, 1.0, 1.0"
154,"hake_ex154.inp","Lognormal",2,"mean_nsamp",1,"sigma",1,"theta_true",-1,"G",-1,3,2,0.1,0.5,0,50,100,5,847682131,1,1,100,1,25,"0.0, 0.0, 0.0","1.0, 1.0, 1.0"
155,"hake_ex155.inp","Lognormal",2,"mean_nsamp",1,"sigma",1,"theta_true",-1,"G",0,3,4,0.1,0.5,0,50,100,5,847682131,1,1,100,1,25,"0.0, 0.0, 0.0","1.0, 1.0, 1.0"
156,"hake_ex156.inp","Lognormal",2,"mean_nsamp",1,"sigma",1,"theta_true",-1,"G",1,3,8,0.1,0.5,0,50,100,5,847682131,1,1,100,1,25,"0.0, 0.0, 0.0","1.0, 1.0, 1.0"
157,"hake_ex157.inp","Lognormal",2,"mean_nsamp",1,"sigma",1,"theta_true",0,"G",-1,3,2,0.1,1,0,50,100,5,847682131,1,1,100,1,25,"0.0, 0.0, 0.0","1.0, 1.0, 1.0"
158,"hake_ex158.inp","Lognormal",2,"mean_nsamp",1,"sigma",1,"theta_true",0,"G",0,3,4,0.1,1,0,50,100,5,847682131,1,1,100,1,25,"0.0, 0.0, 0.0","1.0, 1.0, 1.0"
159,"hake_ex159.inp","Lognormal",2,"mean_nsamp",1,"sigma",1,"theta_true",0,"G",1,3,8,0.1,1,0,50,100,5,847682131,1,1,100,1,25,"0.0, 0.0, 0.0","1.0, 1.0, 1.0"
160,"hake_ex160.inp","Lognormal",2,"mean_nsamp",1,"sigma",1,"theta_true",1,"G",-1,3,2,0.1,2,0,50,100,5,847682131,1,1,100,1,25,"0.0, 0.0, 0.0","1.0, 1.0, 1.0"
161,"hake_ex161.inp","Lognormal",2,"mean_nsamp",1,"sigma",1,"theta_true",1,"G",0,3,4,0.1,2,0,50,100,5,847682131,1,1,100,1,25,"0.0, 0.0, 0.0","1.0, 1.0, 1.0"
162,"hake_ex162.inp","Lognormal",2,"mean_nsamp",1,"sigma",1,"theta_true",1,"G",1,3,8,0.1,2,0,50,100,5,847682131,1,1,100,1,25,"0.0, 0.0, 0.0","1.0, 1.0, 1.0"
163,"hake_ex163.inp","Negative binomial",3,"mean_nsamp",-1,"sigma",-1,"theta_true",-1,"G",-1,3,2,0.1,0.5,0,50,100,5,847682131,1,0.25,25,1,25,"0.0, 0.0, 0.0","1.0, 1.0, 1.0"
164,"hake_ex164.inp","Negative binomial",3,"mean_nsamp",-1,"sigma",-1,"theta_true",-1,"G",0,3,4,0.1,0.5,0,50,100,5,847682131,1,0.25,25,1,25,"0.0, 0.0, 0.0","1.0, 1.0, 1.0"
165,"hake_ex165.inp","Negative binomial",3,"mean_nsamp",-1,"sigma",-1,"theta_true",-1,"G",1,3,8,0.1,0.5,0,50,100,5,847682131,1,0.25,25,1,25,"0.0, 0.0, 0.0","1.0, 1.0, 1.0"
166,"hake_ex166.inp","Negative binomial",3,"mean_nsamp",-1,"sigma",-1,"theta_true",0,"G",-1,3,2,0.1,1,0,50,100,5,847682131,1,0.25,25,1,25,"0.0, 0.0, 0.0","1.0, 1.0, 1.0"
167,"hake_ex167.inp","Negative binomial",3,"mean_nsamp",-1,"sigma",-1,"theta_true",0,"G",0,3,4,0.1,1,0,50,100,5,847682131,1,0.25,25,1,25,"0.0, 0.0, 0.0","1.0, 1.0, 1.0"
168,"hake_ex168.inp","Negative binomial",3,"mean_nsamp",-1,"sigma",-1,"theta_true",0,"G",1,3,8,0.1,1,0,50,100,5,847682131,1,0.25,25,1,25,"0.0, 0.0, 0.0","1.0, 1.0, 1.0"
169,"hake_ex169.inp","Negative binomial",3,"mean_nsamp",-1,"sigma",-1,"theta_true",1,"G",-1,3,2,0.1,2,0,50,100,5,847682131,1,0.25,25,1,25,"0.0, 0.0, 0.0","1.0, 1.0, 1.0"
170,"hake_ex170.inp","Negative binomial",3,"mean_nsamp",-1,"sigma",-1,"theta_true",1,"G",0,3,4,0.1,2,0,50,100,5,847682131,1,0.25,25,1,25,"0.0, 0.0, 0.0","1.0, 1.0, 1.0"
171,"hake_ex171.inp","Negative binomial",3,"mean_nsamp",-1,"sigma",-1,"theta_true",1,"G",1,3,8,0.1,2,0,50,100,5,847682131,1,0.25,25,1,25,"0.0, 0.0, 0.0","1.0, 1.0, 1.0"
172,"hake_ex172.inp","Negative binomial",3,"mean_nsamp",-1,"sigma",0,"theta_true",-1,"G",-1,3,2,0.1,0.5,0,50,100,5,847682131,1,0.5,25,1,25,"0.0, 0.0, 0.0","1.0, 1.0, 1.0"
173,"hake_ex173.inp","Negative binomial",3,"mean_nsamp",-1,"sigma",0,"theta_true",-1,"G",0,3,4,0.1,0.5,0,50,100,5,847682131,1,0.5,25,1,25,"0.0, 0.0, 0.0","1.0, 1.0, 1.0"
174,"hake_ex174.inp","Negative binomial",3,"mean_nsamp",-1,"sigma",0,"theta_true",-1,"G",1,3,8,0.1,0.5,0,50,100,5,847682131,1,0.5,25,1,25,"0.0, 0.0, 0.0","1.0, 1.0, 1.0"
175,"hake_ex175.inp","Negative binomial",3,"mean_nsamp",-1,"sigma",0,"theta_true",0,"G",-1,3,2,0.1,1,0,50,100,5,847682131,1,0.5,25,1,25,"0.0, 0.0, 0.0","1.0, 1.0, 1.0"
176,"hake_ex176.inp","Negative binomial",3,"mean_nsamp",-1,"sigma",0,"theta_true",0,"G",0,3,4,0.1,1,0,50,100,5,847682131,1,0.5,25,1,25,"0.0, 0.0, 0.0","1.0, 1.0, 1.0"
177,"hake_ex177.inp","Negative binomial",3,"mean_nsamp",-1,"sigma",0,"theta_true",0,"G",1,3,8,0.1,1,0,50,100,5,847682131,1,0.5,25,1,25,"0.0, 0.0, 0.0","1.0, 1.0, 1.0"
178,"hake_ex178.inp","Negative binomial",3,"mean_nsamp",-1,"sigma",0,"theta_true",1,"G",-1,3,2,0.1,2,0,50,100,5,847682131,1,0.5,25,1,25,"0.0, 0.0, 0.0","1.0, 1.0, 1.0"
179,"hake_ex179.inp","Negative binomial",3,"mean_nsamp",-1,"sigma",0,"theta_true",1,"G",0,3,4,0.1,2,0,50,100,5,847682131,1,0.5,25,1,25,"0.0, 0.0, 0.0","1.0, 1.0, 1.0"
180,"hake_ex180.inp","Negative binomial",3,"mean_nsamp",-1,"sigma",0,"theta_true",1,"G",1,3,8,0.1,2,0,50,100,5,847682131,1,0.5,25,1,25,"0.0, 0.0, 0.0","1.0, 1.0, 1.0"
181,"hake_ex181.inp","Negative binomial",3,"mean_nsamp",-1,"sigma",1,"theta_true",-1,"G",-1,3,2,0.1,0.5,0,50,100,5,847682131,1,1,25,1,25,"0.0, 0.0, 0.0","1.0, 1.0, 1.0"
182,"hake_ex182.inp","Negative binomial",3,"mean_nsamp",-1,"sigma",1,"theta_true",-1,"G",0,3,4,0.1,0.5,0,50,100,5,847682131,1,1,25,1,25,"0.0, 0.0, 0.0","1.0, 1.0, 1.0"
183,"hake_ex183.inp","Negative binomial",3,"mean_nsamp",-1,"sigma",1,"theta_true",-1,"G",1,3,8,0.1,0.5,0,50,100,5,847682131,1,1,25,1,25,"0.0, 0.0, 0.0","1.0, 1.0, 1.0"
184,"hake_ex184.inp","Negative binomial",3,"mean_nsamp",-1,"sigma",1,"theta_true",0,"G",-1,3,2,0.1,1,0,50,100,5,847682131,1,1,25,1,25,"0.0, 0.0, 0.0","1.0, 1.0, 1.0"
185,"hake_ex185.inp","Negative binomial",3,"mean_nsamp",-1,"sigma",1,"theta_true",0,"G",0,3,4,0.1,1,0,50,100,5,847682131,1,1,25,1,25,"0.0, 0.0, 0.0","1.0, 1.0, 1.0"
186,"hake_ex186.inp","Negative binomial",3,"mean_nsamp",-1,"sigma",1,"theta_true",0,"G",1,3,8,0.1,1,0,50,100,5,847682131,1,1,25,1,25,"0.0, 0.0, 0.0","1.0, 1.0, 1.0"
187,"hake_ex187.inp","Negative binomial",3,"mean_nsamp",-1,"sigma",1,"theta_true",1,"G",-1,3,2,0.1,2,0,50,100,5,847682131,1,1,25,1,25,"0.0, 0.0, 0.0","1.0, 1.0, 1.0"
188,"hake_ex188.inp","Negative binomial",3,"mean_nsamp",-1,"sigma",1,"theta_true",1,"G",0,3,4,0.1,2,0,50,100,5,847682131,1,1,25,1,25,"0.0, 0.0, 0.0","1.0, 1.0, 1.0"
189,"hake_ex189.inp","Negative binomial",3,"mean_nsamp",-1,"sigma",1,"theta_true",1,"G",1,3,8,0.1,2,0,50,100,5,847682131,1,1,25,1,25,"0.0, 0.0, 0.0","1.0, 1.0, 1.0"
190,"hake_ex190.inp","Negative binomial",3,"mean_nsamp",0,"sigma",-1,"theta_true",-1,"G",-1,3,2,0.1,0.5,0,50,100,5,847682131,1,0.25,50,1,25,"0.0, 0.0, 0.0","1.0, 1.0, 1.0"
191,"hake_ex191.inp","Negative binomial",3,"mean_nsamp",0,"sigma",-1,"theta_true",-1,"G",0,3,4,0.1,0.5,0,50,100,5,847682131,1,0.25,50,1,25,"0.0, 0.0, 0.0","1.0, 1.0, 1.0"
192,"hake_ex192.inp","Negative binomial",3,"mean_nsamp",0,"sigma",-1,"theta_true",-1,"G",1,3,8,0.1,0.5,0,50,100,5,847682131,1,0.25,50,1,25,"0.0, 0.0, 0.0","1.0, 1.0, 1.0"
193,"hake_ex193.inp","Negative binomial",3,"mean_nsamp",0,"sigma",-1,"theta_true",0,"G",-1,3,2,0.1,1,0,50,100,5,847682131,1,0.25,50,1,25,"0.0, 0.0, 0.0","1.0, 1.0, 1.0"
194,"hake_ex194.inp","Negative binomial",3,"mean_nsamp",0,"sigma",-1,"theta_true",0,"G",0,3,4,0.1,1,0,50,100,5,847682131,1,0.25,50,1,25,"0.0, 0.0, 0.0","1.0, 1.0, 1.0"
195,"hake_ex195.inp","Negative binomial",3,"mean_nsamp",0,"sigma",-1,"theta_true",0,"G",1,3,8,0.1,1,0,50,100,5,847682131,1,0.25,50,1,25,"0.0, 0.0, 0.0","1.0, 1.0, 1.0"
196,"hake_ex196.inp","Negative binomial",3,"mean_nsamp",0,"sigma",-1,"theta_true",1,"G",-1,3,2,0.1,2,0,50,100,5,847682131,1,0.25,50,1,25,"0.0, 0.0, 0.0","1.0, 1.0, 1.0"
197,"hake_ex197.inp","Negative binomial",3,"mean_nsamp",0,"sigma",-1,"theta_true",1,"G",0,3,4,0.1,2,0,50,100,5,847682131,1,0.25,50,1,25,"0.0, 0.0, 0.0","1.0, 1.0, 1.0"
198,"hake_ex198.inp","Negative binomial",3,"mean_nsamp",0,"sigma",-1,"theta_true",1,"G",1,3,8,0.1,2,0,50,100,5,847682131,1,0.25,50,1,25,"0.0, 0.0, 0.0","1.0, 1.0, 1.0"
199,"hake_ex199.inp","Negative binomial",3,"mean_nsamp",0,"sigma",0,"theta_true",-1,"G",-1,3,2,0.1,0.5,0,50,100,5,847682131,1,0.5,50,1,25,"0.0, 0.0, 0.0","1.0, 1.0, 1.0"
200,"hake_ex200.inp","Negative binomial",3,"mean_nsamp",0,"sigma",0,"theta_true",-1,"G",0,3,4,0.1,0.5,0,50,100,5,847682131,1,0.5,50,1,25,"0.0, 0.0, 0.0","1.0, 1.0, 1.0"
201,"hake_ex201.inp","Negative binomial",3,"mean_nsamp",0,"sigma",0,"theta_true",-1,"G",1,3,8,0.1,0.5,0,50,100,5,847682131,1,0.5,50,1,25,"0.0, 0.0, 0.0","1.0, 1.0, 1.0"
202,"hake_ex202.inp","Negative binomial",3,"mean_nsamp",0,"sigma",0,"theta_true",0,"G",-1,3,2,0.1,1,0,50,100,5,847682131,1,0.5,50,1,25,"0.0, 0.0, 0.0","1.0, 1.0, 1.0"
203,"hake_ex203.inp","Negative binomial",3,"mean_nsamp",0,"sigma",0,"theta_true",0,"G",0,3,4,0.1,1,0,50,100,5,847682131,1,0.5,50,1,25,"0.0, 0.0, 0.0","1.0, 1.0, 1.0"
204,"hake_ex204.inp","Negative binomial",3,"mean_nsamp",0,"sigma",0,"theta_true",0,"G",1,3,8,0.1,1,0,50,100,5,847682131,1,0.5,50,1,25,"0.0, 0.0, 0.0","1.0, 1.0, 1.0"
205,"hake_ex205.inp","Negative binomial",3,"mean_nsamp",0,"sigma",0,"theta_true",1,"G",-1,3,2,0.1,2,0,50,100,5,847682131,1,0.5,50,1,25,"0.0, 0.0, 0.0","1.0, 1.0, 1.0"
206,"hake_ex206.inp","Negative binomial",3,"mean_nsamp",0,"sigma",0,"theta_true",1,"G",0,3,4,0.1,2,0,50,100,5,847682131,1,0.5,50,1,25,"0.0, 0.0, 0.0","1.0, 1.0, 1.0"
207,"hake_ex207.inp","Negative binomial",3,"mean_nsamp",0,"sigma",0,"theta_true",1,"G",1,3,8,0.1,2,0,50,100,5,847682131,1,0.5,50,1,25,"0.0, 0.0, 0.0","1.0, 1.0, 1.0"
208,"hake_ex208.inp","Negative binomial",3,"mean_nsamp",0,"sigma",1,"theta_true",-1,"G",-1,3,2,0.1,0.5,0,50,100,5,847682131,1,1,50,1,25,"0.0, 0.0, 0.0","1.0, 1.0, 1.0"
209,"hake_ex209.inp","Negative binomial",3,"mean_nsamp",0,"sigma",1,"theta_true",-1,"G",0,3,4,0.1,0.5,0,50,100,5,847682131,1,1,50,1,25,"0.0, 0.0, 0.0","1.0, 1.0, 1.0"
210,"hake_ex210.inp","Negative binomial",3,"mean_nsamp",0,"sigma",1,"theta_true",-1,"G",1,3,8,0.1,0.5,0,50,100,5,847682131,1,1,50,1,25,"0.0, 0.0, 0.0","1.0, 1.0, 1.0"
211,"hake_ex211.inp","Negative binomial",3,"mean_nsamp",0,"sigma",1,"theta_true",0,"G",-1,3,2,0.1,1,0,50,100,5,847682131,1,1,50,1,25,"0.0, 0.0, 0.0","1.0, 1.0, 1.0"
212,"hake_ex212.inp","Negative binomial",3,"mean_nsamp",0,"sigma",1,"theta_true",0,"G",0,3,4,0.1,1,0,50,100,5,847682131,1,1,50,1,25,"0.0, 0.0, 0.0","1.0, 1.0, 1.0"
213,"hake_ex213.inp","Negative binomial",3,"mean_nsamp",0,"sigma",1,"theta_true",0,"G",1,3,8,0.1,1,0,50,100,5,847682131,1,1,50,1,25,"0.0, 0.0, 0.0","1.0, 1.0, 1.0"
214,"hake_ex214.inp","Negative binomial",3,"mean_nsamp",0,"sigma",1,"theta_true",1,"G",-1,3,2,0.1,2,0,50,100,5,847682131,1,1,50,1,25,"0.0, 0.0, 0.0","1.0, 1.0, 1.0"
215,"hake_ex215.inp","Negative binomial",3,"mean_nsamp",0,"sigma",1,"theta_true",1,"G",0,3,4,0.1,2,0,50,100,5,847682131,1,1,50,1,25,"0.0, 0.0, 0.0","1.0, 1.0, 1.0"
216,"hake_ex216.inp","Negative binomial",3,"mean_nsamp",0,"sigma",1,"theta_true",1,"G",1,3,8,0.1,2,0,50,100,5,847682131,1,1,50,1,25,"0.0, 0.0, 0.0","1.0, 1.0, 1.0"
217,"hake_ex217.inp","Negative binomial",3,"mean_nsamp",1,"sigma",-1,"theta_true",-1,"G",-1,3,2,0.1,0.5,0,50,100,5,847682131,1,0.25,100,1,25,"0.0, 0.0, 0.0","1.0, 1.0, 1.0"
218,"hake_ex218.inp","Negative binomial",3,"mean_nsamp",1,"sigma",-1,"theta_true",-1,"G",0,3,4,0.1,0.5,0,50,100,5,847682131,1,0.25,100,1,25,"0.0, 0.0, 0.0","1.0, 1.0, 1.0"
219,"hake_ex219.inp","Negative binomial",3,"mean_nsamp",1,"sigma",-1,"theta_true",-1,"G",1,3,8,0.1,0.5,0,50,100,5,847682131,1,0.25,100,1,25,"0.0, 0.0, 0.0","1.0, 1.0, 1.0"
220,"hake_ex220.inp","Negative binomial",3,"mean_nsamp",1,"sigma",-1,"theta_true",0,"G",-1,3,2,0.1,1,0,50,100,5,847682131,1,0.25,100,1,25,"0.0, 0.0, 0.0","1.0, 1.0, 1.0"
221,"hake_ex221.inp","Negative binomial",3,"mean_nsamp",1,"sigma",-1,"theta_true",0,"G",0,3,4,0.1,1,0,50,100,5,847682131,1,0.25,100,1,25,"0.0, 0.0, 0.0","1.0, 1.0, 1.0"
222,"hake_ex222.inp","Negative binomial",3,"mean_nsamp",1,"sigma",-1,"theta_true",0,"G",1,3,8,0.1,1,0,50,100,5,847682131,1,0.25,100,1,25,"0.0, 0.0, 0.0","1.0, 1.0, 1.0"
223,"hake_ex223.inp","Negative binomial",3,"mean_nsamp",1,"sigma",-1,"theta_true",1,"G",-1,3,2,0.1,2,0,50,100,5,847682131,1,0.25,100,1,25,"0.0, 0.0, 0.0","1.0, 1.0, 1.0"
224,"hake_ex224.inp","Negative binomial",3,"mean_nsamp",1,"sigma",-1,"theta_true",1,"G",0,3,4,0.1,2,0,50,100,5,847682131,1,0.25,100,1,25,"0.0, 0.0, 0.0","1.0, 1.0, 1.0"
225,"hake_ex225.inp","Negative binomial",3,"mean_nsamp",1,"sigma",-1,"theta_true",1,"G",1,3,8,0.1,2,0,50,100,5,847682131,1,0.25,100,1,25,"0.0, 0.0, 0.0","1.0, 1.0, 1.0"
226,"hake_ex226.inp","Negative binomial",3,"mean_nsamp",1,"sigma",0,"theta_true",-1,"G",-1,3,2,0.1,0.5,0,50,100,5,847682131,1,0.5,100,1,25,"0.0, 0.0, 0.0","1.0, 1.0, 1.0"
227,"hake_ex227.inp","Negative binomial",3,"mean_nsamp",1,"sigma",0,"theta_true",-1,"G",0,3,4,0.1,0.5,0,50,100,5,847682131,1,0.5,100,1,25,"0.0, 0.0, 0.0","1.0, 1.0, 1.0"
228,"hake_ex228.inp","Negative binomial",3,"mean_nsamp",1,"sigma",0,"theta_true",-1,"G",1,3,8,0.1,0.5,0,50,100,5,847682131,1,0.5,100,1,25,"0.0, 0.0, 0.0","1.0, 1.0, 1.0"
229,"hake_ex229.inp","Negative binomial",3,"mean_nsamp",1,"sigma",0,"theta_true",0,"G",-1,3,2,0.1,1,0,50,100,5,847682131,1,0.5,100,1,25,"0.0, 0.0, 0.0","1.0, 1.0, 1.0"
230,"hake_ex230.inp","Negative binomial",3,"mean_nsamp",1,"sigma",0,"theta_true",0,"G",0,3,4,0.1,1,0,50,100,5,847682131,1,0.5,100,1,25,"0.0, 0.0, 0.0","1.0, 1.0, 1.0"
231,"hake_ex231.inp","Negative binomial",3,"mean_nsamp",1,"sigma",0,"theta_true",0,"G",1,3,8,0.1,1,0,50,100,5,847682131,1,0.5,100,1,25,"0.0, 0.0, 0.0","1.0, 1.0, 1.0"
232,"hake_ex232.inp","Negative binomial",3,"mean_nsamp",1,"sigma",0,"theta_true",1,"G",-1,3,2,0.1,2,0,50,100,5,847682131,1,0.5,100,1,25,"0.0, 0.0, 0.0","1.0, 1.0, 1.0"
233,"hake_ex233.inp","Negative binomial",3,"mean_nsamp",1,"sigma",0,"theta_true",1,"G",0,3,4,0.1,2,0,50,100,5,847682131,1,0.5,100,1,25,"0.0, 0.0, 0.0","1.0, 1.0, 1.0"
234,"hake_ex234.inp","Negative binomial",3,"mean_nsamp",1,"sigma",0,"theta_true",1,"G",1,3,8,0.1,2,0,50,100,5,847682131,1,0.5,100,1,25,"0.0, 0.0, 0.0","1.0, 1.0, 1.0"
235,"hake_ex235.inp","Negative binomial",3,"mean_nsamp",1,"sigma",1,"theta_true",-1,"G",-1,3,2,0.1,0.5,0,50,100,5,847682131,1,1,100,1,25,"0.0, 0.0, 0.0","1.0, 1.0, 1.0"
236,"hake_ex236.inp","Negative binomial",3,"mean_nsamp",1,"sigma",1,"theta_true",-1,"G",0,3,4,0.1,0.5,0,50,100,5,847682131,1,1,100,1,25,"0.0, 0.0, 0.0","1.0, 1.0, 1.0"
237,"hake_ex237.inp","Negative binomial",3,"mean_nsamp",1,"sigma",1,"theta_true",-1,"G",1,3,8,0.1,0.5,0,50,100,5,847682131,1,1,100,1,25,"0.0, 0.0, 0.0","1.0, 1.0, 1.0"
238,"hake_ex238.inp","Negative binomial",3,"mean_nsamp",1,"sigma",1,"theta_true",0,"G",-1,3,2,0.1,1,0,50,100,5,847682131,1,1,100,1,25,"0.0, 0.0, 0.0","1.0, 1.0, 1.0"
239,"hake_ex239.inp","Negative binomial",3,"mean_nsamp",1,"sigma",1,"theta_true",0,"G",0,3,4,0.1,1,0,50,100,5,847682131,1,1,100,1,25,"0.0, 0.0, 0.0","1.0, 1.0, 1.0"
240,"hake_ex240.inp","Negative binomial",3,"mean_nsamp",1,"sigma",1,"theta_true",0,"G",1,3,8,0.1,1,0,50,100,5,847682131,1,1,100,1,25,"0.0, 0.0, 0.0","1.0, 1.0, 1.0"
241,"hake_ex241.inp","Negative binomial",3,"mean_nsamp",1,"sigma",1,"theta_true",1,"G",-1,3,2,0.1,2,0,50,100,5,847682131,1,1,100,1,25,"0.0, 0.0, 0.0","1.0, 1.0, 1.0"
242,"hake_ex242.inp","Negative binomial",3,"mean_nsamp",1,"sigma",1,"theta_true",1,"G",0,3,4,0.1,2,0,50,100,5,847682131,1,1,100,1,25,"0.0, 0.0, 0.0","1.0, 1.0, 1.0"
243,"hake_ex243.inp","Negative binomial",3,"mean_nsamp",1,"sigma",1,"theta_true",1,"G",1,3,8,0.1,2,0,50,100,5,847682131,1,1,100,1,25,"0.0, 0.0, 0.0","1.0, 1.0, 1.0"
