"p1","p2","p3","rmse_ii","rmse_iii","Sample size by group"
0.05,0.05,0.9,0.0236056290161692,0.0323213833674653,"26-52-79-121-92-59-195-24-24-36"
0.05,0.1,0.85,0.715308791129164,0.0121677459419815,"46-190-162-182-169-80-154-127-67-172"
0.05,0.15,0.8,0.0395049915090572,0.0306863839663075,"163-22-117-23-27-142-178-173-139-23"
0.05,0.2,0.75,0.00145874544574633,0.0133208131813961,"109-50-28-129-85-45-22-78-124-114"
0.05,0.25,0.7,0.0380444382903783,0.0227636966803292,"55-179-116-164-51-39-45-114-21-39"
0.05,0.3,0.65,0.0191519434305474,0.0299965298144843,"86-65-46-171-102-39-52-56-50-183"
0.05,0.35,0.6,0.0198265286854912,0.0314662459274474,"189-50-120-22-25-196-33-26-109-46"
0.05,0.4,0.55,0.0692758398373327,0.0163088122684387,"23-138-21-92-37-30-80-116-162-104"
0.05,0.45,0.5,0.0230856946238112,0.017337022623428,"131-83-27-42-22-34-71-106-82-48"
0.05,0.5,0.45,0.023170876196608,0.0105924016899513,"145-112-23-32-45-132-29-25-30-23"
0.05,0.55,0.4,0.0473488402501865,0.00567975281481296,"35-125-20-59-74-84-118-132-37-192"
0.05,0.6,0.35,0.0212921468581299,0.0462417550613251,"27-146-61-41-162-30-150-55-107-120"
0.05,0.65,0.3,0.0329082013933879,0.0299317378512023,"62-38-22-42-30-157-108-51-62-109"
0.05,0.7,0.25,0.0340647291784269,0.014727343551901,"62-62-42-80-36-98-78-39-56-33"
0.05,0.75,0.2,0.00744914997859519,0.0395324617937161,"28-24-152-196-36-112-64-163-53-29"
0.05,0.8,0.15,0.0392570969545401,0.00875212895457696,"61-34-44-169-26-27-33-70-91-112"
0.05,0.85,0.1,0.0494095123212158,0.0380034075392711,"73-33-98-64-75-28-81-53-55-34"
0.05,0.9,0.05,0.0836139432387288,0.044130565064193,"25-31-47-68-80-186-32-60-165-37"
0.1,0.05,0.85,0.0230490421284089,0.0130284734685875,"43-57-26-32-116-55-144-67-115-29"
0.1,0.1,0.8,0.0255307229196598,0.0120035696683562,"31-74-38-144-181-95-171-26-127-57"
0.1,0.15,0.75,0.0520228436742963,0.0614392387659703,"153-23-22-26-49-35-46-47-63-22"
0.1,0.2,0.7,0.019694007409647,0.0122506871074846,"23-22-72-66-188-55-75-175-183-73"
0.1,0.25,0.65,0.0153426712671954,0.0111689266037415,"80-89-41-36-139-67-46-46-93-158"
0.1,0.3,0.6,0.0643097881972127,0.0166939693705865,"56-61-80-140-59-120-43-55-141-120"
0.1,0.35,0.55,0.0518611403210859,0.0103120877703983,"132-61-80-38-110-180-38-135-43-56"
0.1,0.4,0.5,0.0210446152288718,0.0163024603573899,"66-50-39-23-90-37-97-125-21-69"
0.1,0.45,0.45,0.0464008000197376,0.0174474200497663,"30-91-46-44-52-92-127-25-43-74"
0.1,0.5,0.4,0.0321331353527453,0.0258373614834434,"191-115-92-91-28-173-105-54-60-90"
0.1,0.55,0.35,0.0809314418881978,0.014606141854975,"47-39-90-50-32-32-117-28-128-112"
0.1,0.6,0.3,0.0539313515180524,0.0676145167576663,"47-121-179-51-31-77-31-64-25-59"
0.1,0.65,0.25,0.0394125119154391,0.0402952201823059,"24-50-31-53-68-42-37-99-52-103"
0.1,0.7,0.2,0.0510684678462101,0.0219039315968054,"55-197-56-56-121-43-103-31-33-156"
0.1,0.75,0.15,0.0864095763356394,0.0282926779734709,"142-115-65-78-157-30-41-132-133-143"
0.1,0.8,0.1,0.034395640239636,0.0427424777859096,"27-84-71-111-64-121-22-51-25-61"
0.1,0.85,0.05,0.0447037337415008,0.0436391154766239,"60-27-113-47-61-24-31-25-51-23"
0.15,0.05,0.8,0.00347822547764034,0.0208852783250155,"104-165-97-190-137-37-60-179-34-27"
0.15,0.1,0.75,0.0561055425992196,0.0463115443889732,"69-43-34-177-67-163-43-21-84-96"
0.15,0.15,0.7,0.061187344886788,0.0480797563920934,"76-45-47-31-45-180-75-29-111-76"
0.15,0.2,0.65,0.0387581401088282,0.0378034970531189,"130-87-23-109-29-27-42-99-167-106"
0.15,0.25,0.6,0.0889743740307201,0.116150863601039,"82-102-69-21-50-87-80-108-77-41"
0.15,0.3,0.55,0.0661425469434377,0.0509936020055095,"163-83-31-172-63-95-55-68-38-31"
0.15,0.35,0.5,0.0441780565512334,0.0583594400251154,"21-102-62-45-179-196-70-87-27-60"
0.15,0.4,0.45,0.0383777645872063,0.04144044525466,"140-87-67-157-24-119-72-41-22-40"
0.15,0.45,0.4,0.0592660949298135,0.0392540849298184,"183-49-41-69-130-34-27-137-22-33"
0.15,0.5,0.35,0.0427175069527827,0.0645336775017045,"115-29-30-50-34-45-45-112-92-30"
0.15,0.55,0.3,0.0670228475415221,0.003527072551595,"32-21-47-109-23-77-108-23-22-69"
0.15,0.6,0.25,0.0867297856070771,0.0890636971151066,"69-146-53-97-169-70-51-47-157-34"
0.15,0.65,0.2,0.0564339810119269,0.0351104396016937,"21-29-137-142-37-82-46-72-67-38"
0.15,0.7,0.15,0.0348417579150126,0.0225718567590893,"46-30-51-124-21-42-35-29-138-58"
0.15,0.75,0.1,0.0486728039952096,0.0400857219426238,"62-132-99-52-185-125-83-61-34-93"
0.15,0.8,0.05,0.035826971457174,0.00793805056514288,"25-139-41-31-23-192-57-49-36-34"
0.2,0.05,0.75,0.0537144356820433,0.0385783146639203,"24-147-145-82-59-42-21-86-98-172"
0.2,0.1,0.7,0.0477554278495962,0.0427266640124647,"73-47-91-28-143-49-42-180-50-27"
0.2,0.15,0.65,0.0661431946085544,0.0172460041669597,"23-57-27-126-186-44-72-124-109-171"
0.2,0.2,0.6,0.0110327018035981,0.0253905341135513,"34-46-179-180-61-175-35-22-43-144"
0.2,0.25,0.55,0.0925239083852637,0.040836224030359,"84-122-21-129-20-180-30-21-136-57"
0.2,0.3,0.5,0.0227336894946193,0.0273788448269248,"63-27-116-26-52-32-52-135-39-124"
0.2,0.35,0.45,0.0532379195678353,0.0492026588348576,"33-40-84-92-87-163-44-86-53-39"
0.2,0.4,0.4,0.048728677559925,0.0463176414824345,"98-73-63-110-107-23-47-24-121-27"
0.2,0.45,0.35,0.0467709152845264,0.0393394565730691,"51-184-118-40-45-25-42-153-43-46"
0.2,0.5,0.3,0.0549715271593685,0.0420174832833367,"33-73-65-26-117-79-49-50-99-85"
0.2,0.55,0.25,0.0151539805179914,0.03054651890047,"67-36-187-26-94-152-63-31-105-42"
0.2,0.6,0.2,0.0507667156998176,0.0663163904705192,"90-23-48-27-113-159-21-84-28-101"
0.2,0.65,0.15,0.0565604982331863,0.0398356887428794,"25-188-144-38-35-25-95-156-28-72"
0.2,0.7,0.1,0.358124555127094,0.0378056477150775,"23-115-23-97-173-21-87-111-118-49"
0.2,0.75,0.05,0.0214474519895946,0.0116294854424537,"47-44-154-44-35-85-60-78-36-29"
0.25,0.05,0.7,0.0352484759699267,0.0239246021626541,"57-78-67-28-58-51-70-182-137-52"
0.25,0.1,0.65,0.0420229761322995,0.0425761781655556,"145-26-56-58-140-163-117-70-21-47"
0.25,0.15,0.6,0.0294733340335034,0.0350079043690668,"177-118-143-27-93-173-34-31-31-79"
0.25,0.2,0.55,0.136869463460164,0.0423627825679311,"46-56-32-80-41-48-91-26-25-151"
0.25,0.25,0.5,0.0496728530943594,0.0581719304089668,"40-41-70-31-28-98-183-44-23-27"
0.25,0.3,0.45,0.048354092760001,0.0576462603035767,"21-34-33-184-26-38-31-67-89-31"
0.25,0.35,0.4,0.0501026656983112,0.0367953629216402,"127-109-42-28-27-31-166-94-49-141"
0.25,0.4,0.35,0.0654027826250788,0.0158251380222686,"20-46-22-82-121-53-87-121-79-27"
0.25,0.45,0.3,0.0278808311347037,0.0265361810178345,"65-76-33-21-64-29-85-30-147-143"
0.25,0.5,0.25,0.0342642059679414,0.00946811953132203,"33-70-71-29-129-37-54-107-57-104"
0.25,0.55,0.2,0.0465639499321561,0.0445262325076282,"90-24-73-36-26-141-29-24-41-129"
0.25,0.6,0.15,0.0565224666125612,0.012811680396273,"152-156-41-75-73-126-157-185-71-28"
0.25,0.65,0.1,0.0104009889835232,0.0328599625663302,"47-76-146-111-45-173-30-62-85-37"
0.25,0.7,0.05,0.0338584504919585,0.0552810306312016,"59-24-165-78-44-43-34-111-169-85"
0.3,0.05,0.65,0.115086360800116,0.0527827035591651,"36-50-41-65-102-60-66-197-30-112"
0.3,0.1,0.6,0.0693658171844098,0.0369119694331234,"129-24-29-121-69-40-56-104-23-129"
0.3,0.15,0.55,0.0970220255655294,0.065313455600775,"175-53-41-175-36-26-68-33-20-67"
0.3,0.2,0.5,0.0286562787285591,0.0255759488052786,"21-29-164-164-89-142-152-109-23-26"
0.3,0.25,0.45,0.00607950247620593,0.0261691261858851,"153-138-47-23-136-39-87-114-26-40"
0.3,0.3,0.4,0.00472627931438067,0.036675202822274,"165-55-68-64-37-31-80-33-24-25"
0.3,0.35,0.35,0.0718429060608372,0.022061842781955,"77-20-37-136-25-27-79-21-77-23"
0.3,0.4,0.3,0.00347267596844448,0.0479177818413768,"101-67-46-63-94-94-45-33-43-28"
0.3,0.45,0.25,0.0712424773656185,0.0304080866165329,"21-44-47-36-194-41-200-120-26-38"
0.3,0.5,0.2,0.0483756245528321,0.0506164092188914,"35-74-36-48-149-174-166-25-41-166"
0.3,0.55,0.15,0.0312835722027706,0.0246164270724025,"57-129-63-37-41-25-108-101-76-62"
0.3,0.6,0.1,0.0285727044600616,0.0109762222018946,"21-173-49-32-21-46-186-153-59-23"
0.3,0.65,0.05,0.0415295044664826,0.0440462505551365,"40-172-61-59-68-50-62-31-131-129"
0.35,0.05,0.6,0.0719036407562922,0.0647451096666018,"43-28-117-69-25-27-24-133-21-174"
0.35,0.1,0.55,0.0266981057723799,0.0343745184994149,"23-61-55-70-51-199-150-124-53-105"
0.35,0.15,0.5,0.00719594486897361,0.0319507856241632,"65-93-106-160-48-93-41-37-120-63"
0.35,0.2,0.45,0.0260403778387469,0.022070119326191,"169-49-163-33-53-73-128-60-30-85"
0.35,0.25,0.4,0.00586759631397417,0.0220652622727505,"68-63-63-72-55-25-182-50-125-54"
0.35,0.3,0.35,0.09426991670466,0.0801846234406225,"75-24-32-56-121-27-20-35-108-40"
0.35,0.35,0.3,0.0852757816198105,0.0346770704564856,"133-48-95-91-73-141-151-84-164-91"
0.35,0.4,0.25,0.0194573038691653,0.0105770680947517,"157-144-123-179-155-115-142-73-38-123"
0.35,0.45,0.2,0.0310104204161775,0.0491021233767197,"37-86-174-30-20-63-104-121-183-26"
0.35,0.5,0.15,0.052705235549128,0.0330971797006387,"173-122-75-140-80-70-178-104-27-75"
0.35,0.55,0.1,0.0425278433917187,0.0456125966423816,"49-83-124-178-128-32-30-128-103-42"
0.35,0.6,0.05,0.0393068080081513,0.0279715852184914,"26-121-85-51-74-42-60-62-93-164"
0.4,0.05,0.55,0.0247238012012426,0.0376956249127405,"78-22-43-195-61-32-181-54-53-165"
0.4,0.1,0.5,0.0289652259085524,0.018439410357646,"45-28-37-148-91-128-74-137-88-117"
0.4,0.15,0.45,0.0369663931688921,0.00593610571216161,"49-94-83-24-63-98-131-60-45-42"
0.4,0.2,0.4,0.0138111685541167,0.0329367221392233,"50-21-60-128-23-58-134-55-70-192"
0.4,0.25,0.35,0.0889142279045295,0.0397167385118141,"57-97-61-71-28-151-170-31-62-25"
0.4,0.3,0.3,0.0704633670330856,0.0361051568415813,"36-37-99-61-23-47-80-62-25-50"
0.4,0.35,0.25,0.0112584451343376,0.00634611878955469,"39-31-50-161-122-100-68-131-175-194"
0.4,0.4,0.2,0.0915046480334713,0.061254320244364,"92-31-140-21-26-35-54-36-55-49"
0.4,0.45,0.15,0.089820311767029,0.0604672603129743,"114-54-34-96-156-158-175-30-138-34"
0.4,0.5,0.1,0.0223867657832205,0.0176955864068562,"44-41-56-33-46-143-56-41-160-101"
0.4,0.55,0.05,0.0321775957086639,0.0160393740384145,"87-186-37-32-74-27-95-131-68-159"
0.45,0.05,0.5,0.0869453755856607,0.00142755650324794,"78-50-108-53-22-174-23-121-35-27"
0.45,0.1,0.45,0.00270041760779636,0.0805093187199823,"58-33-34-71-64-134-78-28-76-93"
0.45,0.15,0.4,0.0386437527965918,0.0637864491773581,"99-45-120-37-143-35-172-28-79-50"
0.45,0.2,0.35,0.0317393225996315,0.0419739372678247,"189-79-81-31-66-60-159-84-70-52"
0.45,0.25,0.3,0.0351590102152155,0.0356363001334113,"181-38-162-165-101-83-25-199-100-70"
0.45,0.3,0.25,0.0753079378982075,0.0221227332933078,"118-42-198-102-76-27-137-63-70-133"
0.45,0.35,0.2,0.0450308634258285,0.0453285676558481,"32-99-21-40-43-106-73-66-31-142"
0.45,0.4,0.15,0.0378437350482056,0.050215423713815,"60-84-84-117-32-21-101-34-63-115"
0.45,0.45,0.1,0.0381994820420607,0.0106324423622844,"88-72-170-34-91-149-47-32-24-168"
0.45,0.5,0.05,0.0171899153943384,0.0315000081164956,"62-49-43-20-52-45-37-170-22-98"
0.5,0.05,0.45,0.0746242058115453,0.042708555789194,"67-24-66-56-30-102-79-91-23-31"
0.5,0.1,0.4,0.0381887608213768,0.0259578004589022,"68-143-85-82-25-47-44-138-172-189"
0.5,0.15,0.35,0.0253057219281249,0.0487846823762265,"175-60-45-33-169-69-75-36-107-61"
0.5,0.2,0.3,0.0085617774978986,0.0292085184752121,"43-168-86-144-180-108-60-52-64-154"
0.5,0.25,0.25,0.0387074752874232,0.00900306027536245,"46-110-58-190-40-33-166-62-93-112"
0.5,0.3,0.2,0.025595816231317,0.047402588382837,"40-67-36-72-64-44-47-30-26-182"
0.5,0.35,0.15,0.0467990515204241,0.0267910787910664,"49-47-31-67-38-32-114-23-175-184"
0.5,0.4,0.1,0.0142356588633313,0.0120008754843298,"78-25-28-51-59-34-24-37-114-46"
0.5,0.45,0.05,0.0585312463601954,0.0505477590827549,"42-35-81-189-199-40-107-102-72-48"
0.55,0.05,0.4,0.0154346273258129,0.0565285069368912,"49-140-173-126-144-22-44-70-54-148"
0.55,0.1,0.35,0.0255209939355927,0.0435159160985736,"48-44-152-21-60-35-182-42-153-58"
0.55,0.15,0.3,0.0751671664174495,0.0133332189631621,"26-20-33-108-87-54-70-122-120-100"
0.55,0.2,0.25,0.0513483946755879,0.0529933067877964,"25-66-42-40-67-26-43-153-48-45"
0.55,0.25,0.2,0.0660709914606428,0.0361470669624626,"107-61-98-20-23-60-157-93-41-71"
0.55,0.3,0.15,0.0317808344379956,0.0170059262615182,"28-108-39-23-39-96-79-141-89-96"
0.55,0.35,0.1,0.0413069648288765,0.050420976504787,"24-45-39-193-40-103-23-108-192-72"
0.55,0.4,0.05,0.0981981326243047,0.0136943117842208,"88-101-28-28-37-54-21-32-125-29"
0.6,0.05,0.35,0.0271267429801699,0.0288002540769485,"60-63-30-91-85-25-82-51-91-153"
0.6,0.1,0.3,0.0279393660736226,0.028746730655872,"138-27-50-182-98-84-107-25-56-55"
0.6,0.15,0.25,0.0125547589258068,0.0507774975025488,"31-61-22-62-20-135-25-93-164-89"
0.6,0.2,0.2,0.0689035685541543,0.0652046023397802,"43-85-36-21-21-25-44-25-181-72"
0.6,0.25,0.15,0.043033409483012,0.0222479311863755,"87-100-31-48-49-28-167-47-78-21"
0.6,0.3,0.1,0.055642552383442,0.0568372458427478,"20-151-22-35-20-43-165-50-26-50"
0.6,0.35,0.05,0.0463571149432236,0.0431200614991531,"29-20-88-26-67-21-69-164-87-188"
0.65,0.05,0.3,0.021440278065881,0.0285313207421972,"77-58-112-86-20-116-130-21-39-49"
0.65,0.1,0.25,0.0243285089608046,0.0460003355851274,"68-29-191-180-139-168-26-69-45-45"
0.65,0.15,0.2,0.0672439770728382,0.0508009747042953,"67-43-191-73-84-22-25-139-45-28"
0.65,0.2,0.15,0.0402399233287972,0.0585253707418571,"24-21-32-29-100-73-190-36-55-24"
0.65,0.25,0.1,0.0371217395007646,0.0453019028938593,"25-28-23-47-137-59-28-74-117-36"
0.65,0.3,0.05,0.107213464913993,0.0470131776498005,"69-65-110-166-23-21-123-74-169-37"
0.7,0.05,0.25,0.0382959704857361,0.0578503554860184,"111-57-169-151-77-78-65-93-69-61"
0.7,0.1,0.2,0.0662526526701069,0.0492084216514789,"161-145-73-182-21-70-156-28-141-55"
0.7,0.15,0.15,0.0374874992039768,0.0606664607206965,"64-49-43-29-184-29-70-132-20-162"
0.7,0.2,0.1,0.0361950313601641,0.0366634415376044,"45-144-138-58-156-34-50-21-53-30"
0.7,0.25,0.05,0.0258651615626722,0.0432983343607283,"85-24-132-27-69-23-35-21-112-26"
0.75,0.05,0.2,0.0725587304268588,0.0638664569476863,"83-163-51-119-181-143-47-127-24-49"
0.75,0.1,0.15,0.00318321526715367,0.0426868744021865,"31-32-22-121-55-40-160-147-155-23"
0.75,0.15,0.1,0.0236019920392377,0.00497963847182372,"62-124-102-89-151-105-29-41-89-72"
0.75,0.2,0.05,0.056114838837592,0.0413926418331412,"148-56-141-22-100-29-49-102-70-43"
0.8,0.05,0.15,0.0485721067736199,0.021954174577334,"54-113-77-81-38-88-91-53-62-36"
0.8,0.1,0.1,0.0178099994569834,0.00883477900452804,"156-63-134-30-70-144-73-170-28-151"
0.8,0.15,0.05,0.0319395584967742,0.0196642479376745,"102-51-74-51-154-44-145-70-27-142"
0.85,0.05,0.1,0.0212194684066123,0.0221745510916054,"66-34-30-135-66-163-44-53-143-166"
0.85,0.1,0.05,0.07915789385876,0.0306130701896211,"108-95-199-88-38-106-137-118-32-158"
0.9,0.05,0.05,0.0340174494586449,0.00790938489876802,"26-55-40-35-24-34-108-87-45-131"
